{
  "backend_path": "sources/wip/torchtitan/torchtitan/models/deepseek_v4/sparse_mla_shared_kv_triton_forward_backend.py",
  "boundary_route_fanin": {
    "actual_compressed": {
      "gini": 0.38915823461643767,
      "max": 3499,
      "mean_all_rows": 1535.5,
      "mean_nonzero_rows": 1535.5,
      "min": 1,
      "min_nonzero": 1,
      "nonzero_rows": 1024,
      "p50_all_rows": 1420.5,
      "p50_nonzero_rows": 1420.5,
      "p90_all_rows": 3059.1000000000004,
      "p90_nonzero_rows": 3059.1000000000004,
      "p99_all_rows": 3413.16,
      "p99_nonzero_rows": 3413.16,
      "rows": 1024,
      "top16_share": 0.035047495726147834,
      "top1_share": 0.002225328679583198,
      "top64_share": 0.13582136824324326,
      "top8_share": 0.017700871051774668,
      "total_selections": 1572352,
      "zero_rows": 0
    },
    "actual_vs_prefix_total_selection_ratio": 1.0,
    "atomic_estimates": {
      "block_h_16": {
        "actual_atomic_add_elements": 3220176896,
        "head_blocks": 4,
        "prefix_atomic_add_elements": 3220176896
      },
      "block_h_64": {
        "actual_atomic_add_elements": 805044224,
        "head_blocks": 1,
        "prefix_atomic_add_elements": 805044224
      }
    },
    "compress_ratio": 4,
    "compressed_groups": 1024,
    "prefix_compressed_same_topk": {
      "gini": 0.5555734339384565,
      "max": 4093,
      "mean_all_rows": 1535.5,
      "mean_nonzero_rows": 3071.0,
      "min": 0,
      "min_nonzero": 2049,
      "nonzero_rows": 512,
      "p50_all_rows": 1024.5,
      "p50_nonzero_rows": 3071.0,
      "p90_all_rows": 3683.8,
      "p90_nonzero_rows": 3888.6000000000004,
      "p99_all_rows": 4052.08,
      "p99_nonzero_rows": 4072.56,
      "rows": 1024,
      "top16_share": 0.04134443178117877,
      "top1_share": 0.0026031066834907197,
      "top64_share": 0.16147020514490393,
      "top8_share": 0.020753622598502115,
      "total_selections": 1572352,
      "zero_rows": 512
    },
    "read": "Actual LightningIndexer top-k fan-in is counted per compressed group from the TorchTitan-shaped boundary tensors. Prefix stats are the structured route used by earlier synthetic dKV probes at the same top-k; matching totals do not imply matching topology.",
    "topk": 512,
    "valid_selected_per_query": {
      "gini": 0.22245742365577173,
      "max": 512,
      "mean_all_rows": 383.875,
      "mean_nonzero_rows": 384.15636452479845,
      "min": 0,
      "min_nonzero": 1,
      "nonzero_rows": 4093,
      "p50_all_rows": 512.0,
      "p50_nonzero_rows": 512.0,
      "p90_all_rows": 512.0,
      "p90_nonzero_rows": 512.0,
      "p99_all_rows": 512.0,
      "p99_nonzero_rows": 512.0,
      "rows": 4096,
      "top16_share": 0.005210029306414849,
      "top1_share": 0.00032562683165092806,
      "top64_share": 0.020840117225659396,
      "top8_share": 0.0026050146532074245,
      "total_selections": 1572352,
      "zero_rows": 3
    }
  },
  "correctness": {
    "candidate_norm": null,
    "checked": false,
    "dkv_atol": 1.0,
    "max_abs_diff": null,
    "mean_abs_diff": null,
    "passed": null,
    "reference_norm": null
  },
  "device": "cuda",
  "dtype": "bfloat16",
  "gate": {
    "beats_retained_gate": null,
    "candidate_full_ms": null,
    "candidate_vs_retained_speedup_x": null,
    "dkv_only_full_ms": 11.556740760803223,
    "dkv_only_global_accum_ms": 5.120883941650391,
    "dkv_only_sink_ms": 6.435856819152832,
    "matched_single_token_full_ms": 11.076744079589844,
    "matched_single_token_no_dkv_ms": 1.990291953086853,
    "retained_single_token_full_ms": 11.1347,
    "split_schedule_beats_matched_single_token": false,
    "split_schedule_candidate_ms": 13.547032713890076,
    "split_schedule_vs_matched_single_token_speedup_x": 0.8176509434595673
  },
  "layer_id": 2,
  "prototype": {
    "block_d": 128,
    "block_h": 64,
    "block_n": 64,
    "known_limitations": [
      "BLOCK_T=4 currently implements dKV-only timing modes",
      "BLOCK_T=8 is not implemented by this file yet",
      "route reduction is dense N-by-N inside the epilogue",
      "does not reduce duplicates within a token because LI topk is expected unique",
      "the measured epilogue reduction is within the active N64 selected window, not a selected512 route cache"
    ],
    "local_grouping": "exact adjacent-token group-id sidecar reduction inside each selected window; later-token rows whose group appears in an earlier token in the tile are folded before global dKV atomic_add",
    "token_block": 4
  },
  "read": "Actual LI source-boundary Triton BLOCK_T=4 gate. This keeps the H64/N64/D128 query-recompute math and uses the forward-known compressed group ids as an epilogue sidecar to fold adjacent-token duplicate dKV destinations before final global atomics.",
  "scope": "sparse_mla_shared_latent_kv_actual_li_query_recompute_token4_profile",
  "seed": 1234,
  "shape": {
    "batch": 1,
    "compress_ratio": 4,
    "compressed_groups": 1024,
    "dim": 512,
    "heads": 64,
    "kv_len": 5120,
    "seq_len": 4096,
    "topk": 512,
    "valid_pairs": 1572352
  },
  "status": "not_checked",
  "tile_write_model": {
    "baseline_atomic_add_elements": 805044224,
    "baseline_valid_pairs": 1572352,
    "coalesced_atomic_add_elements": 666510336,
    "coalesced_unique_groups": 1301778,
    "d_block": 128,
    "d_blocks_per_full_dim": 4,
    "nonempty_tiles": 6400,
    "read": "baseline elements model the current query-major per-selected-group dKV writes. Coalesced elements model one write per unique compressed group per token/selected tile and D block.",
    "route_atomic_reduction_x": 1.2078495718932107,
    "selected_block": 64,
    "tiles": 8192,
    "token_block": 4,
    "unique_groups_per_tile": {
      "max": 245,
      "mean": 158.908447265625,
      "p50": 211.0,
      "p90": 231.0,
      "p99": 238.0
    },
    "valid_pairs_per_tile": {
      "max": 256,
      "mean": 191.9375,
      "p50": 256.0,
      "p90": 256.0,
      "p99": 256.0
    }
  },
  "timing": {
    "dkv_only_full": {
      "checksum_norm": 960.2518920898438,
      "event": {
        "enabled": true,
        "max_ms": 11.73342227935791,
        "mean_ms": 11.582637214660645,
        "median_ms": 11.556740760803223,
        "min_ms": 11.520820617675781,
        "samples_ms": [
          11.73342227935791,
          11.556740760803223,
          11.534741401672363,
          11.520820617675781,
          11.567461013793945
        ],
        "stdev_ms": 0.08624439068062917
      },
      "label": "query_recompute_token4_dkv_only_full",
      "peak_memory_allocated_bytes": 1679824384,
      "peak_memory_allocated_gib": 1.5644583702087402,
      "wall": {
        "enabled": true,
        "max_ms": 11.814828962087631,
        "mean_ms": 11.612571869045496,
        "median_ms": 11.574631091207266,
        "min_ms": 11.536990059539676,
        "samples_ms": [
          11.814828962087631,
          11.574631091207266,
          11.553390184417367,
          11.536990059539676,
          11.58301904797554
        ],
        "stdev_ms": 0.11449441609268018
      }
    },
    "dkv_only_sink": {
      "checksum_norm": 5594.482421875,
      "event": {
        "enabled": true,
        "max_ms": 6.948380947113037,
        "mean_ms": 6.510953330993653,
        "median_ms": 6.435856819152832,
        "min_ms": 6.262735843658447,
        "samples_ms": [
          6.594417095184326,
          6.948380947113037,
          6.435856819152832,
          6.313375949859619,
          6.262735843658447
        ],
        "stdev_ms": 0.2759516932010965
      },
      "label": "query_recompute_token4_dkv_only_sink",
      "peak_memory_allocated_bytes": 1669468160,
      "peak_memory_allocated_gib": 1.5548133850097656,
      "wall": {
        "enabled": true,
        "max_ms": 6.990915862843394,
        "mean_ms": 6.555127212777734,
        "median_ms": 6.494717206805944,
        "min_ms": 6.278689019382,