{
  "arch": "gfx950",
  "artifact": "actual_li_compressed_dkv_ck_route_grid_probe",
  "backend_path": "sources/wip/torchtitan/torchtitan/models/deepseek_v4/sparse_mla_shared_kv_triton_forward_backend.py",
  "boundary_route_fanin": {
    "actual_compressed": {
      "gini": 0.38915823461643767,
      "max": 3499,
      "mean_all_rows": 1535.5,
      "mean_nonzero_rows": 1535.5,
      "min": 1,
      "min_nonzero": 1,
      "nonzero_rows": 1024,
      "p50_all_rows": 1420.5,
      "p50_nonzero_rows": 1420.5,
      "p90_all_rows": 3059.1000000000004,
      "p90_nonzero_rows": 3059.1000000000004,
      "p99_all_rows": 3413.16,
      "p99_nonzero_rows": 3413.16,
      "rows": 1024,
      "top16_share": 0.035047495726147834,
      "top1_share": 0.002225328679583198,
      "top64_share": 0.13582136824324326,
      "top8_share": 0.017700871051774668,
      "total_selections": 1572352,
      "zero_rows": 0
    },
    "actual_vs_prefix_total_selection_ratio": 1.0,
    "atomic_estimates": {
      "block_h_16": {
        "actual_atomic_add_elements": 3220176896,
        "head_blocks": 4,
        "prefix_atomic_add_elements": 3220176896
      },
      "block_h_64": {
        "actual_atomic_add_elements": 805044224,
        "head_blocks": 1,
        "prefix_atomic_add_elements": 805044224
      }
    },
    "compress_ratio": 4,
    "compressed_groups": 1024,
    "prefix_compressed_same_topk": {
      "gini": 0.5555734339384565,
      "max": 4093,
      "mean_all_rows": 1535.5,
      "mean_nonzero_rows": 3071.0,
      "min": 0,
      "min_nonzero": 2049,
      "nonzero_rows": 512,
      "p50_all_rows": 1024.5,
      "p50_nonzero_rows": 3071.0,
      "p90_all_rows": 3683.8,
      "p90_nonzero_rows": 3888.6000000000004,
      "p99_all_rows": 4052.08,
      "p99_nonzero_rows": 4072.56,
      "rows": 1024,
      "top16_share": 0.04134443178117877,
      "top1_share": 0.0026031066834907197,
      "top64_share": 0.16147020514490393,
      "top8_share": 0.020753622598502115,
      "total_selections": 1572352,
      "zero_rows": 512
    },
    "read": "Actual LightningIndexer top-k fan-in is counted per compressed group from the TorchTitan-shaped boundary tensors. Prefix stats are the structured route used by earlier synthetic dKV probes at the same top-k; matching totals do not imply matching topology.",
    "topk": 512,
    "valid_selected_per_query": {
      "gini": 0.22245742365577173,
      "max": 512,
      "mean_all_rows": 383.875,
      "mean_nonzero_rows": 384.15636452479845,
      "min": 0,
      "min_nonzero": 1,
      "nonzero_rows": 4093,
      "p50_all_rows": 512.0,
      "p50_nonzero_rows": 512.0,
      "p90_all_rows": 512.0,
      "p90_nonzero_rows": 512.0,
      "p99_all_rows": 512.0,
      "p99_nonzero_rows": 512.0,
      "rows": 4096,
      "top16_share": 0.005210029306414849,
      "top1_share": 0.00032562683165092806,
      "top64_share": 0.020840117225659396,
      "top8_share": 0.0026050146532074245,
      "total_selections": 1572352,
      "zero_rows": 3
    }
  },
  "build_seconds": 22.235052139963955,
  "compact_metadata": {
    "compact_rows": 262406,
    "dense_rows": 524288,
    "dense_slot_overhead_x": 1.998003094441438,
    "max_active_groups": 1020,
    "nonempty_tiles": 512,
    "route_tiles": 512
  },
  "derived": {
    "compact_direct_valid_partial_emit_reduce_vs_compact_partial_emit_reduce_speedup_x": null,
    "compact_direct_valid_partial_emit_reduce_vs_grouped_atomic_speedup_x": null,
    "compact_direct_valid_partial_emit_reduce_vs_raw_speedup_x": null,
    "compact_direct_valid_partial_emit_vs_grouped_atomic_speedup_x": null,
    "compact_direct_valid_partial_emit_vs_raw_speedup_x": null,
    "compact_pairslot_accum_sink_minus_contrib_sink_ms": null,
    "compact_pairslot_accum_sink_vs_raw_speedup_x": null,
    "compact_pairslot_atomic_minus_accum_sink_ms": null,
    "compact_pairslot_atomic_vs_compact_direct_valid_emit_reduce_speedup_x": null,
    "compact_pairslot_atomic_vs_compact_partial_emit_reduce_speedup_x": null,
    "compact_pairslot_atomic_vs_grouped_atomic_speedup_x": null,
    "compact_pairslot_atomic_vs_raw_speedup_x": null,
    "compact_pairslot_padded_accum_sink_minus_contrib_sink_ms": null,
    "compact_pairslot_padded_accum_sink_vs_raw_speedup_x": null,
    "compact_pairslot_padded_accum_sink_vs_unpadded_speedup_x": null,
    "compact_pairslot_padded_atomic_minus_padded_accum_sink_ms": null,
    "compact_pairslot_padded_atomic_vs_raw_speedup_x": null,
    "compact_pairslot_padded_atomic_vs_unpadded_speedup_x": null,
    "compact_pairslot_partial_emit_reduce_vs_pairslot_atomic_speedup_x": null,
    "compact_pairslot_partial_emit_reduce_vs_raw_speedup_x": null,
    "compact_pairslot_partial_emit_vs_pairslot_atomic_speedup_x": null,
    "compact_pairslot_partial_emit_vs_raw_speedup_x": null,
    "compact_partial_emit_reduce_vs_grouped_atomic_speedup_x": null,
    "compact_partial_emit_reduce_vs_raw_speedup_x": null,
    "compact_partial_emit_vs_grouped_atomic_speedup_x": null,
    "compact_partial_emit_vs_raw_speedup_x": null,
    "grouped_direct_unique_vs_grouped_atomic_speedup_x": null,
    "grouped_direct_unique_vs_raw_speedup_x": null,
    "grouped_direct_valid_vs_grouped_atomic_speedup_x": null,
    "grouped_direct_valid_vs_raw_speedup_x": null,
    "grouped_vs_raw_speedup_x": null,
    "raw_minus_contrib_sink_ms": -1.0300726890563965
  },
  "device": "AMD Instinct MI350X VF",
  "diagnostic_tensors": {
    "compact_pairslot_accum_sink": null,
    "compact_pairslot_padded_accum_sink": null
  },
  "dtype": {
    "accumulator": "float32",
    "inputs": "bfloat16",
    "materialized_grad_logits_scaled": "bfloat16",
    "materialized_probs": "bfloat16",
    "output": "float32"
  },
  "extension_dir": "/tmp/dsv4_compressed_dkv_ck_actual_li_route_grid",
  "input_stats": {
    "grad_logits_scaled": {
      "max_abs": 0.4375,
      "mean_abs": 0.0007376754656434059,
      "norm": 18.751115798950195
    },
    "grad_output": {
      "max_abs": 5.625,
      "mean_abs": 0.7978725433349609,
      "norm": 11585.27734375
    },
    "groups_max": 1023,
    "groups_min": -1,
    "invalid_pairs": 524800,
    "probs": {
      "max_abs": 0.66015625,
      "mean_abs": 0.00193906226195395,
      "norm": 41.17985534667969
    },
    "q": {
      "max_abs": 3.46875,
      "mean_abs": 0.46067434549331665,
      "norm": 6687.90771484375
    },
    "valid_pairs": 1572352
  },
  "parity": {
    "compact_direct_valid_partial_reduce": null,
    "compact_pairslot_atomic": null,
    "compact_pairslot_padded_atomic": null,
    "compact_pairslot_partial_reduce": null,
    "compact_partial_reduce": null,
    "group_panel_atomic": null,
    "grouped_atomic": null,
    "grouped_direct_unique": null,
    "grouped_direct_valid": null,
    "grouped_partial_reduce": null,
    "raw_atomic": {
      "candidate": {
        "max_abs": 43.87440490722656,
        "mean_abs": 0.7037004232406616,
        "norm": 960.2496948242188
      },
      "skipped_reference": true
    },
    "raw_vs_compact_direct_valid_partial_reduce_max_abs_diff": null,
    "raw_vs_compact_pairslot_atomic_max_abs_diff": null,
    "raw_vs_compact_pairslot_padded_atomic_max_abs_diff": null,
    "raw_vs_compact_pairslot_partial_reduce_max_abs_diff": null,
    "raw_vs_compact_partial_reduce_max_abs_diff": null,
    "raw_vs_group_panel_max_abs_diff": null,
    "raw_vs_grouped_direct_unique_max_abs_diff": null,
    "raw_vs_grouped_direct_valid_max_abs_diff": null,
    "raw_vs_grouped_max_abs_diff": null,
    "raw_vs_partial_reduce_max_abs_diff": null
  },
  "read": "Actual-LI adapter for the existing HIP/rocWMMA route-grid probe. It uses real TorchTitan LightningIndexer top_indices plus diagnostic materialized probs/grad_logits to test whether local grouped dKV accumulation helps on the actual route. The production target still must fuse probability/LI recompute and avoid these materialized [S,K,H] tensors.",
  "route_stats": {
    "baseline_atomic_add_elements": 805044224,