{
  "backend_path": "sources/wip/torchtitan/torchtitan/models/deepseek_v4/sparse_mla_shared_kv_triton_forward_backend.py",
  "boundary_route_fanin": {
    "actual_compressed": {
      "gini": 0.38915823461643767,
      "max": 3499,
      "mean_all_rows": 1535.5,
      "mean_nonzero_rows": 1535.5,
      "min": 1,
      "min_nonzero": 1,
      "nonzero_rows": 1024,
      "p50_all_rows": 1420.5,
      "p50_nonzero_rows": 1420.5,
      "p90_all_rows": 3059.1000000000004,
      "p90_nonzero_rows": 3059.1000000000004,
      "p99_all_rows": 3413.16,
      "p99_nonzero_rows": 3413.16,
      "rows": 1024,
      "top16_share": 0.035047495726147834,
      "top1_share": 0.002225328679583198,
      "top64_share": 0.13582136824324326,
      "top8_share": 0.017700871051774668,
      "total_selections": 1572352,
      "zero_rows": 0
    },
    "actual_vs_prefix_total_selection_ratio": 1.0,
    "atomic_estimates": {
      "block_h_16": {
        "actual_atomic_add_elements": 3220176896,
        "head_blocks": 4,
        "prefix_atomic_add_elements": 3220176896
      },
      "block_h_64": {
        "actual_atomic_add_elements": 805044224,
        "head_blocks": 1,
        "prefix_atomic_add_elements": 805044224
      }
    },
    "compress_ratio": 4,
    "compressed_groups": 1024,
    "prefix_compressed_same_topk": {
      "gini": 0.5555734339384565,
      "max": 4093,
      "mean_all_rows": 1535.5,
      "mean_nonzero_rows": 3071.0,
      "min": 0,
      "min_nonzero": 2049,
      "nonzero_rows": 512,
      "p50_all_rows": 1024.5,
      "p50_nonzero_rows": 3071.0,
      "p90_all_rows": 3683.8,
      "p90_nonzero_rows": 3888.6000000000004,
      "p99_all_rows": 4052.08,
      "p99_nonzero_rows": 4072.56,
      "rows": 1024,
      "top16_share": 0.04134443178117877,
      "top1_share": 0.0026031066834907197,
      "top64_share": 0.16147020514490393,
      "top8_share": 0.020753622598502115,
      "total_selections": 1572352,
      "zero_rows": 512
    },
    "read": "Actual LightningIndexer top-k fan-in is counted per compressed group from the TorchTitan-shaped boundary tensors. Prefix stats are the structured route used by earlier synthetic dKV probes at the same top-k; matching totals do not imply matching topology.",
    "topk": 512,
    "valid_selected_per_query": {
      "gini": 0.22245742365577173,
      "max": 512,
      "mean_all_rows": 383.875,
      "mean_nonzero_rows": 384.15636452479845,
      "min": 0,
      "min_nonzero": 1,
      "nonzero_rows": 4093,
      "p50_all_rows": 512.0,
      "p50_nonzero_rows": 512.0,
      "p90_all_rows": 512.0,
      "p90_nonzero_rows": 512.0,
      "p99_all_rows": 512.0,
      "p99_nonzero_rows": 512.0,
      "rows": 4096,
      "top16_share": 0.005210029306414849,
      "top1_share": 0.00032562683165092806,
      "top64_share": 0.020840117225659396,
      "top8_share": 0.0026050146532074245,
      "total_selections": 1572352,
      "zero_rows": 3
    }
  },
  "correctness": {
    "dkv_atol": 0.75,
    "max_abs_diff_index_add": 0.029561996459960938,
    "max_abs_diff_segment": 0.029575347900390625,
    "max_abs_diff_sort_index_add": 0.029588699340820312,
    "mean_abs_diff_segment": 9.624289668863639e-05,
    "passed": true,
    "reference_norm": 960.2538452148438,
    "segment_norm": 960.252197265625
  },
  "device": "cuda",
  "dtype": "bfloat16",
  "layer_id": 2,
  "math_dtype": "bfloat16",
  "read": "This diagnostic tests the branch implied by the bucket-reduce negative result: keep query-major selected-gradient production, materialize compact dKV partials, then compare flat index_add against sort+segment_reduce and sort+index_add. It is a floor, not a production kernel, because it materializes selected K/V, probabilities, and compact [valid_pairs,D] partials.",
  "scope": "sparse_mla_shared_latent_kv_actual_li_dkv_partial_reduce_floor",
  "seed": 1234,
  "shape": {
    "batch": 1,
    "compact_values_fp32_gib": 2.9990234375,
    "compress_ratio": 4,
    "compressed_groups": 1024,
    "dim": 512,
    "heads": 64,
    "kv_len": 5120,
    "max_pairs_per_group": 3499,
    "nonzero_groups": 1024,
    "p50_pairs_per_nonzero_group": 1420.5,
    "p99_pairs_per_nonzero_group": 3413.16015625,
    "seq_len": 4096,
    "topk": 512,
    "valid_pairs": 1572352
  },
  "status": "passed",
  "timing": {
    "produce_compact_selected_dkv_partials": {
      "checksum_norm": null,
      "event": {
        "enabled": false
      },
      "label": "produce_compact_selected_dkv_partials",
      "peak_memory_allocated_bytes": 4927262208,
      "peak_memory_allocated_gib": 4.588870525360107,
      "wall": {
        "enabled": false
      }
    },
    "reduce_index_add": {
      "checksum_norm": null,
      "event": {
        "enabled": false
      },
      "label": "reduce_index_add",
      "peak_memory_allocated_bytes": 4927262208,
      "peak_memory_allocated_gib": 4.588870525360107,
      "wall": {
        "enabled": false
      }
    },
    "reduce_sort_index_add": {
      "checksum_norm": null,
      "event": {
        "enabled": false
      },
      "label": "reduce_sort_index_add",
      "peak_memory_allocated_bytes": 4927262208,
      "peak_memory_allocated_gib": 4.588870525360107,
      "wall": {
        "enabled": false
      }
    },
    "reduce_sort_segment": {
      "checksum_norm": null,
      "event": {
        "enabled": false
      },
      "label": "reduce_sort_segment",
      "peak_memory_allocated_bytes": 4927262208,
      "peak_memory_allocated_gib": 4.588870525360107,
      "wall": {
        "enabled": false
      }
    }
  }
}
