{
  "artifact": "actual_li_group_panel_route_pack",
  "scope": "metadata_timing_for_prepacked_group_owned_compressed_dkv_routes",
  "status": "measured",
  "backend_path": "sources/wip/torchtitan/torchtitan/models/deepseek_v4/sparse_mla_shared_kv_triton_forward_backend.py",
  "device": "cuda",
  "dtype": "bf16",
  "seed": 1234,
  "layer_id": 2,
  "shape": {
    "batch": 1,
    "seq_len": 4096,
    "heads": 64,
    "dim": 512,
    "topk": 512,
    "compressed_groups": 1024,
    "compress_ratio": 4,
    "valid_pairs": 1572352
  },
  "rows": [
    {
      "token_block": 128,
      "group_panel": 512,
      "group_panels": 2,
      "token_tiles": 32,
      "pair_count": 1572352,
      "token_panel_segments": 6138,
      "output_group_rows": 16894,
      "k16_work_units": 101156,
      "k16_padded_pairs": 1618496,
      "k16_fill_x": 0.971489580449998,
      "avg_pairs_per_k16_work_unit": 15.543833287199968,
      "pairs_per_token_panel": {
        "count": 6138,
        "mean": 256.1668395996094,
        "p50": 256.0,
        "p90": 441.0,
        "p99": 504.0,
        "max": 512.0
      },
      "raw_write_elements": 805044224,
      "active_write_elements": 8649728,
      "write_reduction_x": 93.07162306144193,
      "raw_stream_mib": 3071.0,
      "active_stream_mib": 35.183349609375,
      "traffic_vs_raw_x": 87.28560623408345,
      "naive_panel_rescan_amplification_x": 2,
      "torch_pack_workspace_mib": 36.035118103027344,
      "production_int32_route_workspace_mib": 12.019512176513672,
      "read": "Pairs are sorted by (seq_tile, group_panel, token), so a group-owned kernel can consume only active panel routes instead of rescanning all top-k slots once per group panel. The output-group count sizes the reduced dKV row stream; this probe does not time dKV math.",
      "pack_timing": {
        "warmup_iters": 2,
        "timed_iters": 10,
        "wall": {
          "enabled": true,
          "samples_ms": [
            0.6147080566734076,
            0.5614779656752944,
            0.5632779793813825,
            0.5604679463431239,
            0.5585979670286179,
            0.5552379880100489,
            0.5753589794039726,
            0.5550880450755358,
            0.5470479372888803,
            0.5483180284500122
          ],
          "mean_ms": 0.5639580893330276,
          "median_ms": 0.5595329566858709,
          "min_ms": 0.5470479372888803,
          "max_ms": 0.6147080566734076,
          "stdev_ms": 0.01954580844627157
        },
        "event": {
          "enabled": true,
          "samples_ms": [
            0.5449650287628174,
            0.5210850238800049,
            0.5234040021896362,
            0.5210049748420715,
            0.5186039805412292,
            0.5173649787902832,
            0.5130050182342529,
            0.5153250098228455,
            0.5207650065422058,
            0.5229650139808655
          ],
          "mean_ms": 0.5218488037586212,
          "median_ms": 0.5208849906921387,
          "min_ms": 0.5130050182342529,
          "max_ms": 0.5449650287628174,
          "stdev_ms": 0.008768000171017717
        },
        "peak_memory_allocated_bytes": 1274234880,
        "peak_memory_allocated_gib": 1.1867237091064453,
        "checksum_prefix": 62318
      }
    },
    {
      "token_block": 256,
      "group_panel": 512,
      "group_panels": 2,
      "token_tiles": 16,
      "pair_count": 1572352,
      "token_panel_segments": 6138,
      "output_group_rows": 8703,
      "k16_work_units": 101156,
      "k16_padded_pairs": 1618496,
      "k16_fill_x": 0.971489580449998,
      "avg_pairs_per_k16_work_unit": 15.543833287199968,
      "pairs_per_token_panel": {
        "count": 6138,
        "mean": 256.1668395996094,
        "p50": 256.0,
        "p90": 441.0,
        "p99": 504.0,
        "max": 512.0
      },
      "raw_write_elements": 805044224,
      "active_write_elements": 4455936,
      "write_reduction_x": 180.6678156957371,
      "raw_stream_mib": 3071.0,
      "active_stream_mib": 18.1854248046875,
      "traffic_vs_raw_x": 168.871501929854,
      "naive_panel_rescan_amplification_x": 2,
      "torch_pack_workspace_mib": 36.035118103027344,
      "production_int32_route_workspace_mib": 12.019512176513672,
      "read": "Pairs are sorted by (seq_tile, group_panel, token), so a group-owned kernel can consume only active panel routes instead of rescanning all top-k slots once per group panel. The output-group count sizes the reduced dKV row stream; this probe does not time dKV math.",
      "pack_timing": {
        "warmup_iters": 2,
        "timed_iters": 10,
        "wall": {
          "enabled": true,
          "samples_ms": [
            0.5673879059031606,
            0.5520969862118363,
            0.5512590287253261,
            0.5591369699686766,
            0.5467779701575637,
            0.5510490154847503,
            0.5500380648300052,
            0.5514989607036114,
            0.552188022993505,
            0.5444179987534881
          ],
          "mean_ms": 0.5525850923731923,
          "median_ms": 0.5513789947144687,
          "min_ms": 0.5444179987534881,
          "max_ms": 0.5673879059031606,
          "stdev_ms": 0.00645200567507964
        },
        "event": {
          "enabled": true,
          "samples_ms": [
            0.5339239835739136,
            0.5249649882316589,
            0.524403989315033,
            0.5332850217819214,
            0.5208449959754944,
            0.5270439982414246,
            0.5238440036773682,
            0.5228449702262878,
            0.5220450162887573,
            0.5184040069580078
          ],
          "mean_ms": 0.5251604974269867,
          "median_ms": 0.5241239964962006,
          "min_ms": 0.5184040069580078,
          "max_ms": 0.5339239835739136,
          "stdev_ms": 0.00503365837908576
        },
        "peak_memory_allocated_bytes": 1274234880,
        "peak_memory_allocated_gib": 1.1867237091064453,
        "checksum_prefix": 62318
      }
    }
  ],
  "ranked": [
    {
      "token_block": 128,
      "group_panel": 512,
      "group_panels": 2,
      "token_tiles": 32,
      "pair_count": 1572352,
      "token_panel_segments": 6138,
      "output_group_rows": 16894,
      "k16_work_units": 101156,
      "k16_padded_pairs": 1618496,
      "k16_fill_x": 0.971489580449998,
      "avg_pairs_per_k16_work_unit": 15.543833287199968,
      "pairs_per_token_panel": {
        "count": 6138,
        "mean": 256.1668395996094,
        "p50": 256.0,
        "p90": 441.0,
        "p99": 504.0,
        "max": 512.0
      },
      "raw_write_elements": 805044224,
      "active_write_elements": 8649728,
      "write_reduction_x": 93.07162306144193,
      "raw_stream_mib": 3071.0,
      "active_stream_mib": 35.183349609375,
      "traffic_vs_raw_x": 87.28560623408345,
      "naive_panel_rescan_amplification_x": 2,
      "torch_pack_workspace_mib": 36.035118103027344,
      "production_int32_route_workspace_mib": 12.019512176513672,
      "read": "Pairs are sorted by (seq_tile, group_panel, token), so a group-owned kernel can consume only active panel routes instead of rescanning all top-k slots once per group panel. The output-group count sizes the reduced dKV row stream; this probe does not time dKV math.",
      "pack_timing": {
        "warmup_iters": 2,
        "timed_iters": 10,
        "wall": {
          "enabled": true,
          "samples_ms": [
            0.6147080566734076,
            0.5614779656752944,
            0.5632779793813825,
            0.5604679463431239,
            0.5585979670286179,
            0.5552379880100489,
            0.5753589794039726,
            0.5550880450755358,
            0.5470479372888803,
            0.5483180284500122
          ],
          "mean_ms": 0.5639580893330276,
          "median_ms": 0.5595329566858709,
          "min_ms": 0.5470479372888803,
          "max_ms": 0.6147080566734076,
          "stdev_ms": 0.01954580844627157
        },