{
  "artifact": "compressed_dkv_rocprim_reduce_by_key_floor",
  "scope": "compressed_shared_kv_dkv_vec16_reduce_by_group",
  "arch": "gfx950",
  "torch_version": "2.13.0a0+gitccf72d7",
  "torch_hip": "7.2.53211",
  "device": "AMD Instinct MI350X VF",
  "mode": "random_sort_reduce",
  "value_kind": "vec16",
  "seed": 1234,
  "num_pairs": 2112928,
  "d_tile": 16,
  "num_items": 2112928,
  "groups": 32768,
  "key_space": 32768,
  "full_d512_multiplier": 32.0,
  "build_seconds": 0.41498895501717925,
  "extension_dir": "/workspace/torch_extensions/rocprim_reduce_by_key_compact_v1",
  "effective_torch_extensions_dir": "/workspace/torch_extensions/rocprim_reduce_by_key_compact_v1",
  "workspace": {
    "temp_bytes": 1339524,
    "resident_tensor_bytes": 432376840,
    "resident_tensor_gib": 0.4026823118329048
  },
  "parity": null,
  "timings": {
    "reduce_only_sorted_keys": {
      "samples_ms": [
        0.4524860084056854,
        0.4557259976863861,
        0.4578459858894348,
        0.43700599670410156,
        0.43676599860191345,
        0.4491659998893738,
        0.44396600127220154,
        0.44528600573539734,
        0.4465259909629822,
        0.45264700055122375,
        0.44260600209236145,
        0.44976601004600525,
        0.45524701476097107,
        0.4632059931755066,
        0.440885990858078,
        0.4406059980392456,
        0.46192601323127747,
        0.44768598675727844,
        0.4435259997844696,
        0.4525260031223297
      ],
      "median_ms": 0.4484259933233261,
      "min_ms": 0.43676599860191345,
      "max_ms": 0.4632059931755066,
      "p90_ms": 0.4582539886236191,
      "timed_iters": 20,
      "warmup_iters": 5
    },
    "torch_sort_only": {
      "samples_ms": [
        0.18044300377368927,
        0.1613219976425171,
        0.16404299437999725,
        0.162882000207901,
        0.16136200726032257,
        0.16668200492858887,
        0.17116199433803558,
        0.16352200508117676,
        0.1674019992351532,
        0.16268199682235718,
        0.16616199910640717,
        0.16668200492858887,
        0.1623619943857193,
        0.16384199261665344,
        0.16408200562000275,
        0.16464300453662872,
        0.16536200046539307,
        0.16564300656318665,
        0.1639620065689087,
        0.16216300427913666
      ],
      "median_ms": 0.1640625,
      "min_ms": 0.1613219976425171,
      "max_ms": 0.18044300377368927,
      "p90_ms": 0.16777799874544144,
      "timed_iters": 20,
      "warmup_iters": 5
    },
    "torch_sort_reorder_values": {
      "samples_ms": [
        0.6770089864730835,
        0.6691290140151978,
        0.665569007396698,
        0.6696490049362183,
        0.6664490103721619,
        0.668129026889801,
        0.6662889719009399,
        0.661208987236023,
        0.661208987236023,
        0.6560490131378174,
        0.6585279703140259,
        0.6552090048789978,
        0.6565290093421936,
        0.6525689959526062,
        0.6593289971351624,
        0.6621689796447754,
        0.666329026222229,
        0.6692889928817749,
        0.6602489948272705,
        0.6579689979553223
      ],
      "median_ms": 0.6616889834403992,
      "min_ms": 0.6525689959526062,
      "max_ms": 0.6770089864730835,
      "p90_ms": 0.6693249940872192,
      "timed_iters": 20,
      "warmup_iters": 5
    },
    "torch_sort_reorder_values_plus_reduce": {
      "samples_ms": [
        1.1290149688720703,
        1.1051750183105469,
        1.1060550212860107,
        1.1110550165176392,
        1.1112149953842163,
        1.0934950113296509,
        1.1163749694824219,
        1.1107350587844849,
        1.1071350574493408,
        1.1035350561141968,
        1.116974949836731,
        1.0912549495697021,
        1.11101496219635,
        1.1100150346755981,
        1.1090149879455566,
        1.0953739881515503,
        1.0971750020980835,
        1.0919740200042725,
        1.0874940156936646,
        1.1101340055465698
      ],
      "median_ms": 1.1080750226974487,
      "min_ms": 1.0874940156936646,
      "max_ms": 1.1290149688720703,
      "p90_ms": 1.1164349675178526,
      "timed_iters": 20,
      "warmup_iters": 5
    }
  },
  "extrapolated": {
    "full_d512_reduce_only_ms": 14.349631786346436,
    "full_d512_sort_reorder_reduce_ms": 35.45840072631836
  },
  "read": "This is a primitive-floor diagnostic for reducing compressed dKV contributions. scalar mode keys every compressed-group/D scalar; vec16 mode keys route pairs and reduces a D16 float vector payload. It excludes sparse-MLA contribution math. sorted_balanced is an optimistic lower bound where route keys are already grouped; random_sort_reduce includes PyTorch/ROCm sort and value reorder overhead before rocPRIM reduce_by_key."
}
