{
  "blas_backend_effective": "Cublaslt",
  "blas_backend_request": "current",
  "experts": 1,
  "layout": "actual",
  "max_tuning_duration_ms": 1,
  "max_tuning_iters": 1,
  "ops": [
    {
      "a_meta": {
        "is_contiguous": true,
        "shape": [
          1,
          12288,
          7168
        ],
        "stride": [
          88080384,
          7168,
          1
        ]
      },
      "a_shape": [
        1,
        12288,
        7168
      ],
      "b_meta": {
        "is_contiguous": false,
        "shape": [
          1,
          7168,
          3072
        ],
        "stride": [
          22020096,
          1,
          7168
        ]
      },
      "b_shape": [
        1,
        7168,
        3072
      ],
      "dtype": "bfloat16",
      "flops": 541165879296.0,
      "layout": "actual",
      "op": "fwd_w1",
      "tflops_median": 1202.7940023860351,
      "timings": {
        "fwd_w1_ms_max": 0.48936399817466736,
        "fwd_w1_ms_mean": 0.4380359947681427,
        "fwd_w1_ms_median": 0.4499239921569824,
        "fwd_w1_ms_min": 0.39252299070358276
      }
    },
    {
      "a_meta": {
        "is_contiguous": true,
        "shape": [
          1,
          12288,
          7168
        ],
        "stride": [
          88080384,
          7168,
          1
        ]
      },
      "a_shape": [
        1,
        12288,
        7168
      ],
      "b_meta": {
        "is_contiguous": true,
        "shape": [
          1,
          7168,
          3072
        ],
        "stride": [
          22020096,
          3072,
          1
        ]
      },
      "b_shape": [
        1,
        7168,
        3072
      ],
      "dtype": "bfloat16",
      "flops": 541165879296.0,
      "layout": "actual",
      "op": "w2_dgrad",
      "tflops_median": 1242.7909961975313,
      "timings": {
        "w2_dgrad_ms_max": 0.4626440107822418,
        "w2_dgrad_ms_mean": 0.4371717989444733,
        "w2_dgrad_ms_median": 0.4354439973831177,
        "w2_dgrad_ms_min": 0.411202996969223
      }
    },
    {
      "a_meta": {
        "is_contiguous": true,
        "shape": [
          1,
          12288,
          3072
        ],
        "stride": [
          37748736,
          3072,
          1
        ]
      },
      "a_shape": [
        1,
        12288,
        3072
      ],
      "b_meta": {
        "is_contiguous": true,
        "shape": [
          1,
          3072,
          7168
        ],
        "stride": [
          22020096,
          7168,
          1
        ]
      },
      "b_shape": [
        1,
        3072,
        7168
      ],
      "dtype": "bfloat16",
      "flops": 1082331758592.0,
      "layout": "actual",
      "op": "w1w3_xgrad",
      "tflops_median": 1019.5960214958002,
      "timings": {
        "w1w3_xgrad_ms_max": 1.0967299938201904,
        "w1w3_xgrad_ms_mean": 1.062641978263855,
        "w1w3_xgrad_ms_median": 1.0615299940109253,
        "w1w3_xgrad_ms_min": 1.018090009689331
      }
    },
    {
      "a_meta": {
        "is_contiguous": false,
        "shape": [
          1,
          7168,
          12288
        ],
        "stride": [
          88080384,
          1,
          7168
        ]
      },
      "a_shape": [
        1,
        7168,
        12288
      ],
      "b_meta": {
        "is_contiguous": true,
        "shape": [
          1,
          12288,
          3072
        ],
        "stride": [
          37748736,
          3072,
          1
        ]
      },
      "b_shape": [
        1,
        12288,
        3072
      ],
      "dtype": "bfloat16",
      "flops": 541165879296.0,
      "layout": "actual",
      "op": "w2_wgrad",
      "tflops_median": 903.3810458505317,
      "timings": {
        "w2_wgrad_ms_max": 0.6047250032424927,
        "w2_wgrad_ms_mean": 0.5921567916870117,
        "w2_wgrad_ms_median": 0.5990449786186218,
        "w2_wgrad_ms_min": 0.5684840083122253
      }
    },
    {
      "a_meta": {
        "is_contiguous": false,
        "shape": [
          1,
          3072,
          12288
        ],
        "stride": [
          37748736,
          1,
          3072
        ]
      },
      "a_shape": [
        1,
        3072,
        12288
      ],
      "b_meta": {
        "is_contiguous": true,
        "shape": [
          1,
          12288,
          7168
        ],
        "stride": [
          88080384,
          7168,
          1
        ]
      },
      "b_shape": [
        1,
        12288,
        7168
      ],
      "dtype": "bfloat16",
      "flops": 541165879296.0,
      "layout": "actual",
      "op": "w1_wgrad",
      "tflops_median": 961.4146626231974,
      "timings": {
        "w1_wgrad_ms_max": 0.5652440190315247,
        "w1_wgrad_ms_mean": 0.5628206014633179,
        "w1_wgrad_ms_median": 0.5628849864006042,
        "w1_wgrad_ms_min": 0.5597649812698364
      }
    },
    {
      "a_meta": {
        "is_contiguous": false,
        "shape": [
          1,
          3072,
          12288
        ],
        "stride": [
          37748736,
          1,
          3072
        ]
      },
      "a_shape": [
        1,
        3072,
        12288
      ],
      "b_meta": {
        "is_contiguous": true,
        "shape": [
          1,
          12288,
          7168
        ],
        "stride": [
          88080384,
          7168,
          1
        ]
      },
      "b_shape": [
        1,
        12288,
        7168
      ],
      "dtype": "bfloat16",
      "flops": 541165879296.0,
      "layout": "actual",
      "op": "w3_wgrad",
      "tflops_median": 988.7468403553812,
      "timings": {
        "w3_wgrad_ms_max": 0.5591250061988831,
        "w3_wgrad_ms_mean": 0.5506605982780457,
        "w3_wgrad_ms_median": 0.5473250150680542,
        "w3_wgrad_ms_min": 0.5462039709091187
      }
    }
  ],
  "tokens": 12288,
  "tokens_per_group": 12288,
  "topk": 1,
  "tunable_enabled": false,
  "tunable_file": null,
  "tuning_enabled": false
}
