{
  "device": "cuda",
  "dtype": "bfloat16",
  "environment": {
    "TORCHTITAN_DSV4_TRITON_SPARSE_MLA_BLOCK_D": "128",
    "TORCHTITAN_DSV4_TRITON_SPARSE_MLA_BLOCK_KEYS": "64",
    "TORCHTITAN_DSV4_TRITON_SPARSE_MLA_BLOCK_V": "512",
    "TORCHTITAN_DSV4_TRITON_SPARSE_MLA_SPLIT_SOURCES": "1"
  },
  "max_output_abs_diff": 0.00390625,
  "output_atol": 0.01,
  "output_checksum": 0.001174198929220438,
  "requires_grad": false,
  "scope": "synthetic_sparse_mla_triton_forward",
  "seed": 1234,
  "shape": {
    "batch": 1,
    "compress_ratio": 4,
    "compressed_groups": 16,
    "csa_count": 16,
    "head_dim": 512,
    "heads": 8,
    "local_count": 128,
    "selected_count": 144,
    "seq_len": 64,
    "value_dim": 512
  },
  "skip_correctness": false,
  "status": "passed",
  "timing": {
    "cuda_event": {
      "enabled": true,
      "max_ms": 0.12064100056886673,
      "mean_ms": 0.10797433306773503,
      "median_ms": 0.10536099970340729,
      "min_ms": 0.09792099893093109,
      "samples_ms": [
        0.12064100056886673,
        0.10536099970340729,
        0.09792099893093109
      ],
      "stdev_ms": 0.011583253086321691
    },
    "iters": 3,
    "peak_memory_allocated_bytes": 7174144,
    "peak_memory_allocated_gib": 0.0066814422607421875,
    "wall": {
      "enabled": true,
      "max_ms": 0.15109905507415533,
      "mean_ms": 0.12759934179484844,
      "median_ms": 0.11997902765870094,
      "min_ms": 0.11171994265168905,
      "samples_ms": [
        0.15109905507415533,
        0.11997902765870094,
        0.11171994265168905
      ],
      "stdev_ms": 0.020766090494974892
    },
    "warmup_iters": 1
  }
}
