{
  "attention_impl": "sparse-gather-lightning-indexer",
  "avg_ms": 9.14147199364379,
  "batch": 1,
  "blas_backend": "Cublaslt",
  "blas_backend_request": "current",
  "block_ms": {
    "attn.compress_csa": 0.42381801176816225,
    "attn.compress_hca": 0.42182847391813993,
    "attn.kv_proj": 0.28496404411271214,
    "attn.lightning_indexer": 0.8822514791972935,
    "attn.out_proj": 0.12482400052249432,
    "attn.q_proj": 0.3728134906850755,
    "attn.q_rank": 0.18323399126529694,
    "attn.sparse_mla": 0.27882400900125504,
    "layer.attn_norm": 0.1846739905886352,
    "layer.attn_residual": 0.02252997364848852,
    "layer.moe_norm": 0.11163554154336452,
    "layer.moe_residual": 0.02506497548893094,
    "moe.routed_experts": 0.6506925565190613,
    "moe.router": 0.15344400890171528,
    "moe.shared_expert": 0.1818390446715057
  },
  "boundary_impl": "separate",
  "cached_learned_router": false,
  "config": {
    "attention_impl": "sparse-gather-lightning-indexer",
    "boundary_impl": "separate",
    "csa_ratio": 4,
    "dsa_indexer_head_dim": 32,
    "dsa_indexer_n_heads": 8,
    "dsa_indexer_topk": 32,
    "hca_ratio": 16,
    "hidden_size": 256,
    "init_std": 0.012,
    "kv_dim": 32,
    "moe_intermediate": 128,
    "num_experts": 16,
    "num_heads": 8,
    "o_groups": 4,
    "o_lora_rank": 32,
    "q_lora_rank": 64,
    "rms_eps": 1e-06,
    "rmsnorm_save_policy": "memory-light",
    "rope_dim": 8,
    "routed_top_k": 2,
    "shared_experts": 1,
    "window_size": 16
  },
  "device": "cuda",
  "dtype": "bfloat16",
  "estimated_tflops": 0.9635251747338249,
  "fixed_router": false,
  "flop_mode": "train",
  "flops_by_block": {
    "attention_fwd": 1711276032.0,
    "attention_train": 5133828096.0,
    "routed_moe_fwd": 805306368.0,
    "routed_moe_train": 2415919104.0,
    "router_fwd": 16777216.0,
    "router_train": 50331648.0,
    "shared_moe_fwd": 402653184.0,
    "shared_moe_train": 1207959552.0
  },
  "forward_only": false,
  "fp4": null,
  "freeze_params": false,
  "grad_norms": {
    "attention.wkv": 0.00035433913581073284,
    "attention.wo_b": 0.0016542683588340878,
    "attention.wq_a": 0.0016213958151638508,
    "attention.wq_b": 0.0016093753511086106,
    "input": 0.0027614308055490255,
    "moe.gate": 2.5109873604378663e-05,
    "moe.shared_w1": 0.0005871662287972867,
    "moe.w1": 0.00042162861791439354,
    "moe.w2": 0.0004236481327097863
  },
  "impl": "reference",
  "loss_last": 0.9994491934776306,
  "loss_mean": 0.9994491934776306,
  "min_ms": 8.664298919029534,
  "moe_impl": "grouped-expert-batches-dynamic-compact-reduce-bmm-out-dgrad-dense-wgrad",
  "output_shape": [
    1,
    2048,
    256
  ],
  "preset": "small",
  "rmsnorm_save_policy": "memory-light",
  "router_override_mode": "learned",
  "router_override_stats": null,
  "seqlen": 2048,
  "shared_expert_impl": "fused-w13",
  "tokens": 2048,
  "tokens_per_s": 224033.94129785735
}
