{
  "attention_impl": "sparse-gather-lightning-indexer",
  "avg_ms": 9.011071524582803,
  "batch": 1,
  "blas_backend": "Cublaslt",
  "blas_backend_request": "current",
  "block_ms": {
    "attn.compress_csa": 0.45550300274044275,
    "attn.compress_hca": 0.4216135130263865,
    "attn.kv_proj": 0.26377401081845164,
    "attn.lightning_indexer": 0.8694714633747935,
    "attn.out_proj": 0.13015448348596692,
    "attn.q_proj": 0.3957880544476211,
    "attn.q_rank": 0.1922895316965878,
    "attn.sparse_mla": 0.2940580016002059,
    "layer.attn_norm": 0.17673446564003825,
    "layer.attn_residual": 0.022820488084107637,
    "layer.moe_norm": 0.11114944936707616,
    "layer.moe_residual": 0.01786550274118781,
    "moe.routed_experts": 0.22729497868567705,
    "moe.router": 0.1337595167569816,
    "moe.shared_expert": 0.11636951239779592
  },
  "boundary_impl": "separate",
  "cached_learned_router": false,
  "config": {
    "attention_impl": "sparse-gather-lightning-indexer",
    "boundary_impl": "separate",
    "csa_ratio": 4,
    "dsa_indexer_head_dim": 32,
    "dsa_indexer_n_heads": 8,
    "dsa_indexer_topk": 32,
    "hca_ratio": 16,
    "hidden_size": 256,
    "init_std": 0.012,
    "kv_dim": 32,
    "moe_intermediate": 128,
    "num_experts": 16,
    "num_heads": 8,
    "o_groups": 4,
    "o_lora_rank": 32,
    "q_lora_rank": 64,
    "rms_eps": 1e-06,
    "rmsnorm_save_policy": "memory-light",
    "rope_dim": 8,
    "routed_top_k": 2,
    "shared_experts": 1,
    "window_size": 16
  },
  "device": "cuda",
  "dtype": "bfloat16",
  "estimated_tflops": 0.03490958862570611,
  "fixed_router": false,
  "flop_mode": "train",
  "flops_by_block": {
    "attention_fwd": 28311552.0,
    "attention_train": 84934656.0,
    "routed_moe_fwd": 50331648.0,
    "routed_moe_train": 150994944.0,
    "router_fwd": 1048576.0,
    "router_train": 3145728.0,
    "shared_moe_fwd": 25165824.0,
    "shared_moe_train": 75497472.0
  },
  "forward_only": false,
  "fp4": null,
  "freeze_params": false,
  "grad_norms": {
    "attention.wkv": 0.0034260558895766735,
    "attention.wo_b": 0.004062550142407417,
    "attention.wq_a": 0.003799330908805132,
    "attention.wq_b": 0.003714196849614382,
    "input": 0.011055884882807732,
    "moe.gate": 9.91031774901785e-05,
    "moe.shared_w1": 0.0023326885420829058,
    "moe.w1": 0.0016568562714383006,
    "moe.w2": 0.0016792084788903594
  },
  "impl": "reference",
  "loss_last": 1.0012272596359253,
  "loss_mean": 1.0012272596359253,
  "min_ms": 8.13928002025932,
  "moe_impl": "grouped-expert-batches-dynamic-compact-reduce-bmm-out-dgrad-dense-wgrad",
  "output_shape": [
    1,
    128,
    256
  ],
  "preset": "small",
  "rmsnorm_save_policy": "memory-light",
  "router_override_mode": "learned",
  "router_override_stats": null,
  "seqlen": 128,
  "shared_expert_impl": "fused-w13",
  "tokens": 128,
  "tokens_per_s": 14204.747975954633
}
