{
  "attention_impl": "sparse-gather-lightning-indexer",
  "avg_ms": 9.367405495140702,
  "batch": 1,
  "blas_backend": "Cublaslt",
  "blas_backend_request": "current",
  "block_ms": {
    "attn.compress_csa": 0.4334785626269877,
    "attn.compress_hca": 0.4245880409143865,
    "attn.kv_proj": 0.26786397211253643,
    "attn.lightning_indexer": 0.8657224825583398,
    "attn.out_proj": 0.1334435073658824,
    "attn.q_proj": 0.41575246723368764,
    "attn.q_rank": 0.23974949726834893,
    "attn.sparse_mla": 0.31209405278787017,
    "layer.attn_norm": 0.22531801369041204,
    "layer.attn_residual": 0.03451050724834204,
    "layer.moe_norm": 0.13335945550352335,
    "layer.moe_residual": 0.01945003168657422,
    "moe.routed_experts": 0.2816690248437226,
    "moe.router": 0.15990401152521372,
    "moe.shared_expert": 0.14776951866224408
  },
  "boundary_impl": "separate",
  "cached_learned_router": false,
  "config": {
    "attention_impl": "sparse-gather-lightning-indexer",
    "boundary_impl": "separate",
    "csa_ratio": 4,
    "dsa_indexer_head_dim": 32,
    "dsa_indexer_n_heads": 8,
    "dsa_indexer_topk": 32,
    "hca_ratio": 16,
    "hidden_size": 256,
    "init_std": 0.012,
    "kv_dim": 32,
    "moe_intermediate": 128,
    "num_experts": 16,
    "num_heads": 8,
    "o_groups": 4,
    "o_lora_rank": 32,
    "q_lora_rank": 64,
    "rms_eps": 1e-06,
    "rmsnorm_save_policy": "memory-light",
    "rope_dim": 8,
    "routed_top_k": 2,
    "shared_experts": 1,
    "window_size": 16
  },
  "device": "cuda",
  "dtype": "bfloat16",
  "estimated_tflops": 0.15447552481320923,
  "fixed_router": false,
  "flop_mode": "train",
  "flops_by_block": {
    "attention_fwd": 176160768.0,
    "attention_train": 528482304.0,
    "routed_moe_fwd": 201326592.0,
    "routed_moe_train": 603979776.0,
    "router_fwd": 4194304.0,
    "router_train": 12582912.0,
    "shared_moe_fwd": 100663296.0,
    "shared_moe_train": 301989888.0
  },
  "forward_only": false,
  "fp4": null,
  "freeze_params": false,
  "grad_norms": {
    "attention.wkv": 0.0010961086954921484,
    "attention.wo_b": 0.0021848133765161037,
    "attention.wq_a": 0.0021269407588988543,
    "attention.wq_b": 0.0020896848291158676,
    "input": 0.00554209528490901,
    "moe.gate": 4.9250964366365224e-05,
    "moe.shared_w1": 0.0011800883803516626,
    "moe.w1": 0.0008404705440625548,
    "moe.w2": 0.0008365235989913344
  },
  "impl": "reference",
  "loss_last": 1.0064077377319336,
  "loss_mean": 1.0064077377319336,
  "min_ms": 8.357450016774237,
  "moe_impl": "grouped-expert-batches-dynamic-compact-reduce-bmm-out-dgrad-dense-wgrad",
  "output_shape": [
    1,
    512,
    256
  ],
  "preset": "small",
  "rmsnorm_save_policy": "memory-light",
  "router_override_mode": "learned",
  "router_override_stats": null,
  "seqlen": 512,
  "shared_expert_impl": "fused-w13",
  "tokens": 512,
  "tokens_per_s": 54657.61039869552
}
