{
  "attention_impl": "sparse-gather-lightning-indexer",
  "avg_ms": 14265.69945202209,
  "batch": 1,
  "blas_backend": "Cublaslt",
  "blas_backend_request": "current",
  "block_ms": {
    "attn.compress_csa": 62.37896007951349,
    "attn.compress_hca": 1.99972209520638,
    "attn.kv_proj": 1.7099339747801423,
    "attn.lightning_indexer": 1304.4116789242253,
    "attn.out_proj": 6.78128597792238,
    "attn.q_proj": 28.50716805551201,
    "attn.q_rank": 3184.942129999399,
    "attn.sparse_mla": 902.6458400767297,
    "layer.attn_norm": 305.0459099467844,
    "layer.attn_residual": 0.04683004226535559,
    "layer.moe_norm": 0.18434901721775532,
    "layer.moe_residual": 0.022950000129640102,
    "moe.routed_experts": 3446.044503012672,
    "moe.router": 20.5772869521752,
    "moe.shared_expert": 27.83474198076874
  },
  "boundary_impl": "separate",
  "cached_learned_router": false,
  "config": {
    "attention_impl": "sparse-gather-lightning-indexer",
    "boundary_impl": "separate",
    "csa_ratio": 4,
    "dsa_indexer_head_dim": 128,
    "dsa_indexer_n_heads": 64,
    "dsa_indexer_topk": 512,
    "hca_ratio": 128,
    "hidden_size": 7168,
    "init_std": 0.006,
    "kv_dim": 512,
    "moe_intermediate": 3072,
    "num_experts": 384,
    "num_heads": 128,
    "o_groups": 8,
    "o_lora_rank": 1024,
    "q_lora_rank": 1536,
    "rms_eps": 1e-06,
    "rmsnorm_save_policy": "memory-light",
    "rope_dim": 64,
    "routed_top_k": 6,
    "shared_experts": 1,
    "window_size": 128
  },
  "device": "cuda",
  "dtype": "bfloat16",
  "estimated_tflops": 0.15944453646074738,
  "fixed_router": false,
  "flop_mode": "train",
  "flops_by_block": {
    "attention_fwd": 281857228800.0,
    "attention_train": 845571686400.0,
    "routed_moe_fwd": 405874409472.0,
    "routed_moe_train": 1217623228416.0,
    "router_fwd": 2818572288.0,
    "router_train": 8455716864.0,
    "shared_moe_fwd": 67645734912.0,
    "shared_moe_train": 202937204736.0
  },
  "forward_only": false,
  "fp4": {
    "block_m": 128,
    "block_n": 128,
    "eps": 1e-12,
    "max_normal": 6.0,
    "runtime": "packed-sim"
  },
  "freeze_params": false,
  "grad_norms": {
    "attention.wkv": 0.010233702138066292,
    "attention.wo_b": 0.008370524272322655,
    "attention.wq_a": 0.0075806123204529285,
    "attention.wq_b": 0.007584711536765099,
    "input": 0.001052325707860291,
    "moe.gate": 0.00035145817673765123,
    "moe.shared_w1": 0.008500026538968086,
    "moe.w1": 0.003413417609408498,
    "moe.w2": 0.0033425360452383757
  },
  "impl": "fp4-packed-sim",
  "loss_last": 1.0037870407104492,
  "loss_mean": 1.0037870407104492,
  "min_ms": 14265.69945202209,
  "moe_impl": "grouped-expert-batches-dynamic-compact-reduce-bmm-out-dgrad-dense-wgrad",
  "output_shape": [
    1,
    512,
    7168
  ],
  "preset": "full",
  "rmsnorm_save_policy": "memory-light",
  "router_override_mode": "learned",
  "router_override_stats": null,
  "seqlen": 512,
  "shared_expert_impl": "fused-w13",
  "tokens": 512,
  "tokens_per_s": 35.8902836641092
}
