{
  "barrier": {
    "dsv4_profile_timing": {
      "all_records": 0,
      "group_rank_median_summary": {},
      "label_rank_median_summary": {},
      "stage_rank_median_summary": {},
      "timing_files": []
    },
    "kernel_family_rank_summary": {},
    "kernel_scope_rank_summary": {},
    "mori": {
      "all_records": 64,
      "group_rank_median_summary": {
        "combine_dtopk": {
          "max_ms": 0.060320999938994646,
          "median_ms": 0.05900100152939558,
          "min_ms": 0.05680100014433265,
          "n": 8
        },
        "combine_dx": {
          "max_ms": 37.03780891560018,
          "median_ms": 33.24586037104018,
          "min_ms": 0.8428490157239139,
          "n": 8
        },
        "dispatch_clone_align": {
          "max_ms": 0.162882000207901,
          "median_ms": 0.13840249925851822,
          "min_ms": 0.10544199869036674,
          "n": 8
        },
        "dispatch_dtopk_dummy": {
          "max_ms": 0.4279249906539917,
          "median_ms": 0.4002645015716553,
          "min_ms": 0.38480401039123535,
          "n": 8
        },
        "dispatch_grad_inputs": {
          "max_ms": 6.753637969493866,
          "median_ms": 3.0398939549922943,
          "min_ms": 1.2236539721488953,
          "n": 8
        },
        "local_vjp_dtopk_weight": {
          "max_ms": 0.774088978767395,
          "median_ms": 0.5562465190887451,
          "min_ms": 0.43088600039482117,
          "n": 8
        },
        "local_vjp_pack_scatter": {
          "max_ms": 13.578556269407272,
          "median_ms": 2.75307048112154,
          "min_ms": 2.3135849982500076,
          "n": 8
        },
        "local_vjp_recompute_forward": {
          "max_ms": 15.591858565807343,
          "median_ms": 9.058284670114517,
          "min_ms": 5.792506009340286,
          "n": 8
        },
        "local_vjp_w2_dgrad_swiglu": {
          "max_ms": 6.09126877784729,
          "median_ms": 3.4599200189113617,
          "min_ms": 2.340426981449127,
          "n": 8
        },
        "local_vjp_wgrad": {
          "max_ms": 13.0729079246521,
          "median_ms": 7.213002681732178,
          "min_ms": 5.249301910400391,
          "n": 8
        },
        "local_vjp_xgrad_reduce": {
          "max_ms": 10.567001342773438,
          "median_ms": 6.137430429458618,
          "min_ms": 3.92472505569458,
          "n": 8
        },
        "return_casts": {
          "max_ms": 0.0047610001638531685,
          "median_ms": 0.004699999932199717,
          "min_ms": 0.004480000119656324,
          "n": 8
        }
      },
      "group_rank_total_summary": {
        "combine_dtopk": {
          "max_ms": 0.18104299996048212,
          "median_ms": 0.17888300004415214,
          "min_ms": 0.1717210034839809,
          "n": 8
        },
        "combine_dx": {
          "max_ms": 143.61165116075426,
          "median_ms": 104.01684881653637,
          "min_ms": 30.223666469100863,
          "n": 8
        },
        "dispatch_clone_align": {
          "max_ms": 0.4854859933257103,
          "median_ms": 0.4115255046635866,
          "min_ms": 0.319004999473691,
          "n": 8
        },
        "dispatch_dtopk_dummy": {
          "max_ms": 1.2578549981117249,
          "median_ms": 1.2138945013284683,
          "min_ms": 1.1556130051612854,
          "n": 8
        },
        "dispatch_grad_inputs": {
          "max_ms": 24.108635008335114,
          "median_ms": 9.109223484992981,
          "min_ms": 7.660008072853088,
          "n": 8
        },
        "local_vjp_dtopk_weight": {
          "max_ms": 2.1665450036525726,
          "median_ms": 1.741740494966507,
          "min_ms": 1.0647740066051483,
          "n": 8
        },
        "local_vjp_pack_scatter": {
          "max_ms": 30.125100672245026,
          "median_ms": 12.89722566306591,
          "min_ms": 5.908388949930668,
          "n": 8
        },
        "local_vjp_recompute_forward": {
          "max_ms": 48.52087515592575,
          "median_ms": 28.777689695358276,
          "min_ms": 17.492569983005524,
          "n": 8
        },
        "local_vjp_w2_dgrad_swiglu": {
          "max_ms": 19.029415905475616,
          "median_ms": 11.386710107326508,
          "min_ms": 7.2032449543476105,
          "n": 8
        },
        "local_vjp_wgrad": {
          "max_ms": 39.84589409828186,
          "median_ms": 23.917214810848236,
          "min_ms": 16.06559383869171,
          "n": 8
        },
        "local_vjp_xgrad_reduce": {
          "max_ms": 33.59270524978638,
          "median_ms": 19.484402894973755,
          "min_ms": 11.875941038131714,
          "n": 8
        },
        "return_casts": {
          "max_ms": 0.016319999936968088,
          "median_ms": 0.015219999942928553,
          "min_ms": 0.014119999948889017,
          "n": 8
        }
      },
      "kept_records": 24,
      "recv_count_rank_medians": {
        "max_ms": 22961.0,
        "median_ms": 18499.0,
        "min_ms": 14018.0,
        "n": 8
      },
      "stage_rank_median_summary": {
        "backward.align_grad_output": {
          "max_ms": 0.06776099652051926,
          "median_ms": 0.049920499324798584,
          "min_ms": 0.034641001373529434,
          "n": 8
        },
        "backward.clone_dispatched_x": {
          "max_ms": 0.09512100368738174,
          "median_ms": 0.08434100076556206,
          "min_ms": 0.07080099731683731,
          "n": 8
        },
        "backward.combine_dtopk.call": {
          "max_ms": 0.04896099865436554,
          "median_ms": 0.047640999779105186,
          "min_ms": 0.045761000365018845,
          "n": 8
        },
        "backward.combine_dtopk.prepare_registered": {
          "max_ms": 0.0063599999994039536,
          "median_ms": 0.0062599999364465475,
          "min_ms": 0.006120000034570694,
          "n": 8
        },
        "backward.combine_dtopk.slice_contiguous": {
          "max_ms": 0.0047610001638531685,
          "median_ms": 0.004639999940991402,
          "min_ms": 0.004519999958574772,
          "n": 8
        },
        "backward.combine_dx.call": {
          "max_ms": 0.653207004070282,
          "median_ms": 0.6201675236225128,
          "min_ms": 0.5832070112228394,
          "n": 8
        },
        "backward.combine_dx.pre_barrier": {
          "max_ms": 36.444480895996094,
          "median_ms": 32.6064338684082,
          "min_ms": 0.08864100277423859,
          "n": 8
        },
        "backward.combine_dx.prepare_registered": {
          "max_ms": 0.06824100017547607,
          "median_ms": 0.05630099959671497,
          "min_ms": 0.0414000004529953,
          "n": 8
        },
        "backward.combine_dx.slice_contiguous": {
          "max_ms": 0.005160000175237656,
          "median_ms": 0.005100499838590622,
          "min_ms": 0.004920999985188246,
          "n": 8
        },
        "backward.dispatch_grad_output.call": {
          "max_ms": 0.6516879796981812,
          "median_ms": 0.6325074732303619,
          "min_ms": 0.6270470023155212,
          "n": 8
        },
        "backward.dispatch_topk_dummy.call": {
          "max_ms": 0.4279249906539917,
          "median_ms": 0.4002645015716553,
          "min_ms": 0.38480401039123535,
          "n": 8
        },
        "backward.dispatch_x.call": {
          "max_ms": 6.109189987182617,
          "median_ms": 2.3753069639205933,
          "min_ms": 0.5936869978904724,
          "n": 8
        },
        "backward.local_vjp.padded": {
          "max_ms": 60.32228469848633,
          "median_ms": 29.413777351379395,
          "min_ms": 20.299793243408203,
          "n": 8
        },
        "backward.return_casts": {
          "max_ms": 0.0047610001638531685,
          "median_ms": 0.004699999932199717,
          "min_ms": 0.004480000119656324,
          "n": 8
        },
        "local_padded_vjp.dtopk_weight": {
          "max_ms": 0.774088978767395,
          "median_ms": 0.5562465190887451,
          "min_ms": 0.43088600039482117,