{
  "sources": {
    "combine_backward_dispatch": "/tmp/mori_native_compact_backward_viz_8x_s4094096_mbs4_20260611/*combine_backward_dispatch*.json",
    "dispatch_backward_combine": "/tmp/mori_native_compact_dispatch_backward_combine_viz_8x_s4096_mbs4_20260611/*dispatch_backward_combine*.json"
  },
  "stages": {
    "combine_backward_dispatch": {
      "num_files": 8,
      "slots": {
        "standard_compact_dispatch_grid_wait_recv": {
          "count_median": 512.0,
          "rank_max_span": {
            "count": 512,
            "max_warp_us": 96.08000000000004,
            "mean_warp_us": 95.420078125,
            "rank": 0,
            "span_us": 96.18999999999994,
            "sum_us": 48855.08
          },
          "span_us_max": 96.18999999999994,
          "span_us_median": 79.10000000000002,
          "sum_us_max": 48855.08
        },
        "standard_compact_dispatch_grid_wait_reset": {
          "count_median": 512.0,
          "rank_max_span": {
            "count": 512,
            "max_warp_us": 3661.32,
            "mean_warp_us": 2626.216796875,
            "rank": 5,
            "span_us": 3661.5099999999998,
            "sum_us": 1344623.0
          },
          "span_us_max": 3661.5099999999998,
          "span_us_median": 3018.51,
          "sum_us_max": 1344623.0
        },
        "standard_compact_dispatch_grid_wait_send": {
          "count_median": 512.0,
          "rank_max_span": {
            "count": 512,
            "max_warp_us": 87.63999999999999,
            "mean_warp_us": 50.681796874999996,
            "rank": 6,
            "span_us": 87.94999999999993,
            "sum_us": 25949.079999999998
          },
          "span_us_max": 87.94999999999993,
          "span_us_median": 82.04000000000002,
          "sum_us_max": 25949.079999999998
        },
        "standard_compact_dispatch_receive_copy": {
          "count_median": 512.0,
          "rank_max_span": {
            "count": 512,
            "max_warp_us": 5807.16,
            "mean_warp_us": 3395.255234375,
            "rank": 2,
            "span_us": 5807.32,
            "sum_us": 1738370.68
          },
          "span_us_max": 5807.32,
          "span_us_median": 5214.05,
          "sum_us_max": 1738370.68
        },
        "standard_compact_dispatch_reset_counters": {
          "count_median": 512.0,
          "rank_max_span": {
            "count": 512,
            "max_warp_us": 722.6800000000003,
            "mean_warp_us": 4.908437500000009,
            "rank": 0,
            "span_us": 722.9200000000001,
            "sum_us": 2513.1200000000044
          },
          "span_us_max": 722.9200000000001,
          "span_us_median": 592.3850000000002,
          "sum_us_max": 2530.7599999999293
        },
        "standard_compact_dispatch_signal_counts": {
          "count_median": 512.0,
          "rank_max_span": {
            "count": 512,
            "max_warp_us": 4.240000000000009,
            "mean_warp_us": 0.5974999999999961,
            "rank": 6,
            "span_us": 4.240000000000009,
            "sum_us": 305.919999999998
          },
          "span_us_max": 4.240000000000009,
          "span_us_median": 3.465000000000032,
          "sum_us_max": 305.919999999998
        },
        "standard_compact_dispatch_stage_rows": {
          "count_median": 512.0,
          "rank_max_span": {
            "count": 512,
            "max_warp_us": 728.84,
            "mean_warp_us": 687.643671875,
            "rank": 5,
            "span_us": 729.09,
            "sum_us": 352073.56
          },
          "span_us_max": 729.09,
          "span_us_median": 714.575,
          "sum_us_max": 352073.56
        },
        "standard_compact_dispatch_wait_counts": {
          "count_median": 512.0,
          "rank_max_span": {
            "count": 512,
            "max_warp_us": 90.19999999999993,
            "mean_warp_us": 0.5052343749999895,
            "rank": 0,
            "span_us": 93.44999999999993,
            "sum_us": 258.6799999999946
          },
          "span_us_max": 93.44999999999993,
          "span_us_median": 76.38,
          "sum_us_max": 258.6799999999946
        }
      },
      "top_slots_by_max_span": [
        {
          "count_median": 512.0,
          "rank_max_span": {
            "count": 512,
            "max_warp_us": 5807.16,
            "mean_warp_us": 3395.255234375,
            "rank": 2,
            "span_us": 5807.32,
            "sum_us": 1738370.68
          },
          "slot": "standard_compact_dispatch_receive_copy",
          "span_us_max": 5807.32,
          "span_us_median": 5214.05,
          "sum_us_max": 1738370.68
        },
        {
          "count_median": 512.0,
          "rank_max_span": {
            "count": 512,
            "max_warp_us": 3661.32,
            "mean_warp_us": 2626.216796875,
            "rank": 5,
            "span_us": 3661.5099999999998,
            "sum_us": 1344623.0
          },
          "slot": "standard_compact_dispatch_grid_wait_reset",
          "span_us_max": 3661.5099999999998,
          "span_us_median": 3018.51,
          "sum_us_max": 1344623.0
        },
        {
          "count_median": 512.0,
          "rank_max_span": {
            "count": 512,
            "max_warp_us": 728.84,
            "mean_warp_us": 687.643671875,
            "rank": 5,
            "span_us": 729.09,
            "sum_us": 352073.56
          },
          "slot": "standard_compact_dispatch_stage_rows",
          "span_us_max": 729.09,
          "span_us_median": 714.575,
          "sum_us_max": 352073.56
        },
        {
          "count_median": 512.0,
          "rank_max_span": {
            "count": 512,
            "max_warp_us": 722.6800000000003,
            "mean_warp_us": 4.908437500000009,
            "rank": 0,
            "span_us": 722.9200000000001,
            "sum_us": 2513.1200000000044
          },
          "slot": "standard_compact_dispatch_reset_counters",
          "span_us_max": 722.9200000000001,
          "span_us_median": 592.3850000000002,
          "sum_us_max": 2530.7599999999293
        },
        {
          "count_median": 512.0,
          "rank_max_span": {
            "count": 512,
            "max_warp_us": 96.08000000000004,
            "mean_warp_us": 95.420078125,
            "rank": 0,
            "span_us": 96.18999999999994,
            "sum_us": 48855.08
          },
          "slot": "standard_compact_dispatch_grid_wait_recv",
          "span_us_max": 96.18999999999994,
          "span_us_median": 79.10000000000002,
          "sum_us_max": 48855.08
        },
        {
          "count_median": 512.0,
          "rank_max_span": {
            "count": 512,
            "max_warp_us": 90.19999999999993,
            "mean_warp_us": 0.5052343749999895,
            "rank": 0,
            "span_us": 93.44999999999993,
            "sum_us": 258.6799999999946
          },
          "slot": "standard_compact_dispatch_wait_counts",
          "span_us_max": 93.44999999999993,
          "span_us_median": 76.38,
          "sum_us_max": 258.6799999999946
        },
        {
          "count_median": 512.0,
          "rank_max_span": {
            "count": 512,
            "max_warp_us": 87.63999999999999,
            "mean_warp_us": 50.681796874999996,
            "rank": 6,
            "span_us": 87.94999999999993,
            "sum_us": 25949.079999999998
          },
          "slot": "standard_compact_dispatch_grid_wait_send",
          "span_us_max": 87.94999999999993,
          "span_us_median": 82.04000000000002,
          "sum_us_max": 25949.079999999998
        },
        {
          "count_median": 512.0,
          "rank_max_span": {
            "count": 512,
            "max_warp_us": 4.240000000000009,
            "mean_warp_us": 0.5974999999999961,
            "rank": 6,
            "span_us": 4.240000000000009,
            "sum_us": 305.919999999998
          },
          "slot": "standard_compact_dispatch_signal_counts",