{
  "checks": {
    "triton_swiglu_dtopk": {
      "atol": 0.75,
      "dtype": "torch.float32",
      "max_abs": 0.1006317138671875,
      "mean_abs": 0.0047403061762452126,
      "ok": true,
      "pct_close": 100.0,
      "rel_l2": 0.0036317514015983404,
      "rtol": 0.03,
      "shape": [
        16384,
        6
      ]
    },
    "triton_swiglu_dw1": {
      "atol": 0.75,
      "dtype": "torch.bfloat16",
      "max_abs": 0.001953125,
      "mean_abs": 7.580936767226376e-09,
      "ok": true,
      "pct_close": 100.0,
      "rel_l2": 2.123845896969077e-05,
      "rtol": 0.03,
      "shape": [
        64,
        2048,
        4096
      ]
    },
    "triton_swiglu_dw2": {
      "atol": 0.75,
      "dtype": "torch.bfloat16",
      "max_abs": 0.0078125,
      "mean_abs": 0.00017598961130715907,
      "ok": true,
      "pct_close": 100.0,
      "rel_l2": 0.0036343216571502147,
      "rtol": 0.03,
      "shape": [
        64,
        4096,
        2048
      ]
    },
    "triton_swiglu_dw3": {
      "atol": 0.75,
      "dtype": "torch.bfloat16",
      "max_abs": 0.0,
      "mean_abs": 0.0,
      "ok": true,
      "pct_close": 100.0,
      "rel_l2": 0.0,
      "rtol": 0.03,
      "shape": [
        64,
        2048,
        4096
      ]
    },
    "triton_swiglu_dx": {
      "atol": 0.75,
      "dtype": "torch.bfloat16",
      "max_abs": 0.0078125,
      "mean_abs": 1.320001388194214e-07,
      "ok": true,
      "pct_close": 100.0,
      "rel_l2": 6.006665494125116e-05,
      "rtol": 0.03,
      "shape": [
        16384,
        4096
      ]
    },
    "triton_swiglu_saved_hidden_dtopk": {
      "atol": 0.75,
      "dtype": "torch.float32",
      "max_abs": 0.1006317138671875,
      "mean_abs": 0.0047403061762452126,
      "ok": true,
      "pct_close": 100.0,
      "rel_l2": 0.0036317514015983404,
      "rtol": 0.03,
      "shape": [
        16384,
        6
      ]
    },
    "triton_swiglu_saved_hidden_dw1": {
      "atol": 0.75,
      "dtype": "torch.bfloat16",
      "max_abs": 0.001953125,
      "mean_abs": 7.580936767226376e-09,
      "ok": true,
      "pct_close": 100.0,
      "rel_l2": 2.123845896969077e-05,
      "rtol": 0.03,
      "shape": [
        64,
        2048,
        4096
      ]
    },
    "triton_swiglu_saved_hidden_dw2": {
      "atol": 0.75,
      "dtype": "torch.bfloat16",
      "max_abs": 0.0078125,
      "mean_abs": 0.00017598961130715907,
      "ok": true,
      "pct_close": 100.0,
      "rel_l2": 0.0036343216571502147,
      "rtol": 0.03,
      "shape": [
        64,
        4096,
        2048
      ]
    },
    "triton_swiglu_saved_hidden_dw3": {
      "atol": 0.75,
      "dtype": "torch.bfloat16",
      "max_abs": 0.0,
      "mean_abs": 0.0,
      "ok": true,
      "pct_close": 100.0,
      "rel_l2": 0.0,
      "rtol": 0.03,
      "shape": [
        64,
        2048,
        4096
      ]
    },
    "triton_swiglu_saved_hidden_dx": {
      "atol": 0.75,
      "dtype": "torch.bfloat16",
      "max_abs": 0.0078125,
      "mean_abs": 1.2979188568351674e-07,
      "ok": true,
      "pct_close": 100.0,
      "rel_l2": 5.9211003563183656e-05,
      "rtol": 0.03,
      "shape": [
        16384,
        4096
      ]
    },
    "triton_swiglu_saved_hidden_output_dtopk": {
      "atol": 0.75,
      "dtype": "torch.float32",
      "max_abs": 0.1006317138671875,
      "mean_abs": 0.0047403061762452126,
      "ok": true,
      "pct_close": 100.0,
      "rel_l2": 0.0036317514015983404,
      "rtol": 0.03,
      "shape": [
        16384,
        6
      ]
    },
    "triton_swiglu_saved_hidden_output_dw1": {
      "atol": 0.75,
      "dtype": "torch.bfloat16",
      "max_abs": 0.001953125,
      "mean_abs": 7.580936767226376e-09,
      "ok": true,
      "pct_close": 100.0,
      "rel_l2": 2.123845896969077e-05,
      "rtol": 0.03,
      "shape": [
        64,
        2048,
        4096
      ]
    },
    "triton_swiglu_saved_hidden_output_dw2": {
      "atol": 0.75,
      "dtype": "torch.bfloat16",
      "max_abs": 0.0078125,
      "mean_abs": 0.00017598961130715907,
      "ok": true,
      "pct_close": 100.0,
      "rel_l2": 0.0036343216571502147,
      "rtol": 0.03,
      "shape": [
        64,
        4096,
        2048
      ]
    },
    "triton_swiglu_saved_hidden_output_dw3": {
      "atol": 0.75,
      "dtype": "torch.bfloat16",
      "max_abs": 0.0,
      "mean_abs": 0.0,
      "ok": true,
      "pct_close": 100.0,
      "rel_l2": 0.0,
      "rtol": 0.03,
      "shape": [
        64,
        2048,
        4096
      ]
    },
    "triton_swiglu_saved_hidden_output_dx": {
      "atol": 0.75,
      "dtype": "torch.bfloat16",
      "max_abs": 0.0078125,
      "mean_abs": 1.2979188568351674e-07,
      "ok": true,
      "pct_close": 100.0,
      "rel_l2": 5.9211003563183656e-05,
      "rtol": 0.03,
      "shape": [
        16384,
        4096
      ]
    },
    "triton_swiglu_saved_stage1_hidden_dtopk": {
      "atol": 0.75,
      "dtype": "torch.float32",
      "max_abs": 0.1006317138671875,
      "mean_abs": 0.0047403061762452126,
      "ok": true,
      "pct_close": 100.0,
      "rel_l2": 0.0036317514015983404,
      "rtol": 0.03,
      "shape": [
        16384,
        6
      ]
    },
    "triton_swiglu_saved_stage1_hidden_dw1": {
      "atol": 0.75,
      "dtype": "torch.bfloat16",
      "max_abs": 0.001953125,
      "mean_abs": 7.580936767226376e-09,
      "ok": true,
      "pct_close": 100.0,
      "rel_l2": 2.123845896969077e-05,
      "rtol": 0.03,
      "shape": [
        64,
        2048,
        4096
      ]
    },
    "triton_swiglu_saved_stage1_hidden_dw2": {
      "atol": 0.75,
      "dtype": "torch.bfloat16",
      "max_abs": 0.0078125,
      "mean_abs": 0.00017598961130715907,
      "ok": true,
      "pct_close": 100.0,
      "rel_l2": 0.0036343216571502147,
      "rtol": 0.03,
      "shape": [
        64,
        4096,
        2048
      ]
    },
    "triton_swiglu_saved_stage1_hidden_dw3": {
      "atol": 0.75,
      "dtype": "torch.bfloat16",
      "max_abs": 0.0,
      "mean_abs": 0.0,
      "ok": true,
      "pct_close": 100.0,
      "rel_l2": 0.0,
      "rtol": 0.03,
      "shape": [
        64,
        2048,
        4096
      ]
    },
    "triton_swiglu_saved_stage1_hidden_dx": {
      "atol": 0.75,
      "dtype": "torch.bfloat16",
      "max_abs": 0.0078125,
      "mean_abs": 1.2979188568351674e-07,
      "ok": true,
      "pct_close": 100.0,
      "rel_l2": 5.9211003563183656e-05,
      "rtol": 0.03,
      "shape": [
        16384,
        4096
      ]
    },
    "triton_swiglu_saved_stage1_hidden_output_dtopk": {
      "atol": 0.75,
      "dtype": "torch.float32",
      "max_abs": 0.1006317138671875,
      "mean_abs": 0.0047403061762452126,
      "ok": true,
      "pct_close": 100.0,
      "rel_l2": 0.0036317514015983404,
      "rtol": 0.03,
      "shape": [
        16384,
        6
      ]
    },
    "triton_swiglu_saved_stage1_hidden_output_dw1": {
      "atol": 0.75,
      "dtype": "torch.bfloat16",
      "max_abs": 0.001953125,
      "mean_abs": 7.580936767226376e-09,
      "ok": true,
      "pct_close": 100.0,
      "rel_l2": 2.123845896969077e-05,
      "rtol": 0.03,
      "shape": [
        64,
        2048,
        4096
      ]
    },
    "triton_swiglu_saved_stage1_hidden_output_dw2": {
      "atol": 0.75,
      "dtype": "torch.bfloat16",
      "max_abs": 0.0078125,
      "mean_abs": 0.00017598961130715907,
      "ok": true,
      "pct_close": 100.0,
      "rel_l2": 0.0036343216571502147,
      "rtol": 0.03,
      "shape": [
        64,
        4096,
        2048
      ]
    },
    "triton_swiglu_saved_stage1_hidden_output_dw3": {
      "atol": 0.75,
      "dtype": "torch.bfloat16",
      "max_abs": 0.0,
      "mean_abs": 0.0,
      "ok": true,
      "pct_close": 100.0,
      "rel_l2": 0.0,
      "rtol": 0.03,
      "shape": [
        64,
        2048,
        4096
      ]
    },
    "triton_swiglu_saved_stage1_hidden_output_dx": {
      "atol": 0.75,
      "dtype": "torch.bfloat16",