{
  "checks": {
    "dtopk": {
      "atol": 0.75,
      "dtype": "torch.float32",
      "max_abs": 0.0,
      "mean_abs": 0.0,
      "ok": true,
      "pct_close": 100.0,
      "rel_l2": 0.0,
      "rtol": 0.03,
      "shape": [
        256,
        2
      ]
    },
    "dw1": {
      "atol": 0.75,
      "dtype": "torch.bfloat16",
      "max_abs": 0.0,
      "mean_abs": 0.0,
      "ok": true,
      "pct_close": 100.0,
      "rel_l2": 0.0,
      "rtol": 0.03,
      "shape": [
        4,
        128,
        256
      ]
    },
    "dw2": {
      "atol": 0.75,
      "dtype": "torch.bfloat16",
      "max_abs": 0.0,
      "mean_abs": 0.0,
      "ok": true,
      "pct_close": 100.0,
      "rel_l2": 0.0,
      "rtol": 0.03,
      "shape": [
        4,
        256,
        128
      ]
    },
    "dw3": {
      "atol": 0.75,
      "dtype": "torch.bfloat16",
      "max_abs": 0.0,
      "mean_abs": 0.0,
      "ok": true,
      "pct_close": 100.0,
      "rel_l2": 0.0,
      "rtol": 0.03,
      "shape": [
        4,
        128,
        256
      ]
    },
    "dx": {
      "atol": 0.75,
      "dtype": "torch.bfloat16",
      "max_abs": 0.00048828125,
      "mean_abs": 5.026207418268314e-06,
      "ok": true,
      "pct_close": 100.0,
      "rel_l2": 0.002546064729959217,
      "rtol": 0.03,
      "shape": [
        256,
        256
      ]
    }
  },
  "detail_enabled": true,
  "estimated_flops": {
    "detail_gemm_each": 8126464.0,
    "forward_recompute_gemm": 24379392.0,
    "full_vjp_gemm_family": 73138176.0,
    "w2_dgrad_gemm": 8126464.0,
    "wgrad_gemms": 24379392.0,
    "xgrad_gemms": 16252928.0
  },
  "estimated_tflops": {
    "aiter_compact_detail_backward_w2_dgrad_gemm": 0.04633579188443125,
    "aiter_compact_detail_forward_down_gemm": 0.045679441962128024,
    "aiter_compact_detail_forward_gate_gemm": 0.045974044266207124,
    "aiter_compact_detail_forward_up_gemm": 0.04436762993074046,
    "aiter_compact_detail_wgrad_dw1_gemm": 0.09493421586462383,
    "aiter_compact_detail_wgrad_dw2_gemm": 0.10570185241178809,
    "aiter_compact_detail_wgrad_dw3_gemm": 0.10512822021709116,
    "aiter_compact_detail_xgrad_w1_gemm": 0.04748930013662687,
    "aiter_compact_detail_xgrad_w3_gemm": 0.047411722180471384,
    "aiter_compact_dgrad_swiglu": 0.019535473488638978,
    "aiter_compact_forward_recompute": 0.030823741954641996,
    "aiter_compact_full_vjp": 0.04812109944287581,
    "aiter_compact_wgrad": 0.09794755790624611,
    "aiter_compact_xgrad_reduce": 0.04015001745393956,
    "torch_padded_detail_backward_w2_dgrad_gemm": 0.3631046653778389,
    "torch_padded_detail_forward_down_gemm": 0.3551698579654358,
    "torch_padded_detail_forward_gate_gemm": 0.13467677706699555,
    "torch_padded_detail_forward_up_gemm": 0.3530098776316608,
    "torch_padded_detail_wgrad_dw1_gemm": 0.3043562434636101,
    "torch_padded_detail_wgrad_dw2_gemm": 0.37311588496491466,
    "torch_padded_detail_wgrad_dw3_gemm": 0.3797413089664968,
    "torch_padded_detail_xgrad_w1_gemm": 0.4241258678744608,
    "torch_padded_detail_xgrad_w3_gemm": 0.4387821162744147,
    "torch_padded_dgrad_swiglu": 0.053988727854395756,
    "torch_padded_forward_recompute": 0.07302640920731991,
    "torch_padded_full_vjp": 0.11678796810394292,
    "torch_padded_wgrad": 0.2558696946764735,
    "torch_padded_xgrad_reduce": 0.1565475990252323
  },
  "ok": true,
  "probe": "owned_expert_vjp_ep_shape",
  "read": "Models the local owner-rank VJP behind MORI routed backward. It compares retained padded torch.bmm-style grouped expert math against AITER compact grouped GMM/TGMM at the EP-local shape.",
  "route_stats": {
    "assignments_to_owner_rank": 124,
    "expected_assignments_uniform": 128.0,
    "expert_start": 0,
    "expert_stop": 4,
    "local_experts": 4,
    "max_per_local_expert": 38,
    "mean_per_local_expert": 31.0,
    "min_per_local_expert": 26,
    "owner_rank": 0,
    "padded_rows_local_max": 152,
    "padding_multiplier_local_max": 1.2258064516129032,
    "source_tokens_all_ranks": 256,
    "tokens_per_rank": 64,
    "tokens_with_owner_expert": 113,
    "topk": 2,
    "total_experts": 16,
    "world_size": 4
  },
  "shape": {
    "backend": "both",
    "dtype": "bfloat16",
    "experts": 16,
    "hidden": 256,
    "intermediate": 128,
    "local_experts": 4,
    "source_tokens_all_ranks": 256,
    "tokens_per_rank": 64,
    "topk": 2,
    "wgrad_op": "ptgmm",
    "world_size": 4
  },
  "timing_ms": {
    "aiter_compact_detail_backward_swiglu_ms_max": 0.13016100227832794,
    "aiter_compact_detail_backward_swiglu_ms_mean": 0.12740100175142288,
    "aiter_compact_detail_backward_swiglu_ms_median": 0.12740100175142288,
    "aiter_compact_detail_backward_swiglu_ms_min": 0.12464100122451782,
    "aiter_compact_detail_backward_w2_dgrad_gemm_ms_max": 0.17552199959754944,
    "aiter_compact_detail_backward_w2_dgrad_gemm_ms_mean": 0.17538200318813324,
    "aiter_compact_detail_backward_w2_dgrad_gemm_ms_median": 0.17538200318813324,
    "aiter_compact_detail_backward_w2_dgrad_gemm_ms_min": 0.17524200677871704,
    "aiter_compact_detail_forward_down_gemm_ms_max": 0.182001993060112,
    "aiter_compact_detail_forward_down_gemm_ms_mean": 0.1779019981622696,
    "aiter_compact_detail_forward_down_gemm_ms_median": 0.1779019981622696,
    "aiter_compact_detail_forward_down_gemm_ms_min": 0.17380200326442719,
    "aiter_compact_detail_forward_dtopk_ms_max": 0.0297200009226799,
    "aiter_compact_detail_forward_dtopk_ms_mean": 0.029080000706017017,
    "aiter_compact_detail_forward_dtopk_ms_median": 0.029080000706017017,
    "aiter_compact_detail_forward_dtopk_ms_min": 0.028440000489354134,
    "aiter_compact_detail_forward_gate_gemm_ms_max": 0.17676199972629547,
    "aiter_compact_detail_forward_gate_gemm_ms_mean": 0.17676199972629547,
    "aiter_compact_detail_forward_gate_gemm_ms_median": 0.17676199972629547,
    "aiter_compact_detail_forward_gate_gemm_ms_min": 0.17676199972629547,
    "aiter_compact_detail_forward_swiglu_ms_max": 0.033560000360012054,
    "aiter_compact_detail_forward_swiglu_ms_mean": 0.032500000670552254,
    "aiter_compact_detail_forward_swiglu_ms_median": 0.032500000670552254,
    "aiter_compact_detail_forward_swiglu_ms_min": 0.03144000098109245,
    "aiter_compact_detail_forward_up_gemm_ms_max": 0.18844200670719147,
    "aiter_compact_detail_forward_up_gemm_ms_mean": 0.18316200375556946,
    "aiter_compact_detail_forward_up_gemm_ms_median": 0.18316200375556946,
    "aiter_compact_detail_forward_up_gemm_ms_min": 0.17788200080394745,
    "aiter_compact_detail_wgrad_dw1_gemm_ms_max": 0.08984100073575974,
    "aiter_compact_detail_wgrad_dw1_gemm_ms_mean": 0.08560100197792053,
    "aiter_compact_detail_wgrad_dw1_gemm_ms_median": 0.08560100197792053,
    "aiter_compact_detail_wgrad_dw1_gemm_ms_min": 0.08136100322008133,
    "aiter_compact_detail_wgrad_dw2_gemm_ms_max": 0.07876099646091461,
    "aiter_compact_detail_wgrad_dw2_gemm_ms_mean": 0.07688099890947342,
    "aiter_compact_detail_wgrad_dw2_gemm_ms_median": 0.07688099890947342,
    "aiter_compact_detail_wgrad_dw2_gemm_ms_min": 0.07500100135803223,
    "aiter_compact_detail_wgrad_dw3_gemm_ms_max": 0.07848100364208221,
    "aiter_compact_detail_wgrad_dw3_gemm_ms_mean": 0.07730050012469292,
    "aiter_compact_detail_wgrad_dw3_gemm_ms_median": 0.07730050012469292,
    "aiter_compact_detail_wgrad_dw3_gemm_ms_min": 0.07611999660730362,
    "aiter_compact_detail_xgrad_reduce_only_ms_max": 0.023719999939203262,
    "aiter_compact_detail_xgrad_reduce_only_ms_mean": 0.022960499860346317,
    "aiter_compact_detail_xgrad_reduce_only_ms_median": 0.022960499860346317,
    "aiter_compact_detail_xgrad_reduce_only_ms_min": 0.022200999781489372,
    "aiter_compact_detail_xgrad_w1_gemm_ms_max": 0.17488199472427368,
    "aiter_compact_detail_xgrad_w1_gemm_ms_mean": 0.1711219996213913,
    "aiter_compact_detail_xgrad_w1_gemm_ms_median": 0.1711219996213913,
    "aiter_compact_detail_xgrad_w1_gemm_ms_min": 0.1673620045185089,