{
  "checks": {
    "triton_swiglu_dtopk": {
      "atol": 0.75,
      "dtype": "torch.float32",
      "max_abs": 0.0967261791229248,
      "mean_abs": 0.00240043131634593,
      "ok": true,
      "pct_close": 100.0,
      "rel_l2": 0.0036502191293509303,
      "rtol": 0.03,
      "shape": [
        32768,
        6
      ]
    },
    "triton_swiglu_dw1": {
      "atol": 0.75,
      "dtype": "torch.bfloat16",
      "max_abs": 0.001953125,
      "mean_abs": 1.7482232550491972e-08,
      "ok": true,
      "pct_close": 100.0,
      "rel_l2": 2.7680335346993097e-05,
      "rtol": 0.03,
      "shape": [
        32,
        2048,
        4096
      ]
    },
    "triton_swiglu_dw2": {
      "atol": 0.75,
      "dtype": "torch.bfloat16",
      "max_abs": 0.00390625,
      "mean_abs": 0.0002537023974582553,
      "ok": true,
      "pct_close": 100.0,
      "rel_l2": 0.0036301960707213255,
      "rtol": 0.03,
      "shape": [
        32,
        4096,
        2048
      ]
    },
    "triton_swiglu_dw3": {
      "atol": 0.75,
      "dtype": "torch.bfloat16",
      "max_abs": 0.0,
      "mean_abs": 0.0,
      "ok": true,
      "pct_close": 100.0,
      "rel_l2": 0.0,
      "rtol": 0.03,
      "shape": [
        32,
        2048,
        4096
      ]
    },
    "triton_swiglu_dx": {
      "atol": 0.75,
      "dtype": "torch.bfloat16",
      "max_abs": 0.0078125,
      "mean_abs": 3.4143088356586304e-08,
      "ok": true,
      "pct_close": 100.0,
      "rel_l2": 3.562476162805052e-05,
      "rtol": 0.03,
      "shape": [
        32768,
        4096
      ]
    }
  },
  "detail_enabled": true,
  "estimated_flops": {
    "detail_gemm_each": 414313349120.0,
    "forward_recompute_gemm": 1242940047360.0,
    "full_vjp_gemm_family": 3728820142080.0,
    "w2_dgrad_gemm": 414313349120.0,
    "wgrad_gemms": 1242940047360.0,
    "xgrad_gemms": 828626698240.0
  },
  "estimated_tflops": {
    "torch_padded_detail_backward_w2_dgrad_gemm": 800.9970713029668,
    "torch_padded_detail_forward_down_gemm": 797.3590485443975,
    "torch_padded_detail_forward_gate_gemm": 819.9564920742714,
    "torch_padded_detail_forward_up_gemm": 809.2579139136627,
    "torch_padded_detail_wgrad_dw1_gemm": 528.1301477877572,
    "torch_padded_detail_wgrad_dw2_gemm": 577.8993279705238,
    "torch_padded_detail_wgrad_dw3_gemm": 543.9395790097541,
    "torch_padded_detail_xgrad_w1_gemm": 789.0976346645983,
    "torch_padded_detail_xgrad_w3_gemm": 732.4060946034,
    "torch_padded_dgrad_swiglu": 231.14682103811225,
    "torch_padded_forward_recompute": 457.40772516889893,
    "torch_padded_full_vjp": 497.25682621327445,
    "torch_padded_wgrad": 575.0438747470718,
    "torch_padded_xgrad_reduce": 485.9228317190828,
    "triton_swiglu_padded_dgrad_swiglu": 588.2049665673509,
    "triton_swiglu_padded_forward_recompute": 487.8035655830185,
    "triton_swiglu_padded_full_vjp": 579.5811620586443,
    "triton_swiglu_padded_wgrad": 553.8676748744473,
    "triton_swiglu_padded_xgrad_reduce": 517.9107794257484
  },
  "ok": true,
  "probe": "owned_expert_vjp_ep_shape",
  "read": "Models the local owner-rank VJP behind MORI routed backward. It compares retained padded torch.bmm-style grouped expert math against AITER compact grouped GMM/TGMM at the EP-local shape.",
  "route_stats": {
    "assignments_to_owner_rank": 24695,
    "expected_assignments_uniform": 24576.0,
    "expert_start": 0,
    "expert_stop": 32,
    "local_experts": 32,
    "max_per_local_expert": 816,
    "mean_per_local_expert": 771.71875,
    "min_per_local_expert": 708,
    "owner_rank": 0,
    "padded_rows_local_max": 26112,
    "padding_multiplier_local_max": 1.0573800364446244,
    "source_tokens_all_ranks": 32768,
    "tokens_per_rank": 4096,
    "tokens_with_owner_expert": 18215,
    "topk": 6,
    "total_experts": 256,
    "world_size": 8
  },
  "shape": {
    "backend": "torch",
    "dtype": "bfloat16",
    "experts": 256,
    "hidden": 4096,
    "intermediate": 2048,
    "local_experts": 32,
    "source_tokens_all_ranks": 32768,
    "tokens_per_rank": 4096,
    "topk": 6,
    "wgrad_op": "ptgmm",
    "world_size": 8
  },
  "timing_ms": {
    "torch_padded_detail_backward_swiglu_ms_max": 1.192255973815918,
    "torch_padded_detail_backward_swiglu_ms_mean": 1.1878426472345989,
    "torch_padded_detail_backward_swiglu_ms_median": 1.1895359754562378,
    "torch_padded_detail_backward_swiglu_ms_min": 1.1817359924316406,
    "torch_padded_detail_backward_w2_dgrad_gemm_ms_max": 0.5436869859695435,
    "torch_padded_detail_backward_w2_dgrad_gemm_ms_mean": 0.5222070018450419,
    "torch_padded_detail_backward_w2_dgrad_gemm_ms_median": 0.5172470211982727,
    "torch_padded_detail_backward_w2_dgrad_gemm_ms_min": 0.5056869983673096,
    "torch_padded_detail_forward_down_gemm_ms_max": 0.5381680130958557,
    "torch_padded_detail_forward_down_gemm_ms_mean": 0.5244473417599996,
    "torch_padded_detail_forward_down_gemm_ms_median": 0.5196070075035095,
    "torch_padded_detail_forward_down_gemm_ms_min": 0.5155670046806335,
    "torch_padded_detail_forward_dtopk_ms_max": 0.6054490208625793,
    "torch_padded_detail_forward_dtopk_ms_mean": 0.6030753453572592,
    "torch_padded_detail_forward_dtopk_ms_median": 0.6031280159950256,
    "torch_padded_detail_forward_dtopk_ms_min": 0.6006489992141724,
    "torch_padded_detail_forward_gate_gemm_ms_max": 0.5167670249938965,
    "torch_padded_detail_forward_gate_gemm_ms_mean": 0.5040600101153055,
    "torch_padded_detail_forward_gate_gemm_ms_median": 0.5052869915962219,
    "torch_padded_detail_forward_gate_gemm_ms_min": 0.49012601375579834,
    "torch_padded_detail_forward_swiglu_ms_max": 0.24900299310684204,
    "torch_padded_detail_forward_swiglu_ms_mean": 0.24690999587376913,
    "torch_padded_detail_forward_swiglu_ms_median": 0.24712400138378143,
    "torch_padded_detail_forward_swiglu_ms_min": 0.2446029931306839,
    "torch_padded_detail_forward_up_gemm_ms_max": 0.5326070189476013,
    "torch_padded_detail_forward_up_gemm_ms_mean": 0.5167536735534668,
    "torch_padded_detail_forward_up_gemm_ms_median": 0.5119670033454895,
    "torch_padded_detail_forward_up_gemm_ms_min": 0.5056869983673096,
    "torch_padded_detail_wgrad_dw1_gemm_ms_max": 0.7892109751701355,
    "torch_padded_detail_wgrad_dw1_gemm_ms_mean": 0.7846376498540243,
    "torch_padded_detail_wgrad_dw1_gemm_ms_median": 0.7844910025596619,
    "torch_padded_detail_wgrad_dw1_gemm_ms_min": 0.7802109718322754,
    "torch_padded_detail_wgrad_dw2_gemm_ms_max": 0.7192500233650208,
    "torch_padded_detail_wgrad_dw2_gemm_ms_mean": 0.7173033356666565,
    "torch_padded_detail_wgrad_dw2_gemm_ms_median": 0.7169299721717834,
    "torch_padded_detail_wgrad_dw2_gemm_ms_min": 0.7157300114631653,
    "torch_padded_detail_wgrad_dw3_gemm_ms_max": 0.7706109881401062,
    "torch_padded_detail_wgrad_dw3_gemm_ms_mean": 0.7595303455988566,
    "torch_padded_detail_wgrad_dw3_gemm_ms_median": 0.7616900205612183,
    "torch_padded_detail_wgrad_dw3_gemm_ms_min": 0.7462900280952454,
    "torch_padded_detail_xgrad_reduce_only_ms_max": 0.6616489887237549,
    "torch_padded_detail_xgrad_reduce_only_ms_mean": 0.6415820121765137,
    "torch_padded_detail_xgrad_reduce_only_ms_median": 0.633849024772644,
    "torch_padded_detail_xgrad_reduce_only_ms_min": 0.6292480230331421,
    "torch_padded_detail_xgrad_w1_gemm_ms_max": 0.5317270159721375,
    "torch_padded_detail_xgrad_w1_gemm_ms_mean": 0.5196603337923685,
    "torch_padded_detail_xgrad_w1_gemm_ms_median": 0.5250470042228699,
    "torch_padded_detail_xgrad_w1_gemm_ms_min": 0.5022069811820984,
    "torch_padded_detail_xgrad_w3_gemm_ms_max": 0.5745279788970947,
    "torch_padded_detail_xgrad_w3_gemm_ms_mean": 0.5663146575291952,
    "torch_padded_detail_xgrad_w3_gemm_ms_median": 0.5656880140304565,
    "torch_padded_detail_xgrad_w3_gemm_ms_min": 0.5587279796600342,
    "torch_padded_dgrad_swiglu_ms_max": 1.803184986114502,
    "torch_padded_dgrad_swiglu_ms_mean": 1.7941313584645588,