{
  "checks": {},
  "detail_enabled": true,
  "estimated_flops": {
    "detail_gemm_each": 414313349120.0,
    "forward_recompute_gemm": 1242940047360.0,
    "full_vjp_gemm_family": 3728820142080.0,
    "w2_dgrad_gemm": 414313349120.0,
    "wgrad_gemms": 1242940047360.0,
    "xgrad_gemms": 828626698240.0
  },
  "estimated_tflops": {
    "aiter_compact_detail_backward_w2_dgrad_gemm": 419.9865364229424,
    "aiter_compact_detail_forward_down_gemm": 465.5776223106239,
    "aiter_compact_detail_forward_gate_gemm": 380.2808602966328,
    "aiter_compact_detail_forward_up_gemm": 463.1419375355359,
    "aiter_compact_detail_wgrad_dw1_gemm": 426.70002927342466,
    "aiter_compact_detail_wgrad_dw2_gemm": 372.69989854779186,
    "aiter_compact_detail_wgrad_dw3_gemm": 421.8166201878895,
    "aiter_compact_detail_xgrad_w1_gemm": 428.9610939567519,
    "aiter_compact_detail_xgrad_w3_gemm": 258.6450067166961,
    "aiter_compact_dgrad_swiglu": 184.6128691598864,
    "aiter_compact_forward_recompute": 290.9032497907333,
    "aiter_compact_full_vjp": 306.41968274130994,
    "aiter_compact_wgrad": 412.7290070774066,
    "aiter_compact_xgrad_reduce": 312.4874483918597,
    "torch_padded_detail_backward_w2_dgrad_gemm": 806.2359538290505,
    "torch_padded_detail_forward_down_gemm": 760.3112320870168,
    "torch_padded_detail_forward_gate_gemm": 835.7051196309457,
    "torch_padded_detail_forward_up_gemm": 782.8370371124543,
    "torch_padded_detail_wgrad_dw1_gemm": 532.3120179692502,
    "torch_padded_detail_wgrad_dw2_gemm": 574.5351125484481,
    "torch_padded_detail_wgrad_dw3_gemm": 564.023139056379,
    "torch_padded_detail_xgrad_w1_gemm": 819.6353018861038,
    "torch_padded_detail_xgrad_w3_gemm": 728.4425416769786,
    "torch_padded_dgrad_swiglu": 233.16637782459222,
    "torch_padded_forward_recompute": 445.56372082722703,
    "torch_padded_full_vjp": 496.4372009660811,
    "torch_padded_wgrad": 598.5970393652003,
    "torch_padded_xgrad_reduce": 476.18419829454245
  },
  "ok": null,
  "probe": "owned_expert_vjp_ep_shape",
  "read": "Models the local owner-rank VJP behind MORI routed backward. It compares retained padded torch.bmm-style grouped expert math against AITER compact grouped GMM/TGMM at the EP-local shape.",
  "route_stats": {
    "assignments_to_owner_rank": 24695,
    "expected_assignments_uniform": 24576.0,
    "expert_start": 0,
    "expert_stop": 32,
    "local_experts": 32,
    "max_per_local_expert": 816,
    "mean_per_local_expert": 771.71875,
    "min_per_local_expert": 708,
    "owner_rank": 0,
    "padded_rows_local_max": 26112,
    "padding_multiplier_local_max": 1.0573800364446244,
    "source_tokens_all_ranks": 32768,
    "tokens_per_rank": 4096,
    "tokens_with_owner_expert": 18215,
    "topk": 6,
    "total_experts": 256,
    "world_size": 8
  },
  "shape": {
    "backend": "both",
    "dtype": "bfloat16",
    "experts": 256,
    "hidden": 4096,
    "intermediate": 2048,
    "local_experts": 32,
    "source_tokens_all_ranks": 32768,
    "tokens_per_rank": 4096,
    "topk": 6,
    "wgrad_op": "ptgmm",
    "world_size": 8
  },
  "timing_ms": {
    "aiter_compact_detail_backward_swiglu_ms_max": 1.161613941192627,
    "aiter_compact_detail_backward_swiglu_ms_mean": 1.1381202936172485,
    "aiter_compact_detail_backward_swiglu_ms_median": 1.14397394657135,
    "aiter_compact_detail_backward_swiglu_ms_min": 1.1087729930877686,
    "aiter_compact_detail_backward_w2_dgrad_gemm_ms_max": 1.0808930397033691,
    "aiter_compact_detail_backward_w2_dgrad_gemm_ms_mean": 1.0141590038935344,
    "aiter_compact_detail_backward_w2_dgrad_gemm_ms_median": 0.9864919781684875,
    "aiter_compact_detail_backward_w2_dgrad_gemm_ms_min": 0.9750919938087463,
    "aiter_compact_detail_forward_down_gemm_ms_max": 0.9519320130348206,
    "aiter_compact_detail_forward_down_gemm_ms_mean": 0.9043843547503153,
    "aiter_compact_detail_forward_down_gemm_ms_median": 0.8898910284042358,
    "aiter_compact_detail_forward_down_gemm_ms_min": 0.8713300228118896,
    "aiter_compact_detail_forward_dtopk_ms_max": 0.5235660076141357,
    "aiter_compact_detail_forward_dtopk_ms_mean": 0.510072668393453,
    "aiter_compact_detail_forward_dtopk_ms_median": 0.5037260055541992,
    "aiter_compact_detail_forward_dtopk_ms_min": 0.5029259920120239,
    "aiter_compact_detail_forward_gate_gemm_ms_max": 1.0979729890823364,
    "aiter_compact_detail_forward_gate_gemm_ms_mean": 1.0595990022023518,
    "aiter_compact_detail_forward_gate_gemm_ms_median": 1.0894930362701416,
    "aiter_compact_detail_forward_gate_gemm_ms_min": 0.9913309812545776,
    "aiter_compact_detail_forward_swiglu_ms_max": 0.22696299850940704,
    "aiter_compact_detail_forward_swiglu_ms_mean": 0.22482933104038239,
    "aiter_compact_detail_forward_swiglu_ms_median": 0.2249229997396469,
    "aiter_compact_detail_forward_swiglu_ms_min": 0.2226019948720932,
    "aiter_compact_detail_forward_up_gemm_ms_max": 1.0125720500946045,
    "aiter_compact_detail_forward_up_gemm_ms_mean": 0.9270910223325094,
    "aiter_compact_detail_forward_up_gemm_ms_median": 0.8945710062980652,
    "aiter_compact_detail_forward_up_gemm_ms_min": 0.8741300106048584,
    "aiter_compact_detail_wgrad_dw1_gemm_ms_max": 1.0947329998016357,
    "aiter_compact_detail_wgrad_dw1_gemm_ms_mean": 1.0027716557184856,
    "aiter_compact_detail_wgrad_dw1_gemm_ms_median": 0.9709709882736206,
    "aiter_compact_detail_wgrad_dw1_gemm_ms_min": 0.9426109790802002,
    "aiter_compact_detail_wgrad_dw2_gemm_ms_max": 1.1814550161361694,
    "aiter_compact_detail_wgrad_dw2_gemm_ms_mean": 1.0765870213508606,
    "aiter_compact_detail_wgrad_dw2_gemm_ms_median": 1.1116540431976318,
    "aiter_compact_detail_wgrad_dw2_gemm_ms_min": 0.9366520047187805,
    "aiter_compact_detail_wgrad_dw3_gemm_ms_max": 1.006011962890625,
    "aiter_compact_detail_wgrad_dw3_gemm_ms_mean": 0.9732783238093058,
    "aiter_compact_detail_wgrad_dw3_gemm_ms_median": 0.9822120070457458,
    "aiter_compact_detail_wgrad_dw3_gemm_ms_min": 0.9316110014915466,
    "aiter_compact_detail_xgrad_reduce_only_ms_max": 0.5830069780349731,
    "aiter_compact_detail_xgrad_reduce_only_ms_mean": 0.5730070074399313,
    "aiter_compact_detail_xgrad_reduce_only_ms_median": 0.5772470235824585,
    "aiter_compact_detail_xgrad_reduce_only_ms_min": 0.5587670207023621,
    "aiter_compact_detail_xgrad_w1_gemm_ms_max": 1.1774150133132935,
    "aiter_compact_detail_xgrad_w1_gemm_ms_mean": 1.015773336092631,
    "aiter_compact_detail_xgrad_w1_gemm_ms_median": 0.9658529758453369,
    "aiter_compact_detail_xgrad_w1_gemm_ms_min": 0.9040520191192627,
    "aiter_compact_detail_xgrad_w3_gemm_ms_max": 1.636860966682434,
    "aiter_compact_detail_xgrad_w3_gemm_ms_mean": 1.4913259744644165,
    "aiter_compact_detail_xgrad_w3_gemm_ms_median": 1.6018610000610352,
    "aiter_compact_detail_xgrad_w3_gemm_ms_min": 1.2352559566497803,
    "aiter_compact_dgrad_swiglu_ms_max": 2.310628890991211,
    "aiter_compact_dgrad_swiglu_ms_mean": 2.247507890065511,
    "aiter_compact_dgrad_swiglu_ms_median": 2.244227886199951,
    "aiter_compact_dgrad_swiglu_ms_min": 2.187666893005371,
    "aiter_compact_forward_recompute_ms_max": 4.5948967933654785,
    "aiter_compact_forward_recompute_ms_mean": 4.202091693878174,
    "aiter_compact_forward_recompute_ms_median": 4.2726922035217285,
    "aiter_compact_forward_recompute_ms_min": 3.7386860847473145,
    "aiter_compact_full_vjp_ms_max": 13.233755111694336,
    "aiter_compact_full_vjp_ms_mean": 12.288286844889322,
    "aiter_compact_full_vjp_ms_median": 12.168996810913086,
    "aiter_compact_full_vjp_ms_min": 11.462108612060547,
    "aiter_compact_full_vjp_single_wall_ms": 11.738335946574807,
    "aiter_compact_wgrad_ms_max": 3.399600028991699,
    "aiter_compact_wgrad_ms_mean": 3.093223730723063,
    "aiter_compact_wgrad_ms_median": 3.0115160942077637,
    "aiter_compact_wgrad_ms_min": 2.8685550689697266,
    "aiter_compact_xgrad_reduce_ms_max": 2.7182729244232178,