{
  "checks": {
    "primus_turbo_dtopk": {
      "atol": 0.75,
      "dtype": "torch.float32",
      "max_abs": 0.043169498443603516,
      "mean_abs": 6.111430411692709e-05,
      "ok": true,
      "pct_close": 100.0,
      "rel_l2": 0.00022257269863407234,
      "rtol": 0.03,
      "shape": [
        32768,
        6
      ]
    },
    "primus_turbo_dw1": {
      "atol": 0.75,
      "dtype": "torch.bfloat16",
      "max_abs": 0.00390625,
      "mean_abs": 9.176904995911173e-07,
      "ok": true,
      "pct_close": 100.0,
      "rel_l2": 0.00019050464010586458,
      "rtol": 0.03,
      "shape": [
        32,
        2048,
        4096
      ]
    },
    "primus_turbo_dw2": {
      "atol": 0.75,
      "dtype": "torch.bfloat16",
      "max_abs": 0.001953125,
      "mean_abs": 7.739618581581453e-07,
      "ok": true,
      "pct_close": 100.0,
      "rel_l2": 0.000176901982174765,
      "rtol": 0.03,
      "shape": [
        32,
        4096,
        2048
      ]
    },
    "primus_turbo_dw3": {
      "atol": 0.75,
      "dtype": "torch.bfloat16",
      "max_abs": 0.00390625,
      "mean_abs": 7.666073997825151e-07,
      "ok": true,
      "pct_close": 100.0,
      "rel_l2": 0.00017649796071628307,
      "rtol": 0.03,
      "shape": [
        32,
        2048,
        4096
      ]
    },
    "primus_turbo_dx": {
      "atol": 0.75,
      "dtype": "torch.bfloat16",
      "max_abs": 0.03125,
      "mean_abs": 0.0001707143965177238,
      "ok": true,
      "pct_close": 100.0,
      "rel_l2": 0.00272432514468107,
      "rtol": 0.03,
      "shape": [
        32768,
        4096
      ]
    }
  },
  "detail_enabled": false,
  "estimated_flops": {
    "detail_gemm_each": 414313349120.0,
    "forward_recompute_gemm": 1242940047360.0,
    "full_vjp_gemm_family": 3728820142080.0,
    "fused_w13_detail_forward_gate_up_gemm": 828626698240.0,
    "saved_hidden_output_vjp_gemm_family": 2485880094720.0,
    "saved_hidden_vjp_gemm_family": 2900193443840.0,
    "stage1_hidden_output_vjp_gemm_family": 2900193443840.0,
    "stage1_hidden_vjp_gemm_family": 3314506792960.0,
    "w2_dgrad_gemm": 414313349120.0,
    "wgrad_gemms": 1242940047360.0,
    "xgrad_gemms": 828626698240.0
  },
  "estimated_tflops": {
    "primus_turbo_compact_dgrad_swiglu": 187.62925750011365,
    "primus_turbo_compact_forward_recompute": 333.1271548170587,
    "primus_turbo_compact_full_vjp": 351.18387348076755,
    "primus_turbo_compact_wgrad": 495.4099643644613,
    "primus_turbo_compact_xgrad_reduce": 353.31826487185333,
    "torch_padded_dgrad_swiglu": 235.68050360075713,
    "torch_padded_forward_recompute": 468.787020276961,
    "torch_padded_full_vjp": 481.6435841506095,
    "torch_padded_wgrad": 588.326923243849,
    "torch_padded_xgrad_reduce": 503.88923768371035
  },
  "fused_w13_enabled": false,
  "ok": true,
  "prealloc_state": {},
  "prealloc_triton_swiglu_enabled": false,
  "primus_turbo_auto_tune": false,
  "primus_turbo_backend": "hipblaslt",
  "primus_turbo_enabled": true,
  "probe": "owned_expert_vjp_ep_shape",
  "read": "Models the local owner-rank VJP behind MORI routed backward. It compares retained padded torch.bmm-style grouped expert math against AITER compact grouped GMM/TGMM at the EP-local shape.",
  "route_stats": {
    "assignments_to_owner_rank": 24695,
    "expected_assignments_uniform": 24576.0,
    "expert_start": 0,
    "expert_stop": 32,
    "local_experts": 32,
    "max_per_local_expert": 816,
    "mean_per_local_expert": 771.71875,
    "min_per_local_expert": 708,
    "owner_rank": 0,
    "padded_rows_local_max": 26112,
    "padding_multiplier_local_max": 1.0573800364446244,
    "source_tokens_all_ranks": 32768,
    "tokens_per_rank": 4096,
    "tokens_with_owner_expert": 18215,
    "topk": 6,
    "total_experts": 256,
    "world_size": 8
  },
  "saved_activation_enabled": false,
  "saved_activation_state": {},
  "shape": {
    "backend": "torch",
    "dtype": "bfloat16",
    "experts": 256,
    "hidden": 4096,
    "intermediate": 2048,
    "local_experts": 32,
    "source_tokens_all_ranks": 32768,
    "tokens_per_rank": 4096,
    "topk": 6,
    "wgrad_op": "ptgmm",
    "world_size": 8
  },
  "timing_ms": {
    "primus_turbo_compact_dgrad_swiglu_ms_max": 2.2572290897369385,
    "primus_turbo_compact_dgrad_swiglu_ms_mean": 2.2098846435546875,
    "primus_turbo_compact_dgrad_swiglu_ms_median": 2.208148956298828,
    "primus_turbo_compact_dgrad_swiglu_ms_min": 2.1733880043029785,
    "primus_turbo_compact_forward_recompute_ms_max": 3.7853291034698486,
    "primus_turbo_compact_forward_recompute_ms_mean": 3.737048387527466,
    "primus_turbo_compact_forward_recompute_ms_median": 3.731127977371216,
    "primus_turbo_compact_forward_recompute_ms_min": 3.7124478816986084,
    "primus_turbo_compact_full_vjp_ms_max": 10.654857635498047,
    "primus_turbo_compact_full_vjp_ms_mean": 10.604481315612793,
    "primus_turbo_compact_full_vjp_ms_median": 10.617856979370117,
    "primus_turbo_compact_full_vjp_ms_min": 10.492655754089355,
    "primus_turbo_compact_full_vjp_single_wall_ms": 10.651479009538889,
    "primus_turbo_compact_wgrad_ms_max": 2.5225930213928223,
    "primus_turbo_compact_wgrad_ms_mean": 2.4936642169952394,
    "primus_turbo_compact_wgrad_ms_median": 2.5089120864868164,
    "primus_turbo_compact_wgrad_ms_min": 2.4430720806121826,
    "primus_turbo_compact_xgrad_reduce_ms_max": 2.4147109985351562,
    "primus_turbo_compact_xgrad_reduce_ms_mean": 2.3529983520507813,
    "primus_turbo_compact_xgrad_reduce_ms_median": 2.3452699184417725,
    "primus_turbo_compact_xgrad_reduce_ms_min": 2.3115499019622803,
    "torch_padded_dgrad_swiglu_ms_max": 1.7791850566864014,
    "torch_padded_dgrad_swiglu_ms_mean": 1.7608728170394898,
    "torch_padded_dgrad_swiglu_ms_median": 1.757944941520691,
    "torch_padded_dgrad_swiglu_ms_min": 1.74070405960083,
    "torch_padded_forward_recompute_ms_max": 2.816638946533203,
    "torch_padded_forward_recompute_ms_mean": 2.6649250030517577,
    "torch_padded_forward_recompute_ms_median": 2.6513960361480713,
    "torch_padded_forward_recompute_ms_min": 2.513154983520508,
    "torch_padded_full_vjp_ms_max": 8.083630561828613,
    "torch_padded_full_vjp_ms_mean": 7.813010883331299,
    "torch_padded_full_vjp_ms_median": 7.741866111755371,
    "torch_padded_full_vjp_ms_min": 7.6889848709106445,
    "torch_padded_full_vjp_single_wall_ms": 7.725866977125406,
    "torch_padded_wgrad_ms_max": 2.3390719890594482,
    "torch_padded_wgrad_ms_mean": 2.1282932281494142,
    "torch_padded_wgrad_ms_median": 2.112668991088867,
    "torch_padded_wgrad_ms_min": 2.0095880031585693,
    "torch_padded_xgrad_reduce_ms_max": 1.7108230590820312,
    "torch_padded_xgrad_reduce_ms_mean": 1.6561668157577514,
    "torch_padded_xgrad_reduce_ms_median": 1.644461989402771,
    "torch_padded_xgrad_reduce_ms_min": 1.621103048324585
  },
  "triton_swiglu_enabled": false,
  "versions": {
    "device": "AMD Instinct MI350X VF",
    "torch": "2.13.0a0+gitccf72d7",
    "torch_hip": "7.2.53211"
  }
}
