{
  "checks": {
    "triton_swiglu_dtopk": {
      "atol": 0.75,
      "dtype": "torch.float32",
      "max_abs": 0.00029248371720314026,
      "mean_abs": 1.6321564544341527e-05,
      "ok": true,
      "pct_close": 100.0,
      "rel_l2": 0.003335161031450717,
      "rtol": 0.03,
      "shape": [
        256,
        2
      ]
    },
    "triton_swiglu_dw1": {
      "atol": 0.75,
      "dtype": "torch.bfloat16",
      "max_abs": 0.0,
      "mean_abs": 0.0,
      "ok": true,
      "pct_close": 100.0,
      "rel_l2": 0.0,
      "rtol": 0.03,
      "shape": [
        4,
        128,
        256
      ]
    },
    "triton_swiglu_dw2": {
      "atol": 0.75,
      "dtype": "torch.bfloat16",
      "max_abs": 0.0001220703125,
      "mean_abs": 7.655929039174225e-06,
      "ok": true,
      "pct_close": 100.0,
      "rel_l2": 0.0034659047957771505,
      "rtol": 0.03,
      "shape": [
        4,
        256,
        128
      ]
    },
    "triton_swiglu_dw3": {
      "atol": 0.75,
      "dtype": "torch.bfloat16",
      "max_abs": 0.0,
      "mean_abs": 0.0,
      "ok": true,
      "pct_close": 100.0,
      "rel_l2": 0.0,
      "rtol": 0.03,
      "shape": [
        4,
        128,
        256
      ]
    },
    "triton_swiglu_dx": {
      "atol": 0.75,
      "dtype": "torch.bfloat16",
      "max_abs": 0.0,
      "mean_abs": 0.0,
      "ok": true,
      "pct_close": 100.0,
      "rel_l2": 0.0,
      "rtol": 0.03,
      "shape": [
        256,
        256
      ]
    }
  },
  "detail_enabled": true,
  "estimated_flops": {
    "detail_gemm_each": 8126464.0,
    "forward_recompute_gemm": 24379392.0,
    "full_vjp_gemm_family": 73138176.0,
    "w2_dgrad_gemm": 8126464.0,
    "wgrad_gemms": 24379392.0,
    "xgrad_gemms": 16252928.0
  },
  "estimated_tflops": {
    "torch_padded_detail_backward_w2_dgrad_gemm": 0.40189234720608913,
    "torch_padded_detail_forward_down_gemm": 0.3737937969872423,
    "torch_padded_detail_forward_gate_gemm": 0.24433144964140122,
    "torch_padded_detail_forward_up_gemm": 0.3847757630541744,
    "torch_padded_detail_wgrad_dw1_gemm": 0.34521937861675156,
    "torch_padded_detail_wgrad_dw2_gemm": 0.39068598980353175,
    "torch_padded_detail_wgrad_dw3_gemm": 0.3891984550228899,
    "torch_padded_detail_xgrad_w1_gemm": 0.3322280396848895,
    "torch_padded_detail_xgrad_w3_gemm": 0.46488738767603177,
    "torch_padded_dgrad_swiglu": 0.05751131740663518,
    "torch_padded_forward_recompute": 0.07827844990976315,
    "torch_padded_full_vjp": 0.12697434990886775,
    "torch_padded_wgrad": 0.34135005139178426,
    "torch_padded_xgrad_reduce": 0.17293752362269887,
    "triton_swiglu_padded_dgrad_swiglu": 0.11159506381288638,
    "triton_swiglu_padded_forward_recompute": 0.11211879661288172,
    "triton_swiglu_padded_full_vjp": 0.1891705960353525,
    "triton_swiglu_padded_wgrad": 0.4483071671111519,
    "triton_swiglu_padded_xgrad_reduce": 0.21003770972493135
  },
  "ok": true,
  "probe": "owned_expert_vjp_ep_shape",
  "read": "Models the local owner-rank VJP behind MORI routed backward. It compares retained padded torch.bmm-style grouped expert math against AITER compact grouped GMM/TGMM at the EP-local shape.",
  "route_stats": {
    "assignments_to_owner_rank": 124,
    "expected_assignments_uniform": 128.0,
    "expert_start": 0,
    "expert_stop": 4,
    "local_experts": 4,
    "max_per_local_expert": 38,
    "mean_per_local_expert": 31.0,
    "min_per_local_expert": 26,
    "owner_rank": 0,
    "padded_rows_local_max": 152,
    "padding_multiplier_local_max": 1.2258064516129032,
    "source_tokens_all_ranks": 256,
    "tokens_per_rank": 64,
    "tokens_with_owner_expert": 113,
    "topk": 2,
    "total_experts": 16,
    "world_size": 4
  },
  "shape": {
    "backend": "torch",
    "dtype": "bfloat16",
    "experts": 16,
    "hidden": 256,
    "intermediate": 128,
    "local_experts": 4,
    "source_tokens_all_ranks": 256,
    "tokens_per_rank": 64,
    "topk": 2,
    "wgrad_op": "ptgmm",
    "world_size": 4
  },
  "timing_ms": {
    "torch_padded_detail_backward_swiglu_ms_max": 0.10152100026607513,
    "torch_padded_detail_backward_swiglu_ms_mean": 0.10102099925279617,
    "torch_padded_detail_backward_swiglu_ms_median": 0.10102099925279617,
    "torch_padded_detail_backward_swiglu_ms_min": 0.10052099823951721,
    "torch_padded_detail_backward_w2_dgrad_gemm_ms_max": 0.02167999930679798,
    "torch_padded_detail_backward_w2_dgrad_gemm_ms_mean": 0.020220499485731125,
    "torch_padded_detail_backward_w2_dgrad_gemm_ms_median": 0.020220499485731125,
    "torch_padded_detail_backward_w2_dgrad_gemm_ms_min": 0.01876099966466427,
    "torch_padded_detail_forward_down_gemm_ms_max": 0.022321000695228577,
    "torch_padded_detail_forward_down_gemm_ms_mean": 0.021740499883890152,
    "torch_padded_detail_forward_down_gemm_ms_median": 0.021740499883890152,
    "torch_padded_detail_forward_down_gemm_ms_min": 0.021159999072551727,
    "torch_padded_detail_forward_dtopk_ms_max": 0.06024099886417389,
    "torch_padded_detail_forward_dtopk_ms_mean": 0.05110099911689758,
    "torch_padded_detail_forward_dtopk_ms_median": 0.05110099911689758,
    "torch_padded_detail_forward_dtopk_ms_min": 0.04196099936962128,
    "torch_padded_detail_forward_gate_gemm_ms_max": 0.041680000722408295,
    "torch_padded_detail_forward_gate_gemm_ms_mean": 0.03325999993830919,
    "torch_padded_detail_forward_gate_gemm_ms_median": 0.03325999993830919,
    "torch_padded_detail_forward_gate_gemm_ms_min": 0.02483999915421009,
    "torch_padded_detail_forward_swiglu_ms_max": 0.029519999399781227,
    "torch_padded_detail_forward_swiglu_ms_mean": 0.028719999827444553,
    "torch_padded_detail_forward_swiglu_ms_median": 0.028719999827444553,
    "torch_padded_detail_forward_swiglu_ms_min": 0.02792000025510788,
    "torch_padded_detail_forward_up_gemm_ms_max": 0.02191999927163124,
    "torch_padded_detail_forward_up_gemm_ms_mean": 0.021119999699294567,
    "torch_padded_detail_forward_up_gemm_ms_median": 0.021119999699294567,
    "torch_padded_detail_forward_up_gemm_ms_min": 0.020320000126957893,
    "torch_padded_detail_wgrad_dw1_gemm_ms_max": 0.02507999911904335,
    "torch_padded_detail_wgrad_dw1_gemm_ms_mean": 0.02353999949991703,
    "torch_padded_detail_wgrad_dw1_gemm_ms_median": 0.02353999949991703,
    "torch_padded_detail_wgrad_dw1_gemm_ms_min": 0.02199999988079071,
    "torch_padded_detail_wgrad_dw2_gemm_ms_max": 0.020880000665783882,
    "torch_padded_detail_wgrad_dw2_gemm_ms_mean": 0.02080050017684698,
    "torch_padded_detail_wgrad_dw2_gemm_ms_median": 0.02080050017684698,
    "torch_padded_detail_wgrad_dw2_gemm_ms_min": 0.02072099968791008,
    "torch_padded_detail_wgrad_dw3_gemm_ms_max": 0.02112000063061714,
    "torch_padded_detail_wgrad_dw3_gemm_ms_mean": 0.020880000665783882,
    "torch_padded_detail_wgrad_dw3_gemm_ms_median": 0.020880000665783882,
    "torch_padded_detail_wgrad_dw3_gemm_ms_min": 0.020640000700950623,
    "torch_padded_detail_xgrad_reduce_only_ms_max": 0.03612099960446358,
    "torch_padded_detail_xgrad_reduce_only_ms_mean": 0.03318049944937229,
    "torch_padded_detail_xgrad_reduce_only_ms_median": 0.03318049944937229,
    "torch_padded_detail_xgrad_reduce_only_ms_min": 0.030239999294281006,
    "torch_padded_detail_xgrad_w1_gemm_ms_max": 0.03160100057721138,
    "torch_padded_detail_xgrad_w1_gemm_ms_mean": 0.024460500106215477,
    "torch_padded_detail_xgrad_w1_gemm_ms_median": 0.024460500106215477,
    "torch_padded_detail_xgrad_w1_gemm_ms_min": 0.017319999635219574,
    "torch_padded_detail_xgrad_w3_gemm_ms_max": 0.017841000109910965,
    "torch_padded_detail_xgrad_w3_gemm_ms_mean": 0.017480500042438507,
    "torch_padded_detail_xgrad_w3_gemm_ms_median": 0.017480500042438507,
    "torch_padded_detail_xgrad_w3_gemm_ms_min": 0.01711999997496605,
    "torch_padded_dgrad_swiglu_ms_max": 0.1443219929933548,
    "torch_padded_dgrad_swiglu_ms_mean": 0.14130199700593948,
    "torch_padded_dgrad_swiglu_ms_median": 0.14130199700593948,