{
  "checks": {
    "primus_turbo_dtopk": {
      "atol": 0.75,
      "dtype": "torch.float32",
      "max_abs": 3.841519355773926e-05,
      "mean_abs": 5.32927515450865e-08,
      "ok": true,
      "pct_close": 100.0,
      "rel_l2": 8.461917391613397e-06,
      "rtol": 0.03,
      "shape": [
        1024,
        2
      ]
    },
    "primus_turbo_dw1": {
      "atol": 0.75,
      "dtype": "torch.bfloat16",
      "max_abs": 0.0,
      "mean_abs": 0.0,
      "ok": true,
      "pct_close": 100.0,
      "rel_l2": 0.0,
      "rtol": 0.03,
      "shape": [
        8,
        512,
        1024
      ]
    },
    "primus_turbo_dw2": {
      "atol": 0.75,
      "dtype": "torch.bfloat16",
      "max_abs": 0.0,
      "mean_abs": 0.0,
      "ok": true,
      "pct_close": 100.0,
      "rel_l2": 0.0,
      "rtol": 0.03,
      "shape": [
        8,
        1024,
        512
      ]
    },
    "primus_turbo_dw3": {
      "atol": 0.75,
      "dtype": "torch.bfloat16",
      "max_abs": 0.0,
      "mean_abs": 0.0,
      "ok": true,
      "pct_close": 100.0,
      "rel_l2": 0.0,
      "rtol": 0.03,
      "shape": [
        8,
        512,
        1024
      ]
    },
    "primus_turbo_dx": {
      "atol": 0.75,
      "dtype": "torch.bfloat16",
      "max_abs": 0.00390625,
      "mean_abs": 2.331261566723697e-05,
      "ok": true,
      "pct_close": 100.0,
      "rel_l2": 0.002543021518810117,
      "rtol": 0.03,
      "shape": [
        1024,
        1024
      ]
    }
  },
  "detail_enabled": false,
  "estimated_flops": {
    "detail_gemm_each": 305135616.0,
    "forward_recompute_gemm": 915406848.0,
    "full_vjp_gemm_family": 2746220544.0,
    "fused_w13_detail_forward_gate_up_gemm": 610271232.0,
    "saved_hidden_output_vjp_gemm_family": 1830813696.0,
    "saved_hidden_vjp_gemm_family": 2135949312.0,
    "stage1_hidden_output_vjp_gemm_family": 2135949312.0,
    "stage1_hidden_vjp_gemm_family": 2441084928.0,
    "w2_dgrad_gemm": 305135616.0,
    "wgrad_gemms": 915406848.0,
    "xgrad_gemms": 610271232.0
  },
  "estimated_tflops": {
    "primus_turbo_compact_dgrad_swiglu": 0.8759605952225726,
    "primus_turbo_compact_forward_recompute": 1.2077412102770733,
    "primus_turbo_compact_full_vjp": 1.224314451775737,
    "primus_turbo_compact_wgrad": 1.4424294551660886,
    "primus_turbo_compact_xgrad_reduce": 1.3445503304217747,
    "torch_padded_dgrad_swiglu": 1.3930430081567162,
    "torch_padded_forward_recompute": 2.740866309279512,
    "torch_padded_full_vjp": 5.351540325377745,
    "torch_padded_wgrad": 7.108244901331125,
    "torch_padded_xgrad_reduce": 6.364882037997091
  },
  "fused_w13_enabled": false,
  "ok": true,
  "prealloc_state": {},
  "prealloc_triton_swiglu_enabled": false,
  "primus_turbo_auto_tune": false,
  "primus_turbo_backend": "hipblaslt",
  "primus_turbo_enabled": true,
  "probe": "owned_expert_vjp_ep_shape",
  "read": "Models the local owner-rank VJP behind MORI routed backward. It compares retained padded torch.bmm-style grouped expert math against AITER compact grouped GMM/TGMM at the EP-local shape.",
  "route_stats": {
    "assignments_to_owner_rank": 291,
    "expected_assignments_uniform": 256.0,
    "expert_start": 0,
    "expert_stop": 8,
    "local_experts": 8,
    "max_per_local_expert": 40,
    "mean_per_local_expert": 36.375,
    "min_per_local_expert": 30,
    "owner_rank": 0,
    "padded_rows_local_max": 320,
    "padding_multiplier_local_max": 1.0996563573883162,
    "source_tokens_all_ranks": 1024,
    "tokens_per_rank": 128,
    "tokens_with_owner_expert": 265,
    "topk": 2,
    "total_experts": 64,
    "world_size": 8
  },
  "saved_activation_enabled": false,
  "saved_activation_state": {},
  "shape": {
    "backend": "torch",
    "dtype": "bfloat16",
    "experts": 64,
    "hidden": 1024,
    "intermediate": 512,
    "local_experts": 8,
    "source_tokens_all_ranks": 1024,
    "tokens_per_rank": 128,
    "topk": 2,
    "wgrad_op": "ptgmm",
    "world_size": 8
  },
  "timing_ms": {
    "primus_turbo_compact_dgrad_swiglu_ms_max": 0.3584040105342865,
    "primus_turbo_compact_dgrad_swiglu_ms_mean": 0.34834399819374084,
    "primus_turbo_compact_dgrad_swiglu_ms_median": 0.34834399819374084,
    "primus_turbo_compact_dgrad_swiglu_ms_min": 0.3382839858531952,
    "primus_turbo_compact_forward_recompute_ms_max": 0.767490029335022,
    "primus_turbo_compact_forward_recompute_ms_mean": 0.7579495012760162,
    "primus_turbo_compact_forward_recompute_ms_median": 0.7579495012760162,
    "primus_turbo_compact_forward_recompute_ms_min": 0.7484089732170105,
    "primus_turbo_compact_full_vjp_ms_max": 2.245867967605591,
    "primus_turbo_compact_full_vjp_ms_mean": 2.243067979812622,
    "primus_turbo_compact_full_vjp_ms_median": 2.243067979812622,
    "primus_turbo_compact_full_vjp_ms_min": 2.2402679920196533,
    "primus_turbo_compact_full_vjp_single_wall_ms": 2.167575992643833,
    "primus_turbo_compact_wgrad_ms_max": 0.6848090291023254,
    "primus_turbo_compact_wgrad_ms_mean": 0.6346285045146942,
    "primus_turbo_compact_wgrad_ms_median": 0.6346285045146942,
    "primus_turbo_compact_wgrad_ms_min": 0.584447979927063,
    "primus_turbo_compact_xgrad_reduce_ms_max": 0.454925000667572,
    "primus_turbo_compact_xgrad_reduce_ms_mean": 0.4538850039243698,
    "primus_turbo_compact_xgrad_reduce_ms_median": 0.4538850039243698,
    "primus_turbo_compact_xgrad_reduce_ms_min": 0.4528450071811676,
    "torch_padded_dgrad_swiglu_ms_max": 0.26416298747062683,
    "torch_padded_dgrad_swiglu_ms_mean": 0.21904249489307404,
    "torch_padded_dgrad_swiglu_ms_median": 0.21904249489307404,
    "torch_padded_dgrad_swiglu_ms_min": 0.17392200231552124,
    "torch_padded_forward_recompute_ms_max": 0.4544459879398346,
    "torch_padded_forward_recompute_ms_mean": 0.33398449420928955,
    "torch_padded_forward_recompute_ms_median": 0.33398449420928955,
    "torch_padded_forward_recompute_ms_min": 0.2135230004787445,
    "torch_padded_full_vjp_ms_max": 0.5468850135803223,
    "torch_padded_full_vjp_ms_mean": 0.5131645053625107,
    "torch_padded_full_vjp_ms_median": 0.5131645053625107,
    "torch_padded_full_vjp_ms_min": 0.4794439971446991,
    "torch_padded_full_vjp_single_wall_ms": 0.45542302541434765,
    "torch_padded_wgrad_ms_max": 0.18224099278450012,
    "torch_padded_wgrad_ms_mean": 0.12878099456429482,
    "torch_padded_wgrad_ms_median": 0.12878099456429482,
    "torch_padded_wgrad_ms_min": 0.07532099634408951,
    "torch_padded_xgrad_reduce_ms_max": 0.10200099647045135,
    "torch_padded_xgrad_reduce_ms_mean": 0.09588099643588066,
    "torch_padded_xgrad_reduce_ms_median": 0.09588099643588066,
    "torch_padded_xgrad_reduce_ms_min": 0.08976099640130997
  },
  "triton_swiglu_enabled": false,
  "versions": {
    "device": "AMD Instinct MI350X VF",
    "torch": "2.13.0a0+gitccf72d7",
    "torch_hip": "7.2.53211"
  }
}
