{
  "checks": {
    "primus_turbo_dtopk": {
      "atol": 0.75,
      "dtype": "torch.float32",
      "max_abs": 0.00035716593265533447,
      "mean_abs": 6.391674105543643e-07,
      "ok": true,
      "pct_close": 100.0,
      "rel_l2": 8.308539776984161e-05,
      "rtol": 0.03,
      "shape": [
        1024,
        2
      ]
    },
    "primus_turbo_dw1": {
      "atol": 0.75,
      "dtype": "torch.bfloat16",
      "max_abs": 0.00048828125,
      "mean_abs": 1.1478553219035348e-08,
      "ok": true,
      "pct_close": 100.0,
      "rel_l2": 7.105341412465196e-05,
      "rtol": 0.03,
      "shape": [
        8,
        512,
        1024
      ]
    },
    "primus_turbo_dw2": {
      "atol": 0.75,
      "dtype": "torch.bfloat16",
      "max_abs": 0.00048828125,
      "mean_abs": 2.057587344950207e-08,
      "ok": true,
      "pct_close": 100.0,
      "rel_l2": 8.485919017187881e-05,
      "rtol": 0.03,
      "shape": [
        8,
        1024,
        512
      ]
    },
    "primus_turbo_dw3": {
      "atol": 0.75,
      "dtype": "torch.bfloat16",
      "max_abs": 0.000244140625,
      "mean_abs": 1.0756368240549818e-08,
      "ok": true,
      "pct_close": 100.0,
      "rel_l2": 5.039513960183516e-05,
      "rtol": 0.03,
      "shape": [
        8,
        512,
        1024
      ]
    },
    "primus_turbo_dx": {
      "atol": 0.75,
      "dtype": "torch.bfloat16",
      "max_abs": 0.00390625,
      "mean_abs": 2.3341433916357346e-05,
      "ok": true,
      "pct_close": 100.0,
      "rel_l2": 0.0025441561438283157,
      "rtol": 0.03,
      "shape": [
        1024,
        1024
      ]
    }
  },
  "detail_enabled": false,
  "estimated_flops": {
    "detail_gemm_each": 305135616.0,
    "forward_recompute_gemm": 915406848.0,
    "full_vjp_gemm_family": 2746220544.0,
    "fused_w13_detail_forward_gate_up_gemm": 610271232.0,
    "saved_hidden_output_vjp_gemm_family": 1830813696.0,
    "saved_hidden_vjp_gemm_family": 2135949312.0,
    "stage1_hidden_output_vjp_gemm_family": 2135949312.0,
    "stage1_hidden_vjp_gemm_family": 2441084928.0,
    "w2_dgrad_gemm": 305135616.0,
    "wgrad_gemms": 915406848.0,
    "xgrad_gemms": 610271232.0
  },
  "estimated_tflops": {
    "primus_turbo_compact_dgrad_swiglu": 1.2948019539982698,
    "primus_turbo_compact_forward_recompute": 2.3809980364296726,
    "primus_turbo_compact_full_vjp": 3.248473552324794,
    "primus_turbo_compact_wgrad": 3.142024556543015,
    "primus_turbo_compact_xgrad_reduce": 2.763634215461029,
    "torch_padded_dgrad_swiglu": 1.4669805202040462,
    "torch_padded_forward_recompute": 2.789148388110447,
    "torch_padded_full_vjp": 5.52376650218576,
    "torch_padded_wgrad": 7.170634890693761,
    "torch_padded_xgrad_reduce": 5.896311902889306
  },
  "fused_w13_enabled": false,
  "ok": true,
  "prealloc_state": {},
  "prealloc_triton_swiglu_enabled": false,
  "primus_turbo_auto_tune": false,
  "primus_turbo_backend": "triton",
  "primus_turbo_enabled": true,
  "probe": "owned_expert_vjp_ep_shape",
  "read": "Models the local owner-rank VJP behind MORI routed backward. It compares retained padded torch.bmm-style grouped expert math against AITER compact grouped GMM/TGMM at the EP-local shape.",
  "route_stats": {
    "assignments_to_owner_rank": 291,
    "expected_assignments_uniform": 256.0,
    "expert_start": 0,
    "expert_stop": 8,
    "local_experts": 8,
    "max_per_local_expert": 40,
    "mean_per_local_expert": 36.375,
    "min_per_local_expert": 30,
    "owner_rank": 0,
    "padded_rows_local_max": 320,
    "padding_multiplier_local_max": 1.0996563573883162,
    "source_tokens_all_ranks": 1024,
    "tokens_per_rank": 128,
    "tokens_with_owner_expert": 265,
    "topk": 2,
    "total_experts": 64,
    "world_size": 8
  },
  "saved_activation_enabled": false,
  "saved_activation_state": {},
  "shape": {
    "backend": "torch",
    "dtype": "bfloat16",
    "experts": 64,
    "hidden": 1024,
    "intermediate": 512,
    "local_experts": 8,
    "source_tokens_all_ranks": 1024,
    "tokens_per_rank": 128,
    "topk": 2,
    "wgrad_op": "ptgmm",
    "world_size": 8
  },
  "timing_ms": {
    "primus_turbo_compact_dgrad_swiglu_ms_max": 0.23728199303150177,
    "primus_turbo_compact_dgrad_swiglu_ms_mean": 0.23566199839115143,
    "primus_turbo_compact_dgrad_swiglu_ms_median": 0.23566199839115143,
    "primus_turbo_compact_dgrad_swiglu_ms_min": 0.2340420037508011,
    "primus_turbo_compact_forward_recompute_ms_max": 0.4412040114402771,
    "primus_turbo_compact_forward_recompute_ms_mean": 0.38446350395679474,
    "primus_turbo_compact_forward_recompute_ms_median": 0.38446350395679474,
    "primus_turbo_compact_forward_recompute_ms_min": 0.3277229964733124,
    "primus_turbo_compact_full_vjp_ms_max": 0.8526880145072937,
    "primus_turbo_compact_full_vjp_ms_mean": 0.8453879952430725,
    "primus_turbo_compact_full_vjp_ms_median": 0.8453879952430725,
    "primus_turbo_compact_full_vjp_ms_min": 0.8380879759788513,
    "primus_turbo_compact_full_vjp_single_wall_ms": 0.846134964376688,
    "primus_turbo_compact_wgrad_ms_max": 0.40972399711608887,
    "primus_turbo_compact_wgrad_ms_mean": 0.29134299606084824,
    "primus_turbo_compact_wgrad_ms_median": 0.29134299606084824,
    "primus_turbo_compact_wgrad_ms_min": 0.1729619950056076,
    "primus_turbo_compact_xgrad_reduce_ms_max": 0.24272200465202332,
    "primus_turbo_compact_xgrad_reduce_ms_mean": 0.22082199901342392,
    "primus_turbo_compact_xgrad_reduce_ms_median": 0.22082199901342392,
    "primus_turbo_compact_xgrad_reduce_ms_min": 0.19892199337482452,
    "torch_padded_dgrad_swiglu_ms_max": 0.26092299818992615,
    "torch_padded_dgrad_swiglu_ms_mean": 0.2080025002360344,
    "torch_padded_dgrad_swiglu_ms_median": 0.2080025002360344,
    "torch_padded_dgrad_swiglu_ms_min": 0.15508200228214264,
    "torch_padded_forward_recompute_ms_max": 0.4492439925670624,
    "torch_padded_forward_recompute_ms_mean": 0.3282029926776886,
    "torch_padded_forward_recompute_ms_median": 0.3282029926776886,
    "torch_padded_forward_recompute_ms_min": 0.20716199278831482,
    "torch_padded_full_vjp_ms_max": 0.528564989566803,
    "torch_padded_full_vjp_ms_mean": 0.4971644878387451,
    "torch_padded_full_vjp_ms_median": 0.4971644878387451,
    "torch_padded_full_vjp_ms_min": 0.46576398611068726,
    "torch_padded_full_vjp_single_wall_ms": 0.4566118586808443,
    "torch_padded_wgrad_ms_max": 0.18552100658416748,
    "torch_padded_wgrad_ms_mean": 0.12766050174832344,
    "torch_padded_wgrad_ms_median": 0.12766050174832344,
    "torch_padded_wgrad_ms_min": 0.0697999969124794,
    "torch_padded_xgrad_reduce_ms_max": 0.10644099861383438,
    "torch_padded_xgrad_reduce_ms_mean": 0.10350050032138824,
    "torch_padded_xgrad_reduce_ms_median": 0.10350050032138824,
    "torch_padded_xgrad_reduce_ms_min": 0.10056000202894211
  },
  "triton_swiglu_enabled": false,
  "versions": {
    "device": "AMD Instinct MI350X VF",
    "torch": "2.13.0a0+gitccf72d7",
    "torch_hip": "7.2.53211"
  }
}
