{
  "checks": {
    "triton_swiglu_dtopk": {
      "atol": 0.75,
      "dtype": "torch.float32",
      "max_abs": 0.0967261791229248,
      "mean_abs": 0.002400430850684643,
      "ok": true,
      "pct_close": 100.0,
      "rel_l2": 0.0036502191293509303,
      "rtol": 0.03,
      "shape": [
        32768,
        6
      ]
    },
    "triton_swiglu_dw1": {
      "atol": 0.75,
      "dtype": "torch.bfloat16",
      "max_abs": 0.001953125,
      "mean_abs": 1.7482232550491972e-08,
      "ok": true,
      "pct_close": 100.0,
      "rel_l2": 2.7680347903395124e-05,
      "rtol": 0.03,
      "shape": [
        32,
        2048,
        4096
      ]
    },
    "triton_swiglu_dw2": {
      "atol": 0.75,
      "dtype": "torch.bfloat16",
      "max_abs": 0.00390625,
      "mean_abs": 0.0002537023974582553,
      "ok": true,
      "pct_close": 100.0,
      "rel_l2": 0.0036301977599979365,
      "rtol": 0.03,
      "shape": [
        32,
        4096,
        2048
      ]
    },
    "triton_swiglu_dw3": {
      "atol": 0.75,
      "dtype": "torch.bfloat16",
      "max_abs": 0.0,
      "mean_abs": 0.0,
      "ok": true,
      "pct_close": 100.0,
      "rel_l2": 0.0,
      "rtol": 0.03,
      "shape": [
        32,
        2048,
        4096
      ]
    },
    "triton_swiglu_dx": {
      "atol": 0.75,
      "dtype": "torch.bfloat16",
      "max_abs": 0.015625,
      "mean_abs": 2.0563899738590408e-07,
      "ok": true,
      "pct_close": 100.0,
      "rel_l2": 0.00010848036322462498,
      "rtol": 0.03,
      "shape": [
        32768,
        4096
      ]
    },
    "triton_swiglu_saved_hidden_dtopk": {
      "atol": 0.75,
      "dtype": "torch.float32",
      "max_abs": 0.0967261791229248,
      "mean_abs": 0.002400430850684643,
      "ok": true,
      "pct_close": 100.0,
      "rel_l2": 0.0036502191293509303,
      "rtol": 0.03,
      "shape": [
        32768,
        6
      ]
    },
    "triton_swiglu_saved_hidden_dw1": {
      "atol": 0.75,
      "dtype": "torch.bfloat16",
      "max_abs": 0.001953125,
      "mean_abs": 1.7482232550491972e-08,
      "ok": true,
      "pct_close": 100.0,
      "rel_l2": 2.7680347903395124e-05,
      "rtol": 0.03,
      "shape": [
        32,
        2048,
        4096
      ]
    },
    "triton_swiglu_saved_hidden_dw2": {
      "atol": 0.75,
      "dtype": "torch.bfloat16",
      "max_abs": 0.00390625,
      "mean_abs": 0.0002537023974582553,
      "ok": true,
      "pct_close": 100.0,
      "rel_l2": 0.0036301977599979365,
      "rtol": 0.03,
      "shape": [
        32,
        4096,
        2048
      ]
    },
    "triton_swiglu_saved_hidden_dw3": {
      "atol": 0.75,
      "dtype": "torch.bfloat16",
      "max_abs": 0.0,
      "mean_abs": 0.0,
      "ok": true,
      "pct_close": 100.0,
      "rel_l2": 0.0,
      "rtol": 0.03,
      "shape": [
        32,
        2048,
        4096
      ]
    },
    "triton_swiglu_saved_hidden_dx": {
      "atol": 0.75,
      "dtype": "torch.bfloat16",
      "max_abs": 0.0078125,
      "mean_abs": 1.8403946455691766e-07,
      "ok": true,
      "pct_close": 100.0,
      "rel_l2": 0.00010270229307521902,
      "rtol": 0.03,
      "shape": [
        32768,
        4096
      ]
    },
    "triton_swiglu_saved_hidden_output_dtopk": {
      "atol": 0.75,
      "dtype": "torch.float32",
      "max_abs": 0.0967261791229248,
      "mean_abs": 0.002400430850684643,
      "ok": true,
      "pct_close": 100.0,
      "rel_l2": 0.0036502191293509303,
      "rtol": 0.03,
      "shape": [
        32768,
        6
      ]
    },
    "triton_swiglu_saved_hidden_output_dw1": {
      "atol": 0.75,
      "dtype": "torch.bfloat16",
      "max_abs": 0.001953125,
      "mean_abs": 1.7482232550491972e-08,
      "ok": true,
      "pct_close": 100.0,
      "rel_l2": 2.7680347903395124e-05,
      "rtol": 0.03,
      "shape": [
        32,
        2048,
        4096
      ]
    },
    "triton_swiglu_saved_hidden_output_dw2": {
      "atol": 0.75,
      "dtype": "torch.bfloat16",
      "max_abs": 0.00390625,
      "mean_abs": 0.0002537023974582553,
      "ok": true,
      "pct_close": 100.0,
      "rel_l2": 0.0036301977599979365,
      "rtol": 0.03,
      "shape": [
        32,
        4096,
        2048
      ]
    },
    "triton_swiglu_saved_hidden_output_dw3": {
      "atol": 0.75,
      "dtype": "torch.bfloat16",
      "max_abs": 0.0,
      "mean_abs": 0.0,
      "ok": true,
      "pct_close": 100.0,
      "rel_l2": 0.0,
      "rtol": 0.03,
      "shape": [
        32,
        2048,
        4096
      ]
    },
    "triton_swiglu_saved_hidden_output_dx": {
      "atol": 0.75,
      "dtype": "torch.bfloat16",
      "max_abs": 0.015625,
      "mean_abs": 1.9481885260574927e-07,
      "ok": true,
      "pct_close": 100.0,
      "rel_l2": 0.00010492316664646022,
      "rtol": 0.03,
      "shape": [
        32768,
        4096
      ]
    }
  },
  "detail_enabled": true,
  "estimated_flops": {
    "detail_gemm_each": 414313349120.0,
    "forward_recompute_gemm": 1242940047360.0,
    "full_vjp_gemm_family": 3728820142080.0,
    "fused_w13_detail_forward_gate_up_gemm": 828626698240.0,
    "saved_hidden_output_vjp_gemm_family": 2485880094720.0,
    "saved_hidden_vjp_gemm_family": 2900193443840.0,
    "w2_dgrad_gemm": 414313349120.0,
    "wgrad_gemms": 1242940047360.0,
    "xgrad_gemms": 828626698240.0
  },
  "estimated_tflops": {
    "torch_padded_detail_backward_w2_dgrad_gemm": 757.6971831411882,
    "torch_padded_detail_forward_down_gemm": 739.2037184303807,
    "torch_padded_detail_forward_gate_gemm": 778.0736627382892,
    "torch_padded_detail_forward_up_gemm": 762.0438962340902,
    "torch_padded_detail_wgrad_dw1_gemm": 515.7975559155041,
    "torch_padded_detail_wgrad_dw2_gemm": 507.20923024646663,
    "torch_padded_detail_wgrad_dw3_gemm": 508.32938003045945,
    "torch_padded_detail_xgrad_w1_gemm": 722.4976137570761,
    "torch_padded_detail_xgrad_w3_gemm": 738.4659117933843,
    "torch_padded_dgrad_swiglu": 232.51734172735422,
    "torch_padded_forward_recompute": 471.1550478869009,
    "torch_padded_full_vjp": 480.8894560109106,
    "torch_padded_wgrad": 568.1274166269612,
    "torch_padded_xgrad_reduce": 448.0756280059525,
    "triton_swiglu_padded_dgrad_swiglu": 569.9196589012674,
    "triton_swiglu_padded_forward_recompute": 473.73413609874876,
    "triton_swiglu_padded_full_vjp": 562.6850151231292,
    "triton_swiglu_padded_wgrad": 615.3467113580258,
    "triton_swiglu_padded_xgrad_reduce": 509.5171508151989,
    "triton_swiglu_saved_hidden_full_vjp": 533.1217330873959,
    "triton_swiglu_saved_hidden_output_full_vjp": 507.49086406771363
  },
  "fused_w13_enabled": false,
  "ok": true,
  "probe": "owned_expert_vjp_ep_shape",
  "read": "Models the local owner-rank VJP behind MORI routed backward. It compares retained padded torch.bmm-style grouped expert math against AITER compact grouped GMM/TGMM at the EP-local shape.",
  "route_stats": {
    "assignments_to_owner_rank": 24695,
    "expected_assignments_uniform": 24576.0,
    "expert_start": 0,
    "expert_stop": 32,
    "local_experts": 32,
    "max_per_local_expert": 816,
    "mean_per_local_expert": 771.71875,
    "min_per_local_expert": 708,
    "owner_rank": 0,
    "padded_rows_local_max": 26112,
    "padding_multiplier_local_max": 1.0573800364446244,
    "source_tokens_all_ranks": 32768,
    "tokens_per_rank": 4096,
    "tokens_with_owner_expert": 18215,
    "topk": 6,
    "total_experts": 256,
    "world_size": 8
  },
  "saved_activation_enabled": true,
  "saved_activation_state": {
    "triton_swiglu_saved_hidden": {
      "save_output": false,
      "saved_tensor_bytes": 320864256,
      "saved_tensor_gib": 0.298828125,
      "saved_tensors": {
        "gate": {
          "bytes": 106954752,
          "dtype": "torch.bfloat16",
          "shape": [
            32,
            816,
            2048
          ]
        },
        "hidden": {
          "bytes": 106954752,
          "dtype": "torch.bfloat16",