{
  "checks": {
    "triton_swiglu_dtopk": {
      "atol": 0.75,
      "dtype": "torch.float32",
      "max_abs": 0.0967261791229248,
      "mean_abs": 0.00240043131634593,
      "ok": true,
      "pct_close": 100.0,
      "rel_l2": 0.0036502191293509303,
      "rtol": 0.03,
      "shape": [
        32768,
        6
      ]
    },
    "triton_swiglu_dw1": {
      "atol": 0.75,
      "dtype": "torch.bfloat16",
      "max_abs": 0.001953125,
      "mean_abs": 1.7482232550491972e-08,
      "ok": true,
      "pct_close": 100.0,
      "rel_l2": 2.7680335346993097e-05,
      "rtol": 0.03,
      "shape": [
        32,
        2048,
        4096
      ]
    },
    "triton_swiglu_dw2": {
      "atol": 0.75,
      "dtype": "torch.bfloat16",
      "max_abs": 0.00390625,
      "mean_abs": 0.0002537023974582553,
      "ok": true,
      "pct_close": 100.0,
      "rel_l2": 0.0036301960707213255,
      "rtol": 0.03,
      "shape": [
        32,
        4096,
        2048
      ]
    },
    "triton_swiglu_dw3": {
      "atol": 0.75,
      "dtype": "torch.bfloat16",
      "max_abs": 0.0,
      "mean_abs": 0.0,
      "ok": true,
      "pct_close": 100.0,
      "rel_l2": 0.0,
      "rtol": 0.03,
      "shape": [
        32,
        2048,
        4096
      ]
    },
    "triton_swiglu_dx": {
      "atol": 0.75,
      "dtype": "torch.bfloat16",
      "max_abs": 0.0078125,
      "mean_abs": 3.4143088356586304e-08,
      "ok": true,
      "pct_close": 100.0,
      "rel_l2": 3.562476162805052e-05,
      "rtol": 0.03,
      "shape": [
        32768,
        4096
      ]
    },
    "triton_swiglu_saved_hidden_dtopk": {
      "atol": 0.75,
      "dtype": "torch.float32",
      "max_abs": 0.0967261791229248,
      "mean_abs": 0.00240043131634593,
      "ok": true,
      "pct_close": 100.0,
      "rel_l2": 0.0036502191293509303,
      "rtol": 0.03,
      "shape": [
        32768,
        6
      ]
    },
    "triton_swiglu_saved_hidden_dw1": {
      "atol": 0.75,
      "dtype": "torch.bfloat16",
      "max_abs": 0.001953125,
      "mean_abs": 1.7482232550491972e-08,
      "ok": true,
      "pct_close": 100.0,
      "rel_l2": 2.7680335346993097e-05,
      "rtol": 0.03,
      "shape": [
        32,
        2048,
        4096
      ]
    },
    "triton_swiglu_saved_hidden_dw2": {
      "atol": 0.75,
      "dtype": "torch.bfloat16",
      "max_abs": 0.00390625,
      "mean_abs": 0.0002537023974582553,
      "ok": true,
      "pct_close": 100.0,
      "rel_l2": 0.0036301960707213255,
      "rtol": 0.03,
      "shape": [
        32,
        4096,
        2048
      ]
    },
    "triton_swiglu_saved_hidden_dw3": {
      "atol": 0.75,
      "dtype": "torch.bfloat16",
      "max_abs": 0.0,
      "mean_abs": 0.0,
      "ok": true,
      "pct_close": 100.0,
      "rel_l2": 0.0,
      "rtol": 0.03,
      "shape": [
        32,
        2048,
        4096
      ]
    },
    "triton_swiglu_saved_hidden_dx": {
      "atol": 0.75,
      "dtype": "torch.bfloat16",
      "max_abs": 0.0078125,
      "mean_abs": 3.4143088356586304e-08,
      "ok": true,
      "pct_close": 100.0,
      "rel_l2": 3.562476162805052e-05,
      "rtol": 0.03,
      "shape": [
        32768,
        4096
      ]
    },
    "triton_swiglu_saved_hidden_output_dtopk": {
      "atol": 0.75,
      "dtype": "torch.float32",
      "max_abs": 0.0967261791229248,
      "mean_abs": 0.00240043131634593,
      "ok": true,
      "pct_close": 100.0,
      "rel_l2": 0.0036502191293509303,
      "rtol": 0.03,
      "shape": [
        32768,
        6
      ]
    },
    "triton_swiglu_saved_hidden_output_dw1": {
      "atol": 0.75,
      "dtype": "torch.bfloat16",
      "max_abs": 0.001953125,
      "mean_abs": 1.7482232550491972e-08,
      "ok": true,
      "pct_close": 100.0,
      "rel_l2": 2.7680335346993097e-05,
      "rtol": 0.03,
      "shape": [
        32,
        2048,
        4096
      ]
    },
    "triton_swiglu_saved_hidden_output_dw2": {
      "atol": 0.75,
      "dtype": "torch.bfloat16",
      "max_abs": 0.00390625,
      "mean_abs": 0.0002537023974582553,
      "ok": true,
      "pct_close": 100.0,
      "rel_l2": 0.0036301960707213255,
      "rtol": 0.03,
      "shape": [
        32,
        4096,
        2048
      ]
    },
    "triton_swiglu_saved_hidden_output_dw3": {
      "atol": 0.75,
      "dtype": "torch.bfloat16",
      "max_abs": 0.0,
      "mean_abs": 0.0,
      "ok": true,
      "pct_close": 100.0,
      "rel_l2": 0.0,
      "rtol": 0.03,
      "shape": [
        32,
        2048,
        4096
      ]
    },
    "triton_swiglu_saved_hidden_output_dx": {
      "atol": 0.75,
      "dtype": "torch.bfloat16",
      "max_abs": 0.0078125,
      "mean_abs": 3.4143088356586304e-08,
      "ok": true,
      "pct_close": 100.0,
      "rel_l2": 3.562476162805052e-05,
      "rtol": 0.03,
      "shape": [
        32768,
        4096
      ]
    },
    "triton_swiglu_saved_stage1_hidden_dtopk": {
      "atol": 0.75,
      "dtype": "torch.float32",
      "max_abs": 0.0967261791229248,
      "mean_abs": 0.00240043131634593,
      "ok": true,
      "pct_close": 100.0,
      "rel_l2": 0.0036502191293509303,
      "rtol": 0.03,
      "shape": [
        32768,
        6
      ]
    },
    "triton_swiglu_saved_stage1_hidden_dw1": {
      "atol": 0.75,
      "dtype": "torch.bfloat16",
      "max_abs": 0.001953125,
      "mean_abs": 1.7482232550491972e-08,
      "ok": true,
      "pct_close": 100.0,
      "rel_l2": 2.7680335346993097e-05,
      "rtol": 0.03,
      "shape": [
        32,
        2048,
        4096
      ]
    },
    "triton_swiglu_saved_stage1_hidden_dw2": {
      "atol": 0.75,
      "dtype": "torch.bfloat16",
      "max_abs": 0.00390625,
      "mean_abs": 0.0002537023974582553,
      "ok": true,
      "pct_close": 100.0,
      "rel_l2": 0.0036301960707213255,
      "rtol": 0.03,
      "shape": [
        32,
        4096,
        2048
      ]
    },
    "triton_swiglu_saved_stage1_hidden_dw3": {
      "atol": 0.75,
      "dtype": "torch.bfloat16",
      "max_abs": 0.0,
      "mean_abs": 0.0,
      "ok": true,
      "pct_close": 100.0,
      "rel_l2": 0.0,
      "rtol": 0.03,
      "shape": [
        32,
        2048,
        4096
      ]
    },
    "triton_swiglu_saved_stage1_hidden_dx": {
      "atol": 0.75,
      "dtype": "torch.bfloat16",
      "max_abs": 0.0078125,
      "mean_abs": 3.4143088356586304e-08,
      "ok": true,
      "pct_close": 100.0,
      "rel_l2": 3.562476162805052e-05,
      "rtol": 0.03,
      "shape": [
        32768,
        4096
      ]
    },
    "triton_swiglu_saved_stage1_hidden_output_dtopk": {
      "atol": 0.75,
      "dtype": "torch.float32",
      "max_abs": 0.0967261791229248,
      "mean_abs": 0.00240043131634593,
      "ok": true,
      "pct_close": 100.0,
      "rel_l2": 0.0036502191293509303,
      "rtol": 0.03,
      "shape": [
        32768,
        6
      ]
    },
    "triton_swiglu_saved_stage1_hidden_output_dw1": {
      "atol": 0.75,
      "dtype": "torch.bfloat16",
      "max_abs": 0.001953125,
      "mean_abs": 1.7482232550491972e-08,
      "ok": true,
      "pct_close": 100.0,
      "rel_l2": 2.7680335346993097e-05,
      "rtol": 0.03,
      "shape": [
        32,
        2048,
        4096
      ]
    },
    "triton_swiglu_saved_stage1_hidden_output_dw2": {
      "atol": 0.75,
      "dtype": "torch.bfloat16",
      "max_abs": 0.00390625,
      "mean_abs": 0.0002537023974582553,
      "ok": true,
      "pct_close": 100.0,
      "rel_l2": 0.0036301960707213255,
      "rtol": 0.03,
      "shape": [
        32,
        4096,
        2048
      ]
    },
    "triton_swiglu_saved_stage1_hidden_output_dw3": {
      "atol": 0.75,
      "dtype": "torch.bfloat16",
      "max_abs": 0.0,
      "mean_abs": 0.0,
      "ok": true,
      "pct_close": 100.0,
      "rel_l2": 0.0,
      "rtol": 0.03,
      "shape": [
        32,
        2048,
        4096
      ]
    },
    "triton_swiglu_saved_stage1_hidden_output_dx": {
      "atol": 0.75,
      "dtype": "torch.bfloat16",