{
  "checks": {
    "primus_turbo_dtopk": {
      "atol": 0.75,
      "dtype": "torch.float32",
      "max_abs": 0.0,
      "mean_abs": 0.0,
      "ok": true,
      "pct_close": 100.0,
      "rel_l2": 0.0,
      "rtol": 0.03,
      "shape": [
        32768,
        6
      ]
    },
    "primus_turbo_dw1": {
      "atol": 0.75,
      "dtype": "torch.bfloat16",
      "max_abs": 0.00390625,
      "mean_abs": 2.85338956018677e-07,
      "ok": true,
      "pct_close": 100.0,
      "rel_l2": 0.00010666262942905945,
      "rtol": 0.03,
      "shape": [
        32,
        2048,
        4096
      ]
    },
    "primus_turbo_dw2": {
      "atol": 0.75,
      "dtype": "torch.bfloat16",
      "max_abs": 0.0,
      "mean_abs": 0.0,
      "ok": true,
      "pct_close": 100.0,
      "rel_l2": 0.0,
      "rtol": 0.03,
      "shape": [
        32,
        4096,
        2048
      ]
    },
    "primus_turbo_dw3": {
      "atol": 0.75,
      "dtype": "torch.bfloat16",
      "max_abs": 0.001953125,
      "mean_abs": 2.8216217629051243e-07,
      "ok": true,
      "pct_close": 100.0,
      "rel_l2": 0.00010716319427021434,
      "rtol": 0.03,
      "shape": [
        32,
        2048,
        4096
      ]
    },
    "primus_turbo_dx": {
      "atol": 0.75,
      "dtype": "torch.bfloat16",
      "max_abs": 0.03125,
      "mean_abs": 0.0001698884298093617,
      "ok": true,
      "pct_close": 100.0,
      "rel_l2": 0.002718382233647337,
      "rtol": 0.03,
      "shape": [
        32768,
        4096
      ]
    },
    "triton_swiglu_dtopk": {
      "atol": 0.75,
      "dtype": "torch.float32",
      "max_abs": 0.0967261791229248,
      "mean_abs": 0.00240043131634593,
      "ok": true,
      "pct_close": 100.0,
      "rel_l2": 0.0036502191293509303,
      "rtol": 0.03,
      "shape": [
        32768,
        6
      ]
    },
    "triton_swiglu_dw1": {
      "atol": 0.75,
      "dtype": "torch.bfloat16",
      "max_abs": 0.001953125,
      "mean_abs": 1.7482232550491972e-08,
      "ok": true,
      "pct_close": 100.0,
      "rel_l2": 2.7680335346993097e-05,
      "rtol": 0.03,
      "shape": [
        32,
        2048,
        4096
      ]
    },
    "triton_swiglu_dw2": {
      "atol": 0.75,
      "dtype": "torch.bfloat16",
      "max_abs": 0.00390625,
      "mean_abs": 0.0002537023974582553,
      "ok": true,
      "pct_close": 100.0,
      "rel_l2": 0.0036301960707213255,
      "rtol": 0.03,
      "shape": [
        32,
        4096,
        2048
      ]
    },
    "triton_swiglu_dw3": {
      "atol": 0.75,
      "dtype": "torch.bfloat16",
      "max_abs": 0.0,
      "mean_abs": 0.0,
      "ok": true,
      "pct_close": 100.0,
      "rel_l2": 0.0,
      "rtol": 0.03,
      "shape": [
        32,
        2048,
        4096
      ]
    },
    "triton_swiglu_dx": {
      "atol": 0.75,
      "dtype": "torch.bfloat16",
      "max_abs": 0.0078125,
      "mean_abs": 3.4143088356586304e-08,
      "ok": true,
      "pct_close": 100.0,
      "rel_l2": 3.562476162805052e-05,
      "rtol": 0.03,
      "shape": [
        32768,
        4096
      ]
    }
  },
  "detail_enabled": false,
  "estimated_flops": {
    "detail_gemm_each": 414313349120.0,
    "forward_recompute_gemm": 1242940047360.0,
    "full_vjp_gemm_family": 3728820142080.0,
    "fused_w13_detail_forward_gate_up_gemm": 828626698240.0,
    "saved_hidden_output_vjp_gemm_family": 2485880094720.0,
    "saved_hidden_vjp_gemm_family": 2900193443840.0,
    "stage1_hidden_output_vjp_gemm_family": 2900193443840.0,
    "stage1_hidden_vjp_gemm_family": 3314506792960.0,
    "w2_dgrad_gemm": 414313349120.0,
    "wgrad_gemms": 1242940047360.0,
    "xgrad_gemms": 828626698240.0
  },
  "estimated_tflops": {
    "primus_turbo_compact_dgrad_swiglu": 237.20293005393336,
    "primus_turbo_compact_forward_recompute": 455.0103956101864,
    "primus_turbo_compact_full_vjp": 478.7377266741692,
    "primus_turbo_compact_wgrad": 619.8383001351776,
    "primus_turbo_compact_xgrad_reduce": 419.7905734894915,
    "torch_padded_dgrad_swiglu": 234.90041250778435,
    "torch_padded_forward_recompute": 478.12153240124496,
    "torch_padded_full_vjp": 476.32322006567347,
    "torch_padded_wgrad": 596.2641237898895,
    "torch_padded_xgrad_reduce": 498.39780119724395,
    "triton_swiglu_padded_dgrad_swiglu": 610.8582057203976,
    "triton_swiglu_padded_forward_recompute": 477.3574905238234,
    "triton_swiglu_padded_full_vjp": 588.0713739987514,
    "triton_swiglu_padded_wgrad": 630.1966531066608,
    "triton_swiglu_padded_xgrad_reduce": 516.8257412564041
  },
  "fused_w13_enabled": false,
  "ok": true,
  "prealloc_state": {},
  "prealloc_triton_swiglu_enabled": false,
  "primus_turbo_auto_tune": false,
  "primus_turbo_backend": "triton",
  "primus_turbo_enabled": true,
  "probe": "owned_expert_vjp_ep_shape",
  "read": "Models the local owner-rank VJP behind MORI routed backward. It compares retained padded torch.bmm-style grouped expert math against AITER compact grouped GMM/TGMM at the EP-local shape.",
  "route_stats": {
    "assignments_to_owner_rank": 24695,
    "expected_assignments_uniform": 24576.0,
    "expert_start": 0,
    "expert_stop": 32,
    "local_experts": 32,
    "max_per_local_expert": 816,
    "mean_per_local_expert": 771.71875,
    "min_per_local_expert": 708,
    "owner_rank": 0,
    "padded_rows_local_max": 26112,
    "padding_multiplier_local_max": 1.0573800364446244,
    "source_tokens_all_ranks": 32768,
    "tokens_per_rank": 4096,
    "tokens_with_owner_expert": 18215,
    "topk": 6,
    "total_experts": 256,
    "world_size": 8
  },
  "saved_activation_enabled": false,
  "saved_activation_state": {},
  "shape": {
    "backend": "torch",
    "dtype": "bfloat16",
    "experts": 256,
    "hidden": 4096,
    "intermediate": 2048,
    "local_experts": 32,
    "source_tokens_all_ranks": 32768,
    "tokens_per_rank": 4096,
    "topk": 6,
    "wgrad_op": "ptgmm",
    "world_size": 8
  },
  "timing_ms": {
    "primus_turbo_compact_dgrad_swiglu_ms_max": 1.7544219493865967,
    "primus_turbo_compact_dgrad_swiglu_ms_mean": 1.747630000114441,
    "primus_turbo_compact_dgrad_swiglu_ms_median": 1.7466620206832886,
    "primus_turbo_compact_dgrad_swiglu_ms_min": 1.7411420345306396,
    "primus_turbo_compact_forward_recompute_ms_max": 3.213279962539673,
    "primus_turbo_compact_forward_recompute_ms_mean": 2.8219153881073,
    "primus_turbo_compact_forward_recompute_ms_median": 2.7316739559173584,
    "primus_turbo_compact_forward_recompute_ms_min": 2.642313003540039,
    "primus_turbo_compact_full_vjp_ms_max": 7.908139228820801,
    "primus_turbo_compact_full_vjp_ms_mean": 7.781905460357666,
    "primus_turbo_compact_full_vjp_ms_median": 7.788857936859131,
    "primus_turbo_compact_full_vjp_ms_min": 7.687975883483887,
    "primus_turbo_compact_full_vjp_single_wall_ms": 7.751767989248037,
    "primus_turbo_compact_wgrad_ms_max": 2.308868885040283,
    "primus_turbo_compact_wgrad_ms_mean": 2.065785765647888,
    "primus_turbo_compact_wgrad_ms_median": 2.0052649974823,
    "primus_turbo_compact_wgrad_ms_min": 1.902343988418579,
    "primus_turbo_compact_xgrad_reduce_ms_max": 2.199747085571289,
    "primus_turbo_compact_xgrad_reduce_ms_mean": 2.0135127782821653,
    "primus_turbo_compact_xgrad_reduce_ms_median": 1.9739049673080444,
    "primus_turbo_compact_xgrad_reduce_ms_min": 1.8962229490280151,
    "torch_padded_dgrad_swiglu_ms_max": 1.7803419828414917,
    "torch_padded_dgrad_swiglu_ms_mean": 1.7608861684799195,
    "torch_padded_dgrad_swiglu_ms_median": 1.7637829780578613,
    "torch_padded_dgrad_swiglu_ms_min": 1.735901951789856,
    "torch_padded_forward_recompute_ms_max": 2.904917001724243,
    "torch_padded_forward_recompute_ms_mean": 2.6872376441955566,
    "torch_padded_forward_recompute_ms_median": 2.5996320247650146,
    "torch_padded_forward_recompute_ms_min": 2.520332098007202,
    "torch_padded_full_vjp_ms_max": 7.9132609367370605,
    "torch_padded_full_vjp_ms_mean": 7.76151475906372,