{
  "checks": {
    "fused_w13_dtopk": {
      "atol": 0.75,
      "dtype": "torch.float32",
      "max_abs": 0.0967261791229248,
      "mean_abs": 0.002400430850684643,
      "ok": true,
      "pct_close": 100.0,
      "rel_l2": 0.0036502191293509303,
      "rtol": 0.03,
      "shape": [
        32768,
        6
      ]
    },
    "fused_w13_dw1": {
      "atol": 0.75,
      "dtype": "torch.bfloat16",
      "max_abs": 0.001953125,
      "mean_abs": 1.7482232550491972e-08,
      "ok": true,
      "pct_close": 100.0,
      "rel_l2": 2.7680347903395124e-05,
      "rtol": 0.03,
      "shape": [
        32,
        2048,
        4096
      ]
    },
    "fused_w13_dw2": {
      "atol": 0.75,
      "dtype": "torch.bfloat16",
      "max_abs": 0.00390625,
      "mean_abs": 0.0002537023974582553,
      "ok": true,
      "pct_close": 100.0,
      "rel_l2": 0.0036301977599979365,
      "rtol": 0.03,
      "shape": [
        32,
        4096,
        2048
      ]
    },
    "fused_w13_dw3": {
      "atol": 0.75,
      "dtype": "torch.bfloat16",
      "max_abs": 0.0,
      "mean_abs": 0.0,
      "ok": true,
      "pct_close": 100.0,
      "rel_l2": 0.0,
      "rtol": 0.03,
      "shape": [
        32,
        2048,
        4096
      ]
    },
    "fused_w13_dx": {
      "atol": 0.75,
      "dtype": "torch.bfloat16",
      "max_abs": 0.03125,
      "mean_abs": 0.00014338738401420414,
      "ok": true,
      "pct_close": 100.0,
      "rel_l2": 0.0024168515343271153,
      "rtol": 0.03,
      "shape": [
        32768,
        4096
      ]
    },
    "triton_swiglu_dtopk": {
      "atol": 0.75,
      "dtype": "torch.float32",
      "max_abs": 0.0967261791229248,
      "mean_abs": 0.002400430850684643,
      "ok": true,
      "pct_close": 100.0,
      "rel_l2": 0.0036502191293509303,
      "rtol": 0.03,
      "shape": [
        32768,
        6
      ]
    },
    "triton_swiglu_dw1": {
      "atol": 0.75,
      "dtype": "torch.bfloat16",
      "max_abs": 0.001953125,
      "mean_abs": 1.7482232550491972e-08,
      "ok": true,
      "pct_close": 100.0,
      "rel_l2": 2.7680347903395124e-05,
      "rtol": 0.03,
      "shape": [
        32,
        2048,
        4096
      ]
    },
    "triton_swiglu_dw2": {
      "atol": 0.75,
      "dtype": "torch.bfloat16",
      "max_abs": 0.00390625,
      "mean_abs": 0.0002537023974582553,
      "ok": true,
      "pct_close": 100.0,
      "rel_l2": 0.0036301977599979365,
      "rtol": 0.03,
      "shape": [
        32,
        4096,
        2048
      ]
    },
    "triton_swiglu_dw3": {
      "atol": 0.75,
      "dtype": "torch.bfloat16",
      "max_abs": 0.0,
      "mean_abs": 0.0,
      "ok": true,
      "pct_close": 100.0,
      "rel_l2": 0.0,
      "rtol": 0.03,
      "shape": [
        32,
        2048,
        4096
      ]
    },
    "triton_swiglu_dx": {
      "atol": 0.75,
      "dtype": "torch.bfloat16",
      "max_abs": 0.015625,
      "mean_abs": 2.6774651473715494e-07,
      "ok": true,
      "pct_close": 100.0,
      "rel_l2": 0.0001258585462057007,
      "rtol": 0.03,
      "shape": [
        32768,
        4096
      ]
    }
  },
  "detail_enabled": true,
  "estimated_flops": {
    "detail_gemm_each": 414313349120.0,
    "forward_recompute_gemm": 1242940047360.0,
    "full_vjp_gemm_family": 3728820142080.0,
    "fused_w13_detail_forward_gate_up_gemm": 828626698240.0,
    "w2_dgrad_gemm": 414313349120.0,
    "wgrad_gemms": 1242940047360.0,
    "xgrad_gemms": 828626698240.0
  },
  "estimated_tflops": {
    "fused_w13_padded_detail_forward_gate_up_gemm": 817.789337677643,
    "fused_w13_padded_detail_wgrad_dw13_gemm": 644.4971210866502,
    "fused_w13_padded_detail_xgrad_w13_gemm": 761.7930985438143,
    "fused_w13_padded_dgrad_swiglu": 539.3518311143105,
    "fused_w13_padded_forward_recompute": 466.0877938313857,
    "fused_w13_padded_full_vjp": 573.9584061845123,
    "fused_w13_padded_wgrad": 582.1119618912425,
    "fused_w13_padded_xgrad_reduce": 537.4069437177149,
    "torch_padded_detail_backward_w2_dgrad_gemm": 730.0341510964389,
    "torch_padded_detail_forward_down_gemm": 736.6277837373644,
    "torch_padded_detail_forward_gate_gemm": 711.1857791451773,
    "torch_padded_detail_forward_up_gemm": 736.3659741718401,
    "torch_padded_detail_wgrad_dw1_gemm": 587.6710208674175,
    "torch_padded_detail_wgrad_dw2_gemm": 623.95930175598,
    "torch_padded_detail_wgrad_dw3_gemm": 619.5543671850413,
    "torch_padded_detail_xgrad_w1_gemm": 771.9256539572738,
    "torch_padded_detail_xgrad_w3_gemm": 711.7722318337343,
    "torch_padded_dgrad_swiglu": 227.71713477326483,
    "torch_padded_forward_recompute": 446.13914497870593,
    "torch_padded_full_vjp": 480.6760072195335,
    "torch_padded_wgrad": 553.0802866578226,
    "torch_padded_xgrad_reduce": 412.55955709562244,
    "triton_swiglu_padded_dgrad_swiglu": 565.4387080246744,
    "triton_swiglu_padded_forward_recompute": 461.02536847872267,
    "triton_swiglu_padded_full_vjp": 565.2911957187807,
    "triton_swiglu_padded_wgrad": 614.5301022795426,
    "triton_swiglu_padded_xgrad_reduce": 508.65326199697034
  },
  "fused_w13_enabled": true,
  "ok": true,
  "probe": "owned_expert_vjp_ep_shape",
  "read": "Models the local owner-rank VJP behind MORI routed backward. It compares retained padded torch.bmm-style grouped expert math against AITER compact grouped GMM/TGMM at the EP-local shape.",
  "route_stats": {
    "assignments_to_owner_rank": 24695,
    "expected_assignments_uniform": 24576.0,
    "expert_start": 0,
    "expert_stop": 32,
    "local_experts": 32,
    "max_per_local_expert": 816,
    "mean_per_local_expert": 771.71875,
    "min_per_local_expert": 708,
    "owner_rank": 0,
    "padded_rows_local_max": 26112,
    "padding_multiplier_local_max": 1.0573800364446244,
    "source_tokens_all_ranks": 32768,
    "tokens_per_rank": 4096,
    "tokens_with_owner_expert": 18215,
    "topk": 6,
    "total_experts": 256,
    "world_size": 8
  },
  "shape": {
    "backend": "torch",
    "dtype": "bfloat16",
    "experts": 256,
    "hidden": 4096,
    "intermediate": 2048,
    "local_experts": 32,
    "source_tokens_all_ranks": 32768,
    "tokens_per_rank": 4096,
    "topk": 6,
    "wgrad_op": "ptgmm",
    "world_size": 8
  },
  "timing_ms": {
    "fused_w13_padded_detail_forward_dtopk_ms_max": 0.5936059951782227,
    "fused_w13_padded_detail_forward_dtopk_ms_mean": 0.5917926629384359,
    "fused_w13_padded_detail_forward_dtopk_ms_median": 0.5925660133361816,
    "fused_w13_padded_detail_forward_dtopk_ms_min": 0.5892059803009033,
    "fused_w13_padded_detail_forward_gate_up_gemm_ms_max": 1.020292043685913,
    "fused_w13_padded_detail_forward_gate_up_gemm_ms_mean": 1.015385349591573,
    "fused_w13_padded_detail_forward_gate_up_gemm_ms_median": 1.0132520198822021,
    "fused_w13_padded_detail_forward_gate_up_gemm_ms_min": 1.012611985206604,
    "fused_w13_padded_detail_wgrad_dw13_gemm_ms_max": 1.311015009880066,
    "fused_w13_padded_detail_wgrad_dw13_gemm_ms_mean": 1.291094978650411,
    "fused_w13_padded_detail_wgrad_dw13_gemm_ms_median": 1.28569495677948,
    "fused_w13_padded_detail_wgrad_dw13_gemm_ms_min": 1.276574969291687,
    "fused_w13_padded_detail_xgrad_reduce_only_ms_max": 0.5447260141372681,
    "fused_w13_padded_detail_xgrad_reduce_only_ms_mean": 0.5161526799201965,
    "fused_w13_padded_detail_xgrad_reduce_only_ms_median": 0.5032860040664673,
    "fused_w13_padded_detail_xgrad_reduce_only_ms_min": 0.5004460215568542,
    "fused_w13_padded_detail_xgrad_w13_gemm_ms_max": 1.1171729564666748,
    "fused_w13_padded_detail_xgrad_w13_gemm_ms_mean": 1.0823856194814045,
    "fused_w13_padded_detail_xgrad_w13_gemm_ms_median": 1.087731957435608,
    "fused_w13_padded_detail_xgrad_w13_gemm_ms_min": 1.0422519445419312,
    "fused_w13_padded_dgrad_swiglu_ms_max": 0.7713689804077148,
    "fused_w13_padded_dgrad_swiglu_ms_mean": 0.7686889966328939,
    "fused_w13_padded_dgrad_swiglu_ms_median": 0.7681689858436584,