{
  "checks": {
    "primus_turbo_dtopk": {
      "atol": 0.75,
      "dtype": "torch.float32",
      "max_abs": 0.00035716593265533447,
      "mean_abs": 6.391674105543643e-07,
      "ok": true,
      "pct_close": 100.0,
      "rel_l2": 8.308539776984161e-05,
      "rtol": 0.03,
      "shape": [
        1024,
        2
      ]
    },
    "primus_turbo_dw1": {
      "atol": 0.75,
      "dtype": "torch.bfloat16",
      "max_abs": 0.00048828125,
      "mean_abs": 1.1478553219035348e-08,
      "ok": true,
      "pct_close": 100.0,
      "rel_l2": 7.105341412465196e-05,
      "rtol": 0.03,
      "shape": [
        8,
        512,
        1024
      ]
    },
    "primus_turbo_dw2": {
      "atol": 0.75,
      "dtype": "torch.bfloat16",
      "max_abs": 0.00048828125,
      "mean_abs": 2.057587344950207e-08,
      "ok": true,
      "pct_close": 100.0,
      "rel_l2": 8.485919017187881e-05,
      "rtol": 0.03,
      "shape": [
        8,
        1024,
        512
      ]
    },
    "primus_turbo_dw3": {
      "atol": 0.75,
      "dtype": "torch.bfloat16",
      "max_abs": 0.000244140625,
      "mean_abs": 1.0756368240549818e-08,
      "ok": true,
      "pct_close": 100.0,
      "rel_l2": 5.039513960183516e-05,
      "rtol": 0.03,
      "shape": [
        8,
        512,
        1024
      ]
    },
    "primus_turbo_dx": {
      "atol": 0.75,
      "dtype": "torch.bfloat16",
      "max_abs": 0.00390625,
      "mean_abs": 2.3341433916357346e-05,
      "ok": true,
      "pct_close": 100.0,
      "rel_l2": 0.0025441561438283157,
      "rtol": 0.03,
      "shape": [
        1024,
        1024
      ]
    }
  },
  "detail_enabled": false,
  "estimated_flops": {
    "detail_gemm_each": 305135616.0,
    "forward_recompute_gemm": 915406848.0,
    "full_vjp_gemm_family": 2746220544.0,
    "fused_w13_detail_forward_gate_up_gemm": 610271232.0,
    "saved_hidden_output_vjp_gemm_family": 1830813696.0,
    "saved_hidden_vjp_gemm_family": 2135949312.0,
    "stage1_hidden_output_vjp_gemm_family": 2135949312.0,
    "stage1_hidden_vjp_gemm_family": 2441084928.0,
    "w2_dgrad_gemm": 305135616.0,
    "wgrad_gemms": 915406848.0,
    "xgrad_gemms": 610271232.0
  },
  "estimated_tflops": {
    "primus_turbo_compact_dgrad_swiglu": 1.4818019242081004,
    "primus_turbo_compact_forward_recompute": 2.8009168951989856,
    "primus_turbo_compact_full_vjp": 3.305310438438525,
    "primus_turbo_compact_wgrad": 2.578000818954555,
    "primus_turbo_compact_xgrad_reduce": 2.595545924087365,
    "torch_padded_dgrad_swiglu": 1.4122562916144297,
    "torch_padded_forward_recompute": 3.1676786628605176,
    "torch_padded_full_vjp": 5.343189915225188,
    "torch_padded_wgrad": 7.49955440106554,
    "torch_padded_xgrad_reduce": 6.697335065025186
  },
  "fused_w13_enabled": false,
  "ok": true,
  "prealloc_state": {},
  "prealloc_triton_swiglu_enabled": false,
  "primus_turbo_auto_tune": false,
  "primus_turbo_backend": "triton",
  "primus_turbo_enabled": true,
  "probe": "owned_expert_vjp_ep_shape",
  "read": "Models the local owner-rank VJP behind MORI routed backward. It compares retained padded torch.bmm-style grouped expert math against AITER compact grouped GMM/TGMM at the EP-local shape.",
  "route_stats": {
    "assignments_to_owner_rank": 291,
    "expected_assignments_uniform": 256.0,
    "expert_start": 0,
    "expert_stop": 8,
    "local_experts": 8,
    "max_per_local_expert": 40,
    "mean_per_local_expert": 36.375,
    "min_per_local_expert": 30,
    "owner_rank": 0,
    "padded_rows_local_max": 320,
    "padding_multiplier_local_max": 1.0996563573883162,
    "source_tokens_all_ranks": 1024,
    "tokens_per_rank": 128,
    "tokens_with_owner_expert": 265,
    "topk": 2,
    "total_experts": 64,
    "world_size": 8
  },
  "saved_activation_enabled": false,
  "saved_activation_state": {},
  "shape": {
    "backend": "torch",
    "dtype": "bfloat16",
    "experts": 64,
    "hidden": 1024,
    "intermediate": 512,
    "local_experts": 8,
    "source_tokens_all_ranks": 1024,
    "tokens_per_rank": 128,
    "topk": 2,
    "wgrad_op": "ptgmm",
    "world_size": 8
  },
  "timing_ms": {
    "primus_turbo_compact_dgrad_swiglu_ms_max": 0.21048200130462646,
    "primus_turbo_compact_dgrad_swiglu_ms_mean": 0.20592200011014938,
    "primus_turbo_compact_dgrad_swiglu_ms_median": 0.20592200011014938,
    "primus_turbo_compact_dgrad_swiglu_ms_min": 0.2013619989156723,
    "primus_turbo_compact_forward_recompute_ms_max": 0.34636399149894714,
    "primus_turbo_compact_forward_recompute_ms_mean": 0.32682399451732635,
    "primus_turbo_compact_forward_recompute_ms_median": 0.32682399451732635,
    "primus_turbo_compact_forward_recompute_ms_min": 0.30728399753570557,
    "primus_turbo_compact_full_vjp_ms_max": 0.8394910097122192,
    "primus_turbo_compact_full_vjp_ms_mean": 0.8308510184288025,
    "primus_turbo_compact_full_vjp_ms_median": 0.8308510184288025,
    "primus_turbo_compact_full_vjp_ms_min": 0.8222110271453857,
    "primus_turbo_compact_full_vjp_single_wall_ms": 0.8155468385666609,
    "primus_turbo_compact_wgrad_ms_max": 0.5385259985923767,
    "primus_turbo_compact_wgrad_ms_mean": 0.35508400201797485,
    "primus_turbo_compact_wgrad_ms_median": 0.35508400201797485,
    "primus_turbo_compact_wgrad_ms_min": 0.171642005443573,
    "primus_turbo_compact_xgrad_reduce_ms_max": 0.2801229953765869,
    "primus_turbo_compact_xgrad_reduce_ms_mean": 0.23512249439954758,
    "primus_turbo_compact_xgrad_reduce_ms_median": 0.23512249439954758,
    "primus_turbo_compact_xgrad_reduce_ms_min": 0.19012199342250824,
    "torch_padded_dgrad_swiglu_ms_max": 0.27388298511505127,
    "torch_padded_dgrad_swiglu_ms_mean": 0.216062493622303,
    "torch_padded_dgrad_swiglu_ms_median": 0.216062493622303,
    "torch_padded_dgrad_swiglu_ms_min": 0.15824200212955475,
    "torch_padded_forward_recompute_ms_max": 0.39564499258995056,
    "torch_padded_forward_recompute_ms_mean": 0.2889834940433502,
    "torch_padded_forward_recompute_ms_median": 0.2889834940433502,
    "torch_padded_forward_recompute_ms_min": 0.18232199549674988,
    "torch_padded_full_vjp_ms_max": 0.5342869758605957,
    "torch_padded_full_vjp_ms_mean": 0.5139664858579636,
    "torch_padded_full_vjp_ms_median": 0.5139664858579636,
    "torch_padded_full_vjp_ms_min": 0.4936459958553314,
    "torch_padded_full_vjp_single_wall_ms": 0.4800229799002409,
    "torch_padded_wgrad_ms_max": 0.17568199336528778,
    "torch_padded_wgrad_ms_mean": 0.12206149846315384,
    "torch_padded_wgrad_ms_median": 0.12206149846315384,
    "torch_padded_wgrad_ms_min": 0.0684410035610199,
    "torch_padded_xgrad_reduce_ms_max": 0.09980200231075287,
    "torch_padded_xgrad_reduce_ms_mean": 0.09112150222063065,
    "torch_padded_xgrad_reduce_ms_median": 0.09112150222063065,
    "torch_padded_xgrad_reduce_ms_min": 0.08244100213050842
  },
  "triton_swiglu_enabled": false,
  "versions": {
    "device": "AMD Instinct MI350X VF",
    "torch": "2.13.0a0+gitccf72d7",
    "torch_hip": "7.2.53211"
  }
}
