{
  "attention_dims": {
    "compress_ratio": 128,
    "dsa_indexer_topk": 512,
    "kv_lora_rank": 512,
    "n_heads": 64,
    "qk_head_dim": 512,
    "qk_nope_head_dim": 448,
    "qk_rope_head_dim": 64,
    "v_head_dim": 512,
    "window_size": 128
  },
  "attribution_timing": {
    "captured_shapes": {
      "attn_sink": [
        64
      ],
      "indices": [
        1,
        4096,
        160
      ],
      "kv_bank": [
        1,
        4128,
        512
      ],
      "kv_compressed": [
        1,
        32,
        512
      ],
      "q": [
        1,
        4096,
        64,
        512
      ],
      "shared_out": [
        1,
        4096,
        64,
        512
      ],
      "top_indices": [
        1,
        4096,
        32
      ]
    },
    "combined_shared_kv_plus_output_projection_median_ms": 22.91982078552246,
    "derived_component_forward_ms": {
      "output_projection_fwd_bwd_minus_backward_only_median_ms": 1.3956940174102783,
      "shared_kv_fwd_bwd_minus_backward_only_median_ms": 1.4858264923095703
    },
    "derived_from_full_boundary": {
      "full_boundary_fwd_bwd_median_ms": null,
      "full_minus_shared_kv_and_output_projection_median_ms": null,
      "full_minus_shared_kv_median_ms": null
    },
    "enabled": true,
    "loss_contract": "square_mean_loss_on_component_output",
    "output_projection_backward_only": {
      "cuda_event": {
        "enabled": true,
        "max_ms": 2.213620901107788,
        "mean_ms": 2.136340618133545,
        "median_ms": 2.1539809703826904,
        "min_ms": 2.0414199829101562,
        "samples_ms": [
          2.0414199829101562,
          2.213620901107788,
          2.1539809703826904
        ],
        "stdev_ms": 0.08744527189981356
      },
      "enabled": true,
      "loss": 0.0030748837161809206,
      "peak_memory_allocated_bytes": 3128637440,
      "peak_memory_allocated_gib": 2.9137706756591797,
      "timed_contract": "forward prepared and synchronized before timing; event samples cover loss.backward() only",
      "timed_iters": 3,
      "wall": {
        "enabled": true,
        "max_ms": 2.240607049316168,
        "mean_ms": 2.1641573403030634,
        "median_ms": 2.1796359214931726,
        "min_ms": 2.0722290500998497,
        "samples_ms": [
          2.0722290500998497,
          2.240607049316168,
          2.1796359214931726
        ],
        "stdev_ms": 0.08524950153383133
      },
      "warmup_iters": 1
    },
    "output_projection_fwd_bwd": {
      "cuda_event": {
        "enabled": true,
        "max_ms": 3.894278049468994,
        "mean_ms": 3.645102341969808,
        "median_ms": 3.5496749877929688,
        "min_ms": 3.491353988647461,
        "samples_ms": [
          3.491353988647461,
          3.894278049468994,
          3.5496749877929688
        ],
        "stdev_ms": 0.21775383955540847
      },
      "enabled": true,
      "loss": 0.0030748837161809206,
      "peak_memory_allocated_bytes": 3162191872,
      "peak_memory_allocated_gib": 2.9450206756591797,
      "timed_iters": 3,
      "wall": {
        "enabled": true,
        "max_ms": 3.914767992682755,
        "mean_ms": 3.6865206978594265,
        "median_ms": 3.5751810064539313,
        "min_ms": 3.5696130944415927,
        "samples_ms": [
          3.5751810064539313,
          3.914767992682755,
          3.5696130944415927
        ],
        "stdev_ms": 0.19768755931183407
      },
      "warmup_iters": 1
    },
    "selected_count": 160,
    "shared_kv_backward_only": {
      "cuda_event": {
        "enabled": true,
        "max_ms": 17.959762573242188,
        "mean_ms": 17.905040740966797,
        "median_ms": 17.884319305419922,
        "min_ms": 17.87104034423828,
        "samples_ms": [
          17.959762573242188,
          17.884319305419922,
          17.87104034423828
        ],
        "stdev_ms": 0.0478533373778451
      },
      "enabled": true,
      "loss": 0.009241059422492981,
      "peak_memory_allocated_bytes": 5159695872,
      "peak_memory_allocated_gib": 4.8053412437438965,
      "timed_contract": "forward prepared and synchronized before timing; event samples cover loss.backward() only",
      "timed_iters": 3,
      "wall": {
        "enabled": true,
        "max_ms": 17.990007996559143,
        "mean_ms": 17.932595025437575,
        "median_ms": 17.910938011482358,
        "min_ms": 17.89683906827122,
        "samples_ms": [
          17.990007996559143,
          17.910938011482358,
          17.89683906827122
        ],
        "stdev_ms": 0.05021834315937109
      },
      "warmup_iters": 1
    },
    "shared_kv_fwd_bwd": {
      "cuda_event": {
        "enabled": true,
        "max_ms": 19.751792907714844,
        "mean_ms": 19.449547449747723,
        "median_ms": 19.370145797729492,
        "min_ms": 19.226703643798828,
        "samples_ms": [
          19.751792907714844,
          19.370145797729492,
          19.226703643798828
        ],
        "stdev_ms": 0.27140035100821763
      },
      "enabled": true,
      "loss": 0.009241059422492981,
      "peak_memory_allocated_bytes": 5159695872,
      "peak_memory_allocated_gib": 4.8053412437438965,
      "timed_iters": 3,
      "wall": {
        "enabled": true,
        "max_ms": 19.851268036291003,
        "mean_ms": 19.502791692502797,
        "median_ms": 19.41306295339018,
        "min_ms": 19.244044087827206,
        "samples_ms": [
          19.851268036291003,
          19.41306295339018,
          19.244044087827206
        ],
        "stdev_ms": 0.31339857348757355
      },
      "warmup_iters": 1
    },
    "timed_iters": 3,
    "warmup_iters": 1
  },
  "backend": {
    "backend_kind": "experimental_sparse_mla_shared_kv_triton_forward_explicit_backward",
    "backend_name": "deepseek_v4_sparse_mla_shared_kv_triton_forward_explicit_backward",
    "backend_path": "sources/wip/torchtitan/torchtitan/models/deepseek_v4/sparse_mla_shared_kv_triton_forward_backend.py",
    "module": null
  },
  "backward": {
    "enabled": false
  },
  "backward_timing": {
    "enabled": false
  },
  "batch": 1,
  "boundary": {
    "aux_loss": null,
    "compressed_x_shape": [
      1,
      32,
      4096
    ],
    "index_scores_shape": [
      1,
      4096,
      32
    ],
    "indices_shape": [
      1,
      4096,
      160
    ],
    "kv_bank_shape": [
      1,
      4128,
      512
    ],
    "kv_compressed_shape": [
      1,
      32,
      512
    ],
    "kv_shared_shape": [
      1,
      4096,
      512
    ],
    "q_shape": [
      1,
      4096,
      64,
      512
    ],
    "route_fanin": {
      "actual_compressed": {
        "gini": 0.34357682619647356,
        "max": 3969,
        "mean_all_rows": 1985.0,
        "mean_nonzero_rows": 1985.0,
        "min": 1,
        "min_nonzero": 1,
        "nonzero_rows": 32,
        "p50_all_rows": 1985.0,
        "p50_nonzero_rows": 1985.0,
        "p90_all_rows": 3572.2000000000003,
        "p90_nonzero_rows": 3572.2000000000003,
        "p99_all_rows": 3929.32,
        "p99_nonzero_rows": 3929.32,
        "rows": 32,
        "top16_share": 0.7579345088161209,
        "top1_share": 0.06248425692695214,
        "top64_share": 1.0,
        "top8_share": 0.4434508816120907,
        "total_selections": 63520,
        "zero_rows": 0
      },
      "actual_vs_prefix_total_selection_ratio": 1.0,
      "atomic_estimates": {
        "block_h_16": {
          "actual_atomic_add_elements": 130088960,
          "head_blocks": 4,
          "prefix_atomic_add_elements": 130088960
        },
        "block_h_64": {
          "actual_atomic_add_elements": 32522240,
          "head_blocks": 1,
          "prefix_atomic_add_elements": 32522240
        }
      },
      "compress_ratio": 128,
      "compressed_groups": 32,
      "prefix_compressed_same_topk": {
        "gini": 0.34357682619647356,
        "max": 3969,
        "mean_all_rows": 1985.0,
        "mean_nonzero_rows": 1985.0,
        "min": 1,
        "min_nonzero": 1,
        "nonzero_rows": 32,