{
  "attention_dims": {
    "compress_ratio": 128,
    "dsa_indexer_topk": 512,
    "kv_lora_rank": 512,
    "n_heads": 64,
    "qk_head_dim": 512,
    "qk_nope_head_dim": 448,
    "qk_rope_head_dim": 64,
    "v_head_dim": 512,
    "window_size": 128
  },
  "attribution_timing": {
    "captured_shapes": {
      "attn_sink": [
        64
      ],
      "indices": [
        4,
        4096,
        160
      ],
      "kv_bank": [
        4,
        4128,
        512
      ],
      "kv_compressed": [
        4,
        32,
        512
      ],
      "q": [
        4,
        4096,
        64,
        512
      ],
      "shared_out": [
        4,
        4096,
        64,
        512
      ],
      "top_indices": [
        4,
        4096,
        32
      ]
    },
    "combined_shared_kv_plus_output_projection_median_ms": 40.697875022888184,
    "derived_component_forward_ms": {
      "output_projection_fwd_bwd_minus_backward_only_median_ms": 4.103837013244629,
      "shared_kv_fwd_bwd_minus_backward_only_median_ms": 3.7633323669433594
    },
    "derived_from_full_boundary": {
      "full_boundary_fwd_bwd_median_ms": null,
      "full_minus_shared_kv_and_output_projection_median_ms": null,
      "full_minus_shared_kv_median_ms": null
    },
    "enabled": true,
    "loss_contract": "square_mean_loss_on_component_output",
    "output_projection_backward_only": {
      "cuda_event": {
        "enabled": true,
        "max_ms": 8.735722541809082,
        "mean_ms": 8.67644182840983,
        "median_ms": 8.688041687011719,
        "min_ms": 8.605561256408691,
        "samples_ms": [
          8.605561256408691,
          8.735722541809082,
          8.688041687011719
        ],
        "stdev_ms": 0.06585140540609845
      },
      "enabled": true,
      "loss": 0.003081462811678648,
      "peak_memory_allocated_bytes": 10126899200,
      "peak_memory_allocated_gib": 9.43140983581543,
      "timed_contract": "forward prepared and synchronized before timing; event samples cover loss.backward() only",
      "timed_iters": 3,
      "wall": {
        "enabled": true,
        "max_ms": 8.761844947002828,
        "mean_ms": 8.703023001241187,
        "median_ms": 8.713106974028051,
        "min_ms": 8.634117082692683,
        "samples_ms": [
          8.634117082692683,
          8.761844947002828,
          8.713106974028051
        ],
        "stdev_ms": 0.06445825556654773
      },
      "warmup_iters": 1
    },
    "output_projection_fwd_bwd": {
      "cuda_event": {
        "enabled": true,
        "max_ms": 14.06460952758789,
        "mean_ms": 13.138348261515299,
        "median_ms": 12.791878700256348,
        "min_ms": 12.55855655670166,
        "samples_ms": [
          14.06460952758789,
          12.791878700256348,
          12.55855655670166
        ],
        "stdev_ms": 0.8106045616933316
      },
      "enabled": true,
      "loss": 0.003081462811678648,
      "peak_memory_allocated_bytes": 10261116928,
      "peak_memory_allocated_gib": 9.55640983581543,
      "timed_iters": 3,
      "wall": {
        "enabled": true,
        "max_ms": 14.156266930513084,
        "mean_ms": 13.180657988414168,
        "median_ms": 12.810031999833882,
        "min_ms": 12.57567503489554,
        "samples_ms": [
          14.156266930513084,
          12.810031999833882,
          12.57567503489554
        ],
        "stdev_ms": 0.8529890988056658
      },
      "warmup_iters": 1
    },
    "selected_count": 160,
    "shared_kv_backward_only": {
      "cuda_event": {
        "enabled": true,
        "max_ms": 24.270864486694336,
        "mean_ms": 24.180479049682617,
        "median_ms": 24.142663955688477,
        "min_ms": 24.12790870666504,
        "samples_ms": [
          24.12790870666504,
          24.270864486694336,
          24.142663955688477
        ],
        "stdev_ms": 0.07862299130207046
      },
      "enabled": true,
      "loss": 0.009250544011592865,
      "peak_memory_allocated_bytes": 19295516160,
      "peak_memory_allocated_gib": 17.97034978866577,
      "timed_contract": "forward prepared and synchronized before timing; event samples cover loss.backward() only",
      "timed_iters": 3,
      "wall": {
        "enabled": true,
        "max_ms": 24.295208044350147,
        "mean_ms": 24.206576325620215,
        "median_ms": 24.16723093483597,
        "min_ms": 24.157289997674525,
        "samples_ms": [
          24.157289997674525,
          24.295208044350147,
          24.16723093483597
        ],
        "stdev_ms": 0.07691808455544401
      },
      "warmup_iters": 1
    },
    "shared_kv_fwd_bwd": {
      "cuda_event": {
        "enabled": true,
        "max_ms": 28.361083984375,
        "mean_ms": 28.043567021687824,
        "median_ms": 27.905996322631836,
        "min_ms": 27.86362075805664,
        "samples_ms": [
          28.361083984375,
          27.905996322631836,
          27.86362075805664
        ],
        "stdev_ms": 0.2757928358638655
      },
      "enabled": true,
      "loss": 0.009250544011592865,
      "peak_memory_allocated_bytes": 19295516160,
      "peak_memory_allocated_gib": 17.97034978866577,
      "timed_iters": 3,
      "wall": {
        "enabled": true,
        "max_ms": 28.451875085011125,
        "mean_ms": 28.10727502219379,
        "median_ms": 27.946610003709793,
        "min_ms": 27.92333997786045,
        "samples_ms": [
          28.451875085011125,
          27.92333997786045,
          27.946610003709793
        ],
        "stdev_ms": 0.29865913010661627
      },
      "warmup_iters": 1
    },
    "timed_iters": 3,
    "warmup_iters": 1
  },
  "backend": {
    "backend_kind": "experimental_sparse_mla_shared_kv_triton_forward_explicit_backward",
    "backend_name": "deepseek_v4_sparse_mla_shared_kv_triton_forward_explicit_backward",
    "backend_path": "sources/wip/torchtitan/torchtitan/models/deepseek_v4/sparse_mla_shared_kv_triton_forward_backend.py",
    "env": {
      "TORCHTITAN_DSV4_SPARSE_MLA_SHAREDKV_BACKWARD_MODE": "query_recompute",
      "TORCHTITAN_DSV4_TRITON_SPARSE_MLA_SHAREDKV_BLOCK_D": "128",
      "TORCHTITAN_DSV4_TRITON_SPARSE_MLA_SHAREDKV_BLOCK_H": "64",
      "TORCHTITAN_DSV4_TRITON_SPARSE_MLA_SHAREDKV_BLOCK_N": "64"
    },
    "module": null
  },
  "backward": {
    "enabled": false
  },
  "backward_timing": {
    "enabled": false
  },
  "batch": 4,
  "boundary": {
    "aux_loss": null,
    "compressed_x_shape": [
      4,
      32,
      4096
    ],
    "index_scores_shape": [
      4,
      4096,
      32
    ],
    "indices_shape": [
      4,
      4096,
      160
    ],
    "kv_bank_shape": [
      4,
      4128,
      512
    ],
    "kv_compressed_shape": [
      4,
      32,
      512
    ],
    "kv_shared_shape": [
      4,
      4096,
      512
    ],
    "q_shape": [
      4,
      4096,
      64,
      512
    ],
    "route_fanin": {
      "actual_compressed": {
        "gini": 0.34357682619647356,
        "max": 15876,
        "mean_all_rows": 7940.0,
        "mean_nonzero_rows": 7940.0,
        "min": 4,
        "min_nonzero": 4,
        "nonzero_rows": 32,
        "p50_all_rows": 7940.0,
        "p50_nonzero_rows": 7940.0,
        "p90_all_rows": 14288.800000000001,
        "p90_nonzero_rows": 14288.800000000001,
        "p99_all_rows": 15717.28,
        "p99_nonzero_rows": 15717.28,
        "rows": 32,
        "top16_share": 0.7579345088161209,
        "top1_share": 0.06248425692695214,
        "top64_share": 1.0,
        "top8_share": 0.4434508816120907,
        "total_selections": 254080,
        "zero_rows": 0
      },
      "actual_vs_prefix_total_selection_ratio": 4.0,
      "atomic_estimates": {
        "block_h_16": {
          "actual_atomic_add_elements": 520355840,
          "head_blocks": 4,
          "prefix_atomic_add_elements": 130088960
        },
        "block_h_64": {
          "actual_atomic_add_elements": 130088960,
          "head_blocks": 1,
          "prefix_atomic_add_elements": 32522240
        }
      },
      "compress_ratio": 128,