{
  "cases": {
    "full_wo_residual_rms_router_autocast_topk": {
      "grads": {
        "attention_output": {
          "abs_max": 4.40625,
          "dtype": "torch.bfloat16",
          "finite": true,
          "mean_abs": 0.6303776502609253,
          "nonfinite": 0,
          "shape": [
            4,
            4096,
            4096
          ]
        },
        "residual": {
          "abs_max": 4.53125,
          "dtype": "torch.bfloat16",
          "finite": true,
          "mean_abs": 0.6301384568214417,
          "nonfinite": 0,
          "shape": [
            4,
            4096,
            4096
          ]
        },
        "rms_weight": {
          "abs_max": 23.875,
          "dtype": "torch.bfloat16",
          "finite": true,
          "mean_abs": 16.20013427734375,
          "nonfinite": 0,
          "shape": [
            4096
          ]
        },
        "router_weight": {
          "abs_max": 38.75,
          "dtype": "torch.bfloat16",
          "finite": true,
          "mean_abs": 5.829536437988281,
          "nonfinite": 0,
          "shape": [
            256,
            4096
          ]
        },
        "wo_weight": {
          "abs_max": 6.3125,
          "dtype": "torch.bfloat16",
          "finite": true,
          "mean_abs": 0.901884913444519,
          "nonfinite": 0,
          "shape": [
            4096,
            4096
          ]
        }
      },
      "latency_ms": {
        "max": 3.3109540939331055,
        "mean": 3.2234060764312744,
        "median": 3.229072093963623,
        "min": 3.1301920413970947
      },
      "output": [
        {
          "abs_max": 2.214937210083008,
          "dtype": "torch.float32",
          "finite": true,
          "mean_abs": 1.5512771606445312,
          "nonfinite": 0,
          "shape": [
            4,
            4096,
            6
          ]
        },
        {
          "abs_max": 255.0,
          "dtype": "torch.int64",
          "finite": true,
          "mean_abs": 127.45919036865234,
          "nonfinite": 0,
          "shape": [
            4,
            4096,
            6
          ]
        }
      ],
      "peak_memory_gib": 3.2335433959960938,
      "status": "ok"
    },
    "full_wo_residual_rms_router_bf16_topk": {
      "grads": {
        "attention_output": {
          "abs_max": 4.40625,
          "dtype": "torch.bfloat16",
          "finite": true,
          "mean_abs": 0.6304523944854736,
          "nonfinite": 0,
          "shape": [
            4,
            4096,
            4096
          ]
        },
        "residual": {
          "abs_max": 4.5625,
          "dtype": "torch.bfloat16",
          "finite": true,
          "mean_abs": 0.6301935911178589,
          "nonfinite": 0,
          "shape": [
            4,
            4096,
            4096
          ]
        },
        "rms_weight": {
          "abs_max": 23.875,
          "dtype": "torch.bfloat16",
          "finite": true,
          "mean_abs": 16.201385498046875,
          "nonfinite": 0,
          "shape": [
            4096
          ]
        },
        "router_weight": {
          "abs_max": 38.75,
          "dtype": "torch.bfloat16",
          "finite": true,
          "mean_abs": 5.829576015472412,
          "nonfinite": 0,
          "shape": [
            256,
            4096
          ]
        },
        "wo_weight": {
          "abs_max": 6.5625,
          "dtype": "torch.bfloat16",
          "finite": true,
          "mean_abs": 0.9020060300827026,
          "nonfinite": 0,
          "shape": [
            4096,
            4096
          ]
        }
      },
      "latency_ms": {
        "max": 2.5264248847961426,
        "mean": 2.4478246370951333,
        "median": 2.4379050731658936,
        "min": 2.3791439533233643
      },
      "output": [
        {
          "abs_max": 2.2166693210601807,
          "dtype": "torch.float32",
          "finite": true,
          "mean_abs": 1.5512762069702148,
          "nonfinite": 0,
          "shape": [
            4,
            4096,
            6
          ]
        },
        {
          "abs_max": 255.0,
          "dtype": "torch.int64",
          "finite": true,
          "mean_abs": 126.8919677734375,
          "nonfinite": 0,
          "shape": [
            4,
            4096,
            6
          ]
        }
      ],
      "peak_memory_gib": 3.2335433959960938,
      "status": "ok"
    },
    "full_wo_residual_rms_shared_ffn": {
      "grads": {
        "attention_output": {
          "abs_max": 366.0,
          "dtype": "torch.bfloat16",
          "finite": true,
          "mean_abs": 48.18651580810547,
          "nonfinite": 0,
          "shape": [
            4,
            4096,
            4096
          ]
        },
        "residual": {
          "abs_max": 344.0,
          "dtype": "torch.bfloat16",
          "finite": true,
          "mean_abs": 48.16193389892578,
          "nonfinite": 0,
          "shape": [
            4,
            4096,
            4096
          ]
        },
        "rms_weight": {
          "abs_max": 1176.0,
          "dtype": "torch.bfloat16",
          "finite": true,
          "mean_abs": 233.26783752441406,
          "nonfinite": 0,
          "shape": [
            4096
          ]
        },
        "shared_w1": {
          "abs_max": 3056.0,
          "dtype": "torch.bfloat16",
          "finite": true,
          "mean_abs": 146.67648315429688,
          "nonfinite": 0,
          "shape": [
            2048,
            4096
          ]
        },
        "shared_w2": {
          "abs_max": 576.0,
          "dtype": "torch.bfloat16",
          "finite": true,
          "mean_abs": 128.39483642578125,
          "nonfinite": 0,
          "shape": [
            4096,
            2048
          ]
        },
        "shared_w3": {
          "abs_max": 3248.0,
          "dtype": "torch.bfloat16",
          "finite": true,
          "mean_abs": 145.55633544921875,
          "nonfinite": 0,
          "shape": [
            2048,
            4096
          ]
        },
        "wo_weight": {
          "abs_max": 668.0,
          "dtype": "torch.bfloat16",
          "finite": true,
          "mean_abs": 94.74066162109375,
          "nonfinite": 0,
          "shape": [
            4096,
            4096
          ]
        }
      },
      "latency_ms": {
        "max": 5.086812973022461,
        "mean": 4.987438996632894,
        "median": 4.949811935424805,
        "min": 4.925692081451416
      },
      "output": {
        "abs_max": 3.484375,
        "dtype": "torch.bfloat16",
        "finite": true,
        "mean_abs": 0.472665399312973,
        "nonfinite": 0,
        "shape": [
          4,
          4096,
          4096
        ]
      },
      "peak_memory_gib": 3.4472885131835938,
      "status": "ok"
    },
    "full_wo_residual_rms_shared_gateup": {
      "grads": {
        "attention_output": {
          "abs_max": 239.0,
          "dtype": "torch.bfloat16",
          "finite": true,
          "mean_abs": 33.99180221557617,
          "nonfinite": 0,
          "shape": [
            4,
            4096,
            4096
          ]
        },
        "residual": {
          "abs_max": 248.0,
          "dtype": "torch.bfloat16",
          "finite": true,
          "mean_abs": 33.96904373168945,
          "nonfinite": 0,
          "shape": [
            4,
            4096,
            4096
          ]
        },
        "rms_weight": {
          "abs_max": 736.0,
          "dtype": "torch.bfloat16",
          "finite": true,
          "mean_abs": 166.54745483398438,
          "nonfinite": 0,
          "shape": [
            4096
          ]
        },
        "shared_w1": {
          "abs_max": 892.0,
          "dtype": "torch.bfloat16",
          "finite": true,
          "mean_abs": 129.7115478515625,
          "nonfinite": 0,
          "shape": [
            2048,
            4096
          ]
        },