{
  "attention_dims": {
    "compress_ratio": 4,
    "dsa_indexer_topk": 512,
    "kv_lora_rank": 512,
    "n_heads": 64,
    "qk_head_dim": 512,
    "qk_nope_head_dim": 448,
    "qk_rope_head_dim": 64,
    "v_head_dim": 512,
    "window_size": 128
  },
  "attribution_timing": {
    "captured_shapes": {
      "attn_sink": [
        64
      ],
      "indices": [
        1,
        4096,
        640
      ],
      "kv_bank": [
        1,
        5120,
        512
      ],
      "kv_compressed": [
        1,
        1024,
        512
      ],
      "q": [
        1,
        4096,
        64,
        512
      ],
      "shared_out": [
        1,
        4096,
        64,
        512
      ],
      "top_indices": [
        1,
        4096,
        512
      ]
    },
    "combined_shared_kv_plus_output_projection_median_ms": 62.2803840637207,
    "derived_from_full_boundary": {
      "full_boundary_fwd_bwd_median_ms": 72.12435150146484,
      "full_minus_shared_kv_and_output_projection_median_ms": 9.84396743774414,
      "full_minus_shared_kv_median_ms": 13.105680465698242
    },
    "enabled": true,
    "loss_contract": "square_mean_loss_on_component_output",
    "output_projection_fwd_bwd": {
      "cuda_event": {
        "enabled": true,
        "max_ms": 3.452475070953369,
        "mean_ms": 3.2617130279541016,
        "median_ms": 3.2617130279541016,
        "min_ms": 3.070950984954834,
        "samples_ms": [
          3.070950984954834,
          3.452475070953369
        ],
        "stdev_ms": 0.26977826839556374
      },
      "enabled": true,
      "loss": 0.000975589849986136,
      "peak_memory_allocated_bytes": 3295726080,
      "peak_memory_allocated_gib": 3.0693840980529785,
      "timed_iters": 2,
      "wall": {
        "enabled": true,
        "max_ms": 3.4722440177574754,
        "mean_ms": 3.2874260214157403,
        "median_ms": 3.2874260214157403,
        "min_ms": 3.102608025074005,
        "samples_ms": [
          3.102608025074005,
          3.4722440177574754
        ],
        "stdev_ms": 0.2613721169971029
      },
      "warmup_iters": 1
    },
    "selected_count": 640,
    "shared_kv_fwd_bwd": {
      "cuda_event": {
        "enabled": true,
        "max_ms": 59.046390533447266,
        "mean_ms": 59.0186710357666,
        "median_ms": 59.0186710357666,
        "min_ms": 58.99095153808594,
        "samples_ms": [
          59.046390533447266,
          58.99095153808594
        ],
        "stdev_ms": 0.03920128956216467
      },
      "enabled": true,
      "loss": 0.002938840538263321,
      "peak_memory_allocated_bytes": 5640341504,
      "peak_memory_allocated_gib": 5.25297737121582,
      "timed_iters": 2,
      "wall": {
        "enabled": true,
        "max_ms": 59.10826602485031,
        "mean_ms": 59.094230993650854,
        "median_ms": 59.094230993650854,
        "min_ms": 59.0801959624514,
        "samples_ms": [
          59.10826602485031,
          59.0801959624514
        ],
        "stdev_ms": 0.01984853147059916
      },
      "warmup_iters": 1
    },
    "timed_iters": 2,
    "warmup_iters": 1
  },
  "backend": {
    "backend_kind": "experimental_sparse_mla_shared_kv_triton_forward_explicit_backward",
    "backend_name": "deepseek_v4_sparse_mla_shared_kv_triton_forward_explicit_backward",
    "backend_path": "sources/wip/torchtitan/torchtitan/models/deepseek_v4/sparse_mla_shared_kv_triton_forward_backend.py",
    "module": null
  },
  "backward": {
    "enabled": false
  },
  "backward_timing": {
    "attn_sink_grad_norm": 8.562427865399513e-06,
    "backward_mode_env": "TORCHTITAN_DSV4_SPARSE_MLA_SHAREDKV_BACKWARD_MODE",
    "backward_mode_value": "query_recompute",
    "cuda_event": {
      "enabled": true,
      "max_ms": 73.02894592285156,
      "mean_ms": 72.12435150146484,
      "median_ms": 72.12435150146484,
      "min_ms": 71.21975708007812,
      "samples_ms": [
        71.21975708007812,
        73.02894592285156
      ],
      "stdev_ms": 1.2792896991721403
    },
    "enabled": true,
    "input_grad_norm": 2.225581556558609e-05,
    "loss": 0.000975589849986136,
    "peak_memory_allocated_bytes": 4527842304,
    "peak_memory_allocated_gib": 4.21688175201416,
    "timed_iters": 2,
    "wall": {
      "enabled": true,
      "max_ms": 73.12358997296542,
      "mean_ms": 72.25826452486217,
      "median_ms": 72.25826452486217,
      "min_ms": 71.39293907675892,
      "samples_ms": [
        71.39293907675892,
        73.12358997296542
      ],
      "stdev_ms": 1.2237549845741906
    },
    "warmup_iters": 1
  },
  "batch": 1,
  "boundary": {
    "aux_loss": null,
    "compressed_x_shape": [
      1,
      1024,
      4096
    ],
    "index_scores_shape": [
      1,
      4096,
      1024
    ],
    "indices_shape": [
      1,
      4096,
      640
    ],
    "kv_bank_shape": [
      1,
      5120,
      512
    ],
    "kv_compressed_shape": [
      1,
      1024,
      512
    ],
    "kv_shared_shape": [
      1,
      4096,
      512
    ],
    "q_shape": [
      1,
      4096,
      64,
      512
    ],
    "route_fanin": {
      "actual_compressed": {
        "gini": 0.38915823461643767,
        "max": 3499,
        "mean_all_rows": 1535.5,
        "mean_nonzero_rows": 1535.5,
        "min": 1,
        "min_nonzero": 1,
        "nonzero_rows": 1024,
        "p50_all_rows": 1420.5,
        "p50_nonzero_rows": 1420.5,
        "p90_all_rows": 3059.1000000000004,
        "p90_nonzero_rows": 3059.1000000000004,
        "p99_all_rows": 3413.16,
        "p99_nonzero_rows": 3413.16,
        "rows": 1024,
        "top16_share": 0.035047495726147834,
        "top1_share": 0.002225328679583198,
        "top64_share": 0.13582136824324326,
        "top8_share": 0.017700871051774668,
        "total_selections": 1572352,
        "zero_rows": 0
      },
      "actual_vs_prefix_total_selection_ratio": 1.0,
      "atomic_estimates": {
        "block_h_16": {
          "actual_atomic_add_elements": 3220176896,
          "head_blocks": 4,
          "prefix_atomic_add_elements": 3220176896
        },
        "block_h_64": {
          "actual_atomic_add_elements": 805044224,
          "head_blocks": 1,
          "prefix_atomic_add_elements": 805044224
        }
      },
      "compress_ratio": 4,
      "compressed_groups": 1024,
      "prefix_compressed_same_topk": {
        "gini": 0.5555734339384565,
        "max": 4093,
        "mean_all_rows": 1535.5,
        "mean_nonzero_rows": 3071.0,
        "min": 0,
        "min_nonzero": 2049,
        "nonzero_rows": 512,
        "p50_all_rows": 1024.5,
        "p50_nonzero_rows": 3071.0,
        "p90_all_rows": 3683.8,
        "p90_nonzero_rows": 3888.6000000000004,
        "p99_all_rows": 4052.08,
        "p99_nonzero_rows": 4072.56,
        "rows": 1024,
        "top16_share": 0.04134443178117877,
        "top1_share": 0.0026031066834907197,
        "top64_share": 0.16147020514490393,
        "top8_share": 0.020753622598502115,
        "total_selections": 1572352,
        "zero_rows": 512
      },
      "read": "Actual LightningIndexer top-k fan-in is counted per compressed group from the TorchTitan-shaped boundary tensors. Prefix stats are the structured route used by earlier synthetic dKV probes at the same top-k; matching totals do not imply matching topology.",
      "topk": 512,
      "valid_selected_per_query": {
        "gini": 0.22245742365577173,
        "max": 512,
        "mean_all_rows": 383.875,
        "mean_nonzero_rows": 384.15636452479845,
        "min": 0,
        "min_nonzero": 1,
        "nonzero_rows": 4093,
        "p50_all_rows": 512.0,
        "p50_nonzero_rows": 512.0,
        "p90_all_rows": 512.0,
        "p90_nonzero_rows": 512.0,
        "p99_all_rows": 512.0,
        "p99_nonzero_rows": 512.0,
        "rows": 4096,
        "top16_share": 0.005210029306414849,
        "top1_share": 0.00032562683165092806,
        "top64_share": 0.020840117225659396,
        "top8_share": 0.0026050146532074245,
        "total_selections": 1572352,