{
  "attention_dims": {
    "compress_ratio": 128,
    "dsa_indexer_topk": 512,
    "kv_lora_rank": 512,
    "n_heads": 64,
    "qk_head_dim": 512,
    "qk_nope_head_dim": 448,
    "qk_rope_head_dim": 64,
    "v_head_dim": 512,
    "window_size": 128
  },
  "attribution_timing": {
    "captured_shapes": {
      "attn_sink": [
        64
      ],
      "indices": [
        1,
        4096,
        160
      ],
      "kv_bank": [
        1,
        4128,
        512
      ],
      "kv_compressed": [
        1,
        32,
        512
      ],
      "q": [
        1,
        4096,
        64,
        512
      ],
      "shared_out": [
        1,
        4096,
        64,
        512
      ],
      "top_indices": [
        1,
        4096,
        32
      ]
    },
    "combined_shared_kv_plus_output_projection_median_ms": 22.433571338653564,
    "derived_from_full_boundary": {
      "full_boundary_fwd_bwd_median_ms": 29.884238243103027,
      "full_minus_shared_kv_and_output_projection_median_ms": 7.450666904449463,
      "full_minus_shared_kv_median_ms": 10.648346900939941
    },
    "enabled": true,
    "loss_contract": "square_mean_loss_on_component_output",
    "output_projection_fwd_bwd": {
      "cuda_event": {
        "enabled": true,
        "max_ms": 3.411323070526123,
        "mean_ms": 3.1976799964904785,
        "median_ms": 3.1976799964904785,
        "min_ms": 2.984036922454834,
        "samples_ms": [
          2.984036922454834,
          3.411323070526123
        ],
        "stdev_ms": 0.30213693280828774
      },
      "enabled": true,
      "loss": 0.0030748837161809206,
      "peak_memory_allocated_bytes": 3242411008,
      "peak_memory_allocated_gib": 3.019730567932129,
      "timed_iters": 2,
      "wall": {
        "enabled": true,
        "max_ms": 3.4308250760659575,
        "mean_ms": 3.2245020265690982,
        "median_ms": 3.2245020265690982,
        "min_ms": 3.018178977072239,
        "samples_ms": [
          3.018178977072239,
          3.4308250760659575
        ],
        "stdev_ms": 0.2917848548286338
      },
      "warmup_iters": 1
    },
    "selected_count": 160,
    "shared_kv_fwd_bwd": {
      "cuda_event": {
        "enabled": true,
        "max_ms": 19.237951278686523,
        "mean_ms": 19.235891342163086,
        "median_ms": 19.235891342163086,
        "min_ms": 19.23383140563965,
        "samples_ms": [
          19.23383140563965,
          19.237951278686523
        ],
        "stdev_ms": 0.0029131901690729956
      },
      "enabled": true,
      "loss": 0.009241059422492981,
      "peak_memory_allocated_bytes": 5588042240,
      "peak_memory_allocated_gib": 5.204269886016846,
      "timed_iters": 2,
      "wall": {
        "enabled": true,
        "max_ms": 19.292139098979533,
        "mean_ms": 19.275214581284672,
        "median_ms": 19.275214581284672,
        "min_ms": 19.25829006358981,
        "samples_ms": [
          19.292139098979533,
          19.25829006358981
        ],
        "stdev_ms": 0.023934882460695427
      },
      "warmup_iters": 1
    },
    "timed_iters": 2,
    "warmup_iters": 1
  },
  "backend": {
    "backend_kind": "experimental_sparse_mla_shared_kv_triton_forward_explicit_backward",
    "backend_name": "deepseek_v4_sparse_mla_shared_kv_triton_forward_explicit_backward",
    "backend_path": "sources/wip/torchtitan/torchtitan/models/deepseek_v4/sparse_mla_shared_kv_triton_forward_backend.py",
    "module": null
  },
  "backward": {
    "enabled": false
  },
  "backward_timing": {
    "attn_sink_grad_norm": 1.2894464816781692e-05,
    "backward_mode_env": "TORCHTITAN_DSV4_SPARSE_MLA_SHAREDKV_BACKWARD_MODE",
    "backward_mode_value": "query_recompute",
    "cuda_event": {
      "enabled": true,
      "max_ms": 30.813947677612305,
      "mean_ms": 29.884238243103027,
      "median_ms": 29.884238243103027,
      "min_ms": 28.95452880859375,
      "samples_ms": [
        30.813947677612305,
        28.95452880859375
      ],
      "stdev_ms": 1.3148076913492408
    },
    "enabled": true,
    "input_grad_norm": 3.215336982975714e-05,
    "loss": 0.0030748837161809206,
    "peak_memory_allocated_bytes": 4492318720,
    "peak_memory_allocated_gib": 4.183797836303711,
    "timed_iters": 2,
    "wall": {
      "enabled": true,
      "max_ms": 30.892398906871676,
      "mean_ms": 29.93674296885729,
      "median_ms": 29.93674296885729,
      "min_ms": 28.9810870308429,
      "samples_ms": [
        30.892398906871676,
        28.9810870308429
      ],
      "stdev_ms": 1.3515015885023294
    },
    "warmup_iters": 1
  },
  "batch": 1,
  "boundary": {
    "aux_loss": null,
    "compressed_x_shape": [
      1,
      32,
      4096
    ],
    "index_scores_shape": [
      1,
      4096,
      32
    ],
    "indices_shape": [
      1,
      4096,
      160
    ],
    "kv_bank_shape": [
      1,
      4128,
      512
    ],
    "kv_compressed_shape": [
      1,
      32,
      512
    ],
    "kv_shared_shape": [
      1,
      4096,
      512
    ],
    "q_shape": [
      1,
      4096,
      64,
      512
    ],
    "route_fanin": {
      "actual_compressed": {
        "gini": 0.34357682619647356,
        "max": 3969,
        "mean_all_rows": 1985.0,
        "mean_nonzero_rows": 1985.0,
        "min": 1,
        "min_nonzero": 1,
        "nonzero_rows": 32,
        "p50_all_rows": 1985.0,
        "p50_nonzero_rows": 1985.0,
        "p90_all_rows": 3572.2000000000003,
        "p90_nonzero_rows": 3572.2000000000003,
        "p99_all_rows": 3929.32,
        "p99_nonzero_rows": 3929.32,
        "rows": 32,
        "top16_share": 0.7579345088161209,
        "top1_share": 0.06248425692695214,
        "top64_share": 1.0,
        "top8_share": 0.4434508816120907,
        "total_selections": 63520,
        "zero_rows": 0
      },
      "actual_vs_prefix_total_selection_ratio": 1.0,
      "atomic_estimates": {
        "block_h_16": {
          "actual_atomic_add_elements": 130088960,
          "head_blocks": 4,
          "prefix_atomic_add_elements": 130088960
        },
        "block_h_64": {
          "actual_atomic_add_elements": 32522240,
          "head_blocks": 1,
          "prefix_atomic_add_elements": 32522240
        }
      },
      "compress_ratio": 128,
      "compressed_groups": 32,
      "prefix_compressed_same_topk": {
        "gini": 0.34357682619647356,
        "max": 3969,
        "mean_all_rows": 1985.0,
        "mean_nonzero_rows": 1985.0,
        "min": 1,
        "min_nonzero": 1,
        "nonzero_rows": 32,
        "p50_all_rows": 1985.0,
        "p50_nonzero_rows": 1985.0,
        "p90_all_rows": 3572.2000000000003,
        "p90_nonzero_rows": 3572.2000000000003,
        "p99_all_rows": 3929.32,
        "p99_nonzero_rows": 3929.32,
        "rows": 32,
        "top16_share": 0.7579345088161209,
        "top1_share": 0.06248425692695214,
        "top64_share": 1.0,
        "top8_share": 0.4434508816120907,
        "total_selections": 63520,
        "zero_rows": 0
      },
      "read": "Actual LightningIndexer top-k fan-in is counted per compressed group from the TorchTitan-shaped boundary tensors. Prefix stats are the structured route used by earlier synthetic dKV probes at the same top-k; matching totals do not imply matching topology.",
      "topk": 32,
      "valid_selected_per_query": {
        "gini": 0.3435924462767632,
        "max": 32,
        "mean_all_rows": 15.5078125,
        "mean_nonzero_rows": 16.00403124212648,
        "min": 0,
        "min_nonzero": 1,
        "nonzero_rows": 3969,
        "p50_all_rows": 16.0,
        "p50_nonzero_rows": 16.0,
        "p90_all_rows": 28.0,
        "p90_nonzero_rows": 28.0,
        "p99_all_rows": 31.0,
        "p99_nonzero_rows": 31.0,
        "rows": 4096,
        "top16_share": 0.007824307304785894,
        "top1_share": 0.0005037783375314861,
        "top64_share": 0.03125,
        "top8_share": 0.003920025188916877,
        "total_selections": 63520,
        "zero_rows": 127
      }
    },