{
  "cases": {
    "full_wo_residual_rms_router_autocast_topk": {
      "grads": {
        "attention_output": {
          "abs_max": 4.40625,
          "dtype": "torch.bfloat16",
          "finite": true,
          "mean_abs": 0.6303776502609253,
          "nonfinite": 0,
          "shape": [
            4,
            4096,
            4096
          ]
        },
        "residual": {
          "abs_max": 4.53125,
          "dtype": "torch.bfloat16",
          "finite": true,
          "mean_abs": 0.6301384568214417,
          "nonfinite": 0,
          "shape": [
            4,
            4096,
            4096
          ]
        },
        "rms_weight": {
          "abs_max": 23.875,
          "dtype": "torch.bfloat16",
          "finite": true,
          "mean_abs": 16.20013427734375,
          "nonfinite": 0,
          "shape": [
            4096
          ]
        },
        "router_weight": {
          "abs_max": 38.75,
          "dtype": "torch.bfloat16",
          "finite": true,
          "mean_abs": 5.829536437988281,
          "nonfinite": 0,
          "shape": [
            256,
            4096
          ]
        },
        "wo_weight": {
          "abs_max": 6.3125,
          "dtype": "torch.bfloat16",
          "finite": true,
          "mean_abs": 0.901884913444519,
          "nonfinite": 0,
          "shape": [
            4096,
            4096
          ]
        }
      },
      "latency_ms": {
        "max": 3.2489519119262695,
        "mean": 3.20969827969869,
        "median": 3.2273919582366943,
        "min": 3.1527509689331055
      },
      "output": [
        {
          "abs_max": 2.214937210083008,
          "dtype": "torch.float32",
          "finite": true,
          "mean_abs": 1.5512771606445312,
          "nonfinite": 0,
          "shape": [
            4,
            4096,
            6
          ]
        },
        {
          "abs_max": 255.0,
          "dtype": "torch.int64",
          "finite": true,
          "mean_abs": 127.45919036865234,
          "nonfinite": 0,
          "shape": [
            4,
            4096,
            6
          ]
        }
      ],
      "peak_memory_gib": 3.2335433959960938,
      "status": "ok"
    },
    "full_wo_residual_rms_router_bf16_topk": {
      "grads": {
        "attention_output": {
          "abs_max": 4.40625,
          "dtype": "torch.bfloat16",
          "finite": true,
          "mean_abs": 0.6304523944854736,
          "nonfinite": 0,
          "shape": [
            4,
            4096,
            4096
          ]
        },
        "residual": {
          "abs_max": 4.5625,
          "dtype": "torch.bfloat16",
          "finite": true,
          "mean_abs": 0.6301935911178589,
          "nonfinite": 0,
          "shape": [
            4,
            4096,
            4096
          ]
        },
        "rms_weight": {
          "abs_max": 23.875,
          "dtype": "torch.bfloat16",
          "finite": true,
          "mean_abs": 16.201385498046875,
          "nonfinite": 0,
          "shape": [
            4096
          ]
        },
        "router_weight": {
          "abs_max": 38.75,
          "dtype": "torch.bfloat16",
          "finite": true,
          "mean_abs": 5.829576015472412,
          "nonfinite": 0,
          "shape": [
            256,
            4096
          ]
        },
        "wo_weight": {
          "abs_max": 6.5625,
          "dtype": "torch.bfloat16",
          "finite": true,
          "mean_abs": 0.9020060300827026,
          "nonfinite": 0,
          "shape": [
            4096,
            4096
          ]
        }
      },
      "latency_ms": {
        "max": 2.4027841091156006,
        "mean": 2.3974637190500894,
        "median": 2.4015440940856934,
        "min": 2.3880629539489746
      },
      "output": [
        {
          "abs_max": 2.2166693210601807,
          "dtype": "torch.float32",
          "finite": true,
          "mean_abs": 1.5512762069702148,
          "nonfinite": 0,
          "shape": [
            4,
            4096,
            6
          ]
        },
        {
          "abs_max": 255.0,
          "dtype": "torch.int64",
          "finite": true,
          "mean_abs": 126.8919677734375,
          "nonfinite": 0,
          "shape": [
            4,
            4096,
            6
          ]
        }
      ],
      "peak_memory_gib": 3.2335433959960938,
      "status": "ok"
    },
    "full_wo_residual_rms_shared_gateup": {
      "grads": {
        "attention_output": {
          "abs_max": 239.0,
          "dtype": "torch.bfloat16",
          "finite": true,
          "mean_abs": 33.99180221557617,
          "nonfinite": 0,
          "shape": [
            4,
            4096,
            4096
          ]
        },
        "residual": {
          "abs_max": 248.0,
          "dtype": "torch.bfloat16",
          "finite": true,
          "mean_abs": 33.96904373168945,
          "nonfinite": 0,
          "shape": [
            4,
            4096,
            4096
          ]
        },
        "rms_weight": {
          "abs_max": 736.0,
          "dtype": "torch.bfloat16",
          "finite": true,
          "mean_abs": 166.54745483398438,
          "nonfinite": 0,
          "shape": [
            4096
          ]
        },
        "shared_w1": {
          "abs_max": 892.0,
          "dtype": "torch.bfloat16",
          "finite": true,
          "mean_abs": 129.7115478515625,
          "nonfinite": 0,
          "shape": [
            2048,
            4096
          ]
        },
        "shared_w3": {
          "abs_max": 832.0,
          "dtype": "torch.bfloat16",
          "finite": true,
          "mean_abs": 128.62567138671875,
          "nonfinite": 0,
          "shape": [
            2048,
            4096
          ]
        },
        "wo_weight": {
          "abs_max": 474.0,
          "dtype": "torch.bfloat16",
          "finite": true,
          "mean_abs": 66.82075500488281,
          "nonfinite": 0,
          "shape": [
            4096,
            4096
          ]
        }
      },
      "latency_ms": {
        "max": 4.350162982940674,
        "mean": 4.206188042958577,
        "median": 4.188281059265137,
        "min": 4.080120086669922
      },
      "output": {
        "abs_max": 13.9375,
        "dtype": "torch.bfloat16",
        "finite": true,
        "mean_abs": 0.31658732891082764,
        "nonfinite": 0,
        "shape": [
          4,
          4096,
          2048
        ]
      },
      "peak_memory_gib": 3.3535385131835938,
      "status": "ok"
    },
    "router_only_autocast_topk": {
      "grads": {
        "normed_input": {
          "abs_max": 0.0634765625,
          "dtype": "torch.bfloat16",
          "finite": true,
          "mean_abs": 0.008968875743448734,
          "nonfinite": 0,
          "shape": [
            4,
            4096,
            4096
          ]
        },
        "router_weight": {
          "abs_max": 38.0,
          "dtype": "torch.bfloat16",
          "finite": true,
          "mean_abs": 5.590999603271484,
          "nonfinite": 0,
          "shape": [
            256,
            4096
          ]
        }
      },
      "latency_ms": {
        "max": 2.0717411041259766,
        "mean": 1.4710543950398762,
        "median": 1.1768510341644287,
        "min": 1.1645710468292236
      },
      "output": [
        {
          "abs_max": 2.2184903621673584,
          "dtype": "torch.float32",
          "finite": true,
          "mean_abs": 1.5509214401245117,
          "nonfinite": 0,
          "shape": [
            4,
            4096,
            6
          ]
        },
        {
          "abs_max": 255.0,
          "dtype": "torch.int64",
          "finite": true,
          "mean_abs": 127.32588958740234,
          "nonfinite": 0,
          "shape": [
            4,
            4096,
            6
          ]
        }
      ],
      "peak_memory_gib": 2.9210281372070312,
      "status": "ok"
    },