{
  "artifact": "actual_li_query_major_cache_reducer_plan",
  "best_by_cache_reduction": [
    {
      "cache_reduction_x": 5.992058108427399,
      "cache_rows_over_full_rows_x": 1.0,
      "cache_slots": 1024,
      "cache_stream_mib": 544.5476112365723,
      "cache_write_elements": 134351872,
      "d_block": 16,
      "d_blocks": 32,
      "emitted_rows": 262406,
      "emitted_rows_per_tile": {
        "count": 512,
        "max": 1020.0,
        "mean": 512.51171875,
        "p50": 513.0,
        "p90": 919.699951171875,
        "p99": 1008.780029296875
      },
      "flushes": 512,
      "flushes_per_tile": {
        "count": 512,
        "max": 1.0,
        "mean": 1.0,
        "p50": 1.0,
        "p90": 1.0,
        "p99": 1.0
      },
      "full_rows_per_tile": {
        "count": 512,
        "max": 1020.0,
        "mean": 512.51171875,
        "p50": 513.0,
        "p90": 919.699951171875,
        "p99": 1008.780029296875
      },
      "full_segment_reduction_x": 5.992058108427399,
      "full_segment_rows": 262406,
      "full_segment_stream_mib": 544.5456581115723,
      "full_segment_write_elements": 134351872,
      "hit_rate": 0.833112432839466,
      "hit_rate_per_tile": {
        "count": 512,
        "max": 0.8746940493583679,
        "mean": 0.8424808382987976,
        "p50": 0.8686696290969849,
        "p90": 0.8746175765991211,
        "p99": 0.8746878504753113
      },
      "hits": 1309946,
      "k_granule": 64,
      "max_live": 1020,
      "misses": 262406,
      "nonempty_tiles": 512,
      "raw_pairs": 1572352,
      "raw_pairs_per_tile": {
        "count": 512,
        "max": 4096.0,
        "mean": 3071.0,
        "p50": 4091.0,
        "p90": 4096.0,
        "p99": 4096.0
      },
      "raw_stream_mib": 3071.0,
      "raw_vs_cache_stream_x": 5.639543607631106,
      "raw_vs_full_segment_stream_x": 5.639563835014145,
      "raw_write_elements": 805044224,
      "read": "The cache model preserves query-major traversal and avoids dense active_group initialization. cache_reduction_x must be high enough to justify a HIP implementation, and cache_rows_over_full_rows_x shows how much reduction it leaves on the floor versus perfect full-tile segmentation.",
      "selected_block": 512,
      "tiles": 512,
      "token_block": 8
    },
    {
      "cache_reduction_x": 3.04843444037302,
      "cache_rows_over_full_rows_x": 1.0,
      "cache_slots": 1024,
      "cache_stream_mib": 1070.3728065490723,
      "cache_write_elements": 264084480,
      "d_block": 16,
      "d_blocks": 32,
      "emitted_rows": 515790,
      "emitted_rows_per_tile": {
        "count": 1024,
        "max": 973.0,
        "mean": 503.701171875,
        "p50": 512.5,
        "p90": 886.699951171875,
        "p99": 954.77001953125
      },
      "flushes": 1024,
      "flushes_per_tile": {
        "count": 1024,
        "max": 1.0,
        "mean": 1.0,
        "p50": 1.0,
        "p90": 1.0,
        "p99": 1.0
      },
      "full_rows_per_tile": {
        "count": 1024,
        "max": 973.0,
        "mean": 503.701171875,
        "p50": 512.5,
        "p90": 886.699951171875,
        "p99": 954.77001953125
      },
      "full_segment_reduction_x": 3.04843444037302,
      "full_segment_rows": 515790,
      "full_segment_stream_mib": 1070.3689002990723,
      "full_segment_write_elements": 264084480,
      "hit_rate": 0.6719627666069684,
      "hit_rate_per_tile": {
        "count": 1024,
        "max": 0.749633252620697,
        "mean": 0.6897580027580261,
        "p50": 0.7404912114143372,
        "p90": 0.7495415210723877,
        "p99": 0.7496257424354553
      },
      "hits": 1056562,
      "k_granule": 64,
      "max_live": 973,
      "misses": 515790,
      "nonempty_tiles": 1024,
      "raw_pairs": 1572352,
      "raw_pairs_per_tile": {
        "count": 1024,
        "max": 2048.0,
        "mean": 1535.5,
        "p50": 2046.5,
        "p90": 2048.0,
        "p99": 2048.0
      },
      "raw_stream_mib": 3071.0,
      "raw_vs_cache_stream_x": 2.8690938159210484,
      "raw_vs_full_segment_stream_x": 2.8691042865146126,
      "raw_write_elements": 805044224,
      "read": "The cache model preserves query-major traversal and avoids dense active_group initialization. cache_reduction_x must be high enough to justify a HIP implementation, and cache_rows_over_full_rows_x shows how much reduction it leaves on the floor versus perfect full-tile segmentation.",
      "selected_block": 512,
      "tiles": 1024,
      "token_block": 4
    },
    {
      "cache_reduction_x": 1.6596495672366476,
      "cache_rows_over_full_rows_x": 1.0,
      "cache_slots": 1024,
      "cache_stream_mib": 1966.0556602478027,
      "cache_write_elements": 485068800,
      "d_block": 16,
      "d_blocks": 32,
      "emitted_rows": 947400,
      "emitted_rows_per_tile": {
        "count": 2048,
        "max": 791.0,
        "mean": 462.59765625,
        "p50": 512.0,
        "p90": 738.0,
        "p99": 772.0
      },
      "flushes": 2047,
      "flushes_per_tile": {
        "count": 2048,
        "max": 1.0,
        "mean": 0.99951171875,
        "p50": 1.0,
        "p90": 1.0,
        "p99": 1.0
      },
      "full_rows_per_tile": {
        "count": 2048,
        "max": 791.0,
        "mean": 462.59765625,
        "p50": 512.0,
        "p90": 738.0,
        "p99": 772.0
      },
      "full_segment_reduction_x": 1.6596495672366476,
      "full_segment_rows": 947400,
      "full_segment_stream_mib": 1966.0478515625,
      "full_segment_write_elements": 485068800,
      "hit_rate": 0.3974631634646695,
      "hit_rate_per_tile": {
        "count": 2047,
        "max": 0.5,
        "mean": 0.42220526933670044,
        "p50": 0.4888888895511627,
        "p90": 0.5,
        "p99": 0.5
      },
      "hits": 624952,
      "k_granule": 64,
      "max_live": 791,
      "misses": 947400,
      "nonempty_tiles": 2047,
      "raw_pairs": 1572352,
      "raw_pairs_per_tile": {
        "count": 2048,
        "max": 1024.0,
        "mean": 767.75,
        "p50": 1023.5,
        "p90": 1024.0,
        "p99": 1024.0
      },
      "raw_stream_mib": 3071.0,
      "raw_vs_cache_stream_x": 1.5620107111377148,
      "raw_vs_full_segment_stream_x": 1.562016915081364,
      "raw_write_elements": 805044224,
      "read": "The cache model preserves query-major traversal and avoids dense active_group initialization. cache_reduction_x must be high enough to justify a HIP implementation, and cache_rows_over_full_rows_x shows how much reduction it leaves on the floor versus perfect full-tile segmentation.",
      "selected_block": 512,
      "tiles": 2048,
      "token_block": 2
    }
  ],
  "config": {
    "cache_slots": [
      1024
    ],
    "d_block": 16,
    "k_granule": 64,
    "key_dtype_bytes": 4,
    "selected_blocks": [
      512
    ],
    "token_blocks": [
      2,
      4,
      8
    ],
    "value_dtype_bytes": 4
  },
  "read": "If small cache_slots rows reach useful reduction while staying far below dense active-group table size, implement a sparse hash/cache HIP diagnostic. If only 512-1024 slots work, the cache is just the rejected dense table in disguise.",
  "rows": [
    {
      "cache_reduction_x": 1.6596495672366476,
      "cache_rows_over_full_rows_x": 1.0,
      "cache_slots": 1024,
      "cache_stream_mib": 1966.0556602478027,
      "cache_write_elements": 485068800,
      "d_block": 16,
      "d_blocks": 32,
      "emitted_rows": 947400,
      "emitted_rows_per_tile": {
        "count": 2048,
        "max": 791.0,
        "mean": 462.59765625,
        "p50": 512.0,
        "p90": 738.0,
        "p99": 772.0
      },
      "flushes": 2047,
      "flushes_per_tile": {
        "count": 2048,
        "max": 1.0,
        "mean": 0.99951171875,
        "p50": 1.0,
        "p90": 1.0,
        "p99": 1.0
      },
      "full_rows_per_tile": {
        "count": 2048,
        "max": 791.0,
        "mean": 462.59765625,
        "p50": 512.0,
        "p90": 738.0,