{
  "backend_path": "sources/wip/torchtitan/torchtitan/models/deepseek_v4/sparse_mla_shared_kv_triton_forward_backend.py",
  "boundary_route_fanin": {
    "actual_compressed": {
      "gini": 0.38915823461643767,
      "max": 3499,
      "mean_all_rows": 1535.5,
      "mean_nonzero_rows": 1535.5,
      "min": 1,
      "min_nonzero": 1,
      "nonzero_rows": 1024,
      "p50_all_rows": 1420.5,
      "p50_nonzero_rows": 1420.5,
      "p90_all_rows": 3059.1000000000004,
      "p90_nonzero_rows": 3059.1000000000004,
      "p99_all_rows": 3413.16,
      "p99_nonzero_rows": 3413.16,
      "rows": 1024,
      "top16_share": 0.035047495726147834,
      "top1_share": 0.002225328679583198,
      "top64_share": 0.13582136824324326,
      "top8_share": 0.017700871051774668,
      "total_selections": 1572352,
      "zero_rows": 0
    },
    "actual_vs_prefix_total_selection_ratio": 1.0,
    "atomic_estimates": {
      "block_h_16": {
        "actual_atomic_add_elements": 3220176896,
        "head_blocks": 4,
        "prefix_atomic_add_elements": 3220176896
      },
      "block_h_64": {
        "actual_atomic_add_elements": 805044224,
        "head_blocks": 1,
        "prefix_atomic_add_elements": 805044224
      }
    },
    "compress_ratio": 4,
    "compressed_groups": 1024,
    "prefix_compressed_same_topk": {
      "gini": 0.5555734339384565,
      "max": 4093,
      "mean_all_rows": 1535.5,
      "mean_nonzero_rows": 3071.0,
      "min": 0,
      "min_nonzero": 2049,
      "nonzero_rows": 512,
      "p50_all_rows": 1024.5,
      "p50_nonzero_rows": 3071.0,
      "p90_all_rows": 3683.8,
      "p90_nonzero_rows": 3888.6000000000004,
      "p99_all_rows": 4052.08,
      "p99_nonzero_rows": 4072.56,
      "rows": 1024,
      "top16_share": 0.04134443178117877,
      "top1_share": 0.0026031066834907197,
      "top64_share": 0.16147020514490393,
      "top8_share": 0.020753622598502115,
      "total_selections": 1572352,
      "zero_rows": 512
    },
    "read": "Actual LightningIndexer top-k fan-in is counted per compressed group from the TorchTitan-shaped boundary tensors. Prefix stats are the structured route used by earlier synthetic dKV probes at the same top-k; matching totals do not imply matching topology.",
    "topk": 512,
    "valid_selected_per_query": {
      "gini": 0.22245742365577173,
      "max": 512,
      "mean_all_rows": 383.875,
      "mean_nonzero_rows": 384.15636452479845,
      "min": 0,
      "min_nonzero": 1,
      "nonzero_rows": 4093,
      "p50_all_rows": 512.0,
      "p50_nonzero_rows": 512.0,
      "p90_all_rows": 512.0,
      "p90_nonzero_rows": 512.0,
      "p99_all_rows": 512.0,
      "p99_nonzero_rows": 512.0,
      "rows": 4096,
      "top16_share": 0.005210029306414849,
      "top1_share": 0.00032562683165092806,
      "top64_share": 0.020840117225659396,
      "top8_share": 0.0026050146532074245,
      "total_selections": 1572352,
      "zero_rows": 3
    }
  },
  "correctness": {
    "candidate_norm": null,
    "checked": false,
    "dkv_atol": 1.0,
    "max_abs_diff": null,
    "mean_abs_diff": null,
    "passed": null,
    "reference_norm": null
  },
  "device": "cuda",
  "dtype": "bfloat16",
  "gate": {
    "beats_retained_gate": null,
    "candidate_full_ms": null,
    "candidate_vs_retained_speedup_x": null,
    "dkv_only_full_ms": 8.218957901000977,
    "dkv_only_global_accum_ms": 1.0550451278686523,
    "dkv_only_sink_ms": 7.163912773132324,
    "matched_single_token_full_ms": 11.076744079589844,
    "matched_single_token_no_dkv_ms": 1.990291953086853,
    "retained_single_token_full_ms": 11.1347,
    "split_schedule_beats_matched_single_token": true,
    "split_schedule_candidate_ms": 10.20924985408783,
    "split_schedule_vs_matched_single_token_speedup_x": 1.0849713973015036
  },
  "layer_id": 2,
  "prototype": {
    "block_d": 128,
    "block_h": 64,
    "block_n": 64,
    "block_u": 64,
    "known_limitations": [
      "BLOCK_T=4 and BLOCK_T=8 currently implement dKV-only timing modes",
      "union path recomputes QK/PV over active union groups and is a dKV-only source-boundary schedule; it does not yet emit dQ",
      "union sidecar assumes at most one selected slot per token/group; duplicate_token_group_hits must remain zero",
      "promotion gate is split single-token no_dKV plus union dKV; actual full sparse-attention uplift still needs a fused dQ+dKV owner"
    ],
    "local_grouping": "compressed-group union operand rows with token->union selected-slot sidecar; the dot output is union_group x D directly",
    "token_block": 4,
    "union_operand": true
  },
  "read": "Actual LI source-boundary Triton BLOCK_T=4 union operand gate. This measures whether compressed-group union rows can replace pairwise selected-slot folding for the dKV-only split schedule.",
  "scope": "sparse_mla_shared_latent_kv_actual_li_query_recompute_token4_profile",
  "seed": 1234,
  "shape": {
    "batch": 1,
    "compress_ratio": 4,
    "compressed_groups": 1024,
    "dim": 512,
    "heads": 64,
    "kv_len": 5120,
    "seq_len": 4096,
    "topk": 512,
    "valid_pairs": 1572352
  },
  "status": "not_checked",
  "tile_write_model": {
    "baseline_atomic_add_elements": 805044224,
    "baseline_valid_pairs": 1572352,
    "coalesced_atomic_add_elements": 264084480,
    "coalesced_unique_groups": 515790,
    "d_block": 128,
    "d_blocks_per_full_dim": 4,
    "nonempty_tiles": 1024,
    "read": "baseline elements model the current query-major per-selected-group dKV writes. Coalesced elements model one write per unique compressed group per token/selected tile and D block.",
    "route_atomic_reduction_x": 3.04843444037302,
    "selected_block": 512,
    "tiles": 1024,
    "token_block": 4,
    "unique_groups_per_tile": {
      "max": 973,
      "mean": 503.701171875,
      "p50": 512.5,
      "p90": 886.699951171875,
      "p99": 954.77001953125
    },
    "valid_pairs_per_tile": {
      "max": 2048,
      "mean": 1535.5,
      "p50": 2046.5,
      "p90": 2048.0,
      "p99": 2048.0
    }
  },
  "timing": {
    "dkv_only_full": {
      "checksum_norm": 960.2501831054688,
      "event": {
        "enabled": true,
        "max_ms": 8.475318908691406,
        "mean_ms": 8.30117162068685,
        "median_ms": 8.218957901000977,
        "min_ms": 8.209238052368164,
        "samples_ms": [
          8.475318908691406,
          8.209238052368164,
          8.218957901000977
        ],
        "stdev_ms": 0.15089425868424505
      },
      "label": "query_recompute_token4_union_dkv_only_full",
      "peak_memory_allocated_bytes": 1715697152,
      "peak_memory_allocated_gib": 1.597867488861084,
      "wall": {
        "enabled": true,
        "max_ms": 8.56382492929697,
        "mean_ms": 8.34252336062491,
        "median_ms": 8.235437097027898,
        "min_ms": 8.22830805554986,
        "samples_ms": [
          8.56382492929697,
          8.22830805554986,
          8.235437097027898
        ],
        "stdev_ms": 0.1916859254891581
      }
    },
    "dkv_only_sink": {
      "checksum_norm": 11682.4130859375,
      "event": {
        "enabled": true,
        "max_ms": 7.590395927429199,
        "mean_ms": 7.239260832468669,
        "median_ms": 7.163912773132324,
        "min_ms": 6.963473796844482,
        "samples_ms": [
          7.163912773132324,
          7.590395927429199,
          6.963473796844482
        ],
        "stdev_ms": 0.32018094413711623
      },
      "label": "query_recompute_token4_union_dkv_only_sink",
      "peak_memory_allocated_bytes": 1705218048,
      "peak_memory_allocated_gib": 1.5881080627441406,
      "wall": {
        "enabled": true,
        "max_ms": 7.679181871935725,
        "mean_ms": 7.306698244065046,
        "median_ms": 7.257455959916115,
        "min_ms": 6.983456900343299,
        "samples_ms": [
          7.257455959916115,
          7.679181871935725,
          6.983456900343299
        ],
        "stdev_ms": 0.3504667044606002
      }
    }
  },
  "timing_deltas": {
    "enabled": false
  },