{
  "checks": {},
  "detail_enabled": true,
  "estimated_flops": {
    "detail_gemm_each": 2207864848384.0,
    "forward_recompute_gemm": 6623594545152.0,
    "full_vjp_gemm_family": 19870783635456.0,
    "fused_w13_detail_forward_gate_up_gemm": 4415729696768.0,
    "saved_hidden_output_vjp_gemm_family": 13247189090304.0,
    "saved_hidden_vjp_gemm_family": 15455053938688.0,
    "stage1_hidden_output_vjp_gemm_family": 15455053938688.0,
    "stage1_hidden_vjp_gemm_family": 17662918787072.0,
    "w2_dgrad_gemm": 2207864848384.0,
    "wgrad_gemms": 6623594545152.0,
    "xgrad_gemms": 4415729696768.0
  },
  "estimated_tflops": {
    "aiter_compact_detail_backward_w2_dgrad_gemm": 659.2685828962979,
    "aiter_compact_detail_forward_down_gemm": 653.6240300610173,
    "aiter_compact_detail_forward_gate_gemm": 659.386738252629,
    "aiter_compact_detail_forward_up_gemm": 660.3491409777652,
    "aiter_compact_detail_wgrad_dw1_gemm": 578.7679602994998,
    "aiter_compact_detail_wgrad_dw2_gemm": 594.0350126634457,
    "aiter_compact_detail_wgrad_dw3_gemm": 578.8834092524893,
    "aiter_compact_detail_xgrad_w1_gemm": 642.321012131251,
    "aiter_compact_detail_xgrad_w3_gemm": 641.5074908266805,
    "aiter_compact_dgrad_swiglu": 242.5246727894862,
    "aiter_compact_forward_recompute": 477.21903465080544,
    "aiter_compact_full_vjp": 431.28238952929655,
    "aiter_compact_wgrad": 574.9996728812392,
    "aiter_compact_xgrad_reduce": 446.13599101511,
    "torch_padded_detail_backward_w2_dgrad_gemm": 989.7778266743313,
    "torch_padded_detail_forward_down_gemm": 1036.7187883298539,
    "torch_padded_detail_forward_gate_gemm": 1081.8920828488021,
    "torch_padded_detail_forward_up_gemm": 1080.7688258418004,
    "torch_padded_detail_wgrad_dw1_gemm": 986.9991508640618,
    "torch_padded_detail_wgrad_dw2_gemm": 1028.3363054826063,
    "torch_padded_detail_wgrad_dw3_gemm": 1023.436125209405,
    "torch_padded_detail_xgrad_w1_gemm": 951.6047895460581,
    "torch_padded_detail_xgrad_w3_gemm": 931.1999211874049,
    "torch_padded_dgrad_swiglu": 275.03079732893525,
    "torch_padded_forward_recompute": 611.3793591226732,
    "torch_padded_full_vjp": 545.9601313712101,
    "torch_padded_wgrad": 983.4701295443591,
    "torch_padded_xgrad_reduce": 563.5458777394772,
    "triton_swiglu_padded_dgrad_swiglu": 789.3836006424212,
    "triton_swiglu_padded_forward_recompute": 686.5753769505815,
    "triton_swiglu_padded_full_vjp": 749.0031333760165,
    "triton_swiglu_padded_wgrad": 1029.5727452211431,
    "triton_swiglu_padded_xgrad_reduce": 570.270900740152
  },
  "fused_w13_enabled": false,
  "layout_detail_enabled": false,
  "layout_only": false,
  "layout_probe": {
    "enabled": false
  },
  "ok": null,
  "prealloc_state": {},
  "prealloc_triton_swiglu_enabled": false,
  "primus_turbo_auto_tune": false,
  "primus_turbo_backend": "default",
  "primus_turbo_enabled": false,
  "probe": "owned_expert_vjp_ep_shape",
  "read": "Models the local owner-rank VJP behind MORI routed backward. It compares retained padded torch.bmm-style grouped expert math against AITER compact grouped GMM/TGMM at the EP-local shape.",
  "route_stats": {
    "assignments_to_owner_rank": 131599,
    "expected_assignments_uniform": 131072.0,
    "expert_start": 0,
    "expert_stop": 32,
    "local_experts": 32,
    "max_per_local_expert": 4233,
    "mean_per_local_expert": 4112.46875,
    "min_per_local_expert": 3974,
    "owner_rank": 0,
    "padded_rows_local_max": 135456,
    "padding_multiplier_local_max": 1.0293087333490376,
    "source_tokens_all_ranks": 131072,
    "tokens_per_rank": 16384,
    "tokens_with_owner_expert": 86981,
    "topk": 8,
    "total_experts": 256,
    "world_size": 8
  },
  "saved_activation_enabled": false,
  "saved_activation_state": {},
  "shape": {
    "backend": "both",
    "dtype": "bfloat16",
    "experts": 256,
    "hidden": 4096,
    "intermediate": 2048,
    "local_experts": 32,
    "source_tokens_all_ranks": 131072,
    "tokens_per_rank": 16384,
    "topk": 8,
    "wgrad_op": "ptgmm",
    "world_size": 8
  },
  "timing_ms": {
    "aiter_compact_detail_backward_swiglu_ms_max": 9.301873207092285,
    "aiter_compact_detail_backward_swiglu_ms_mean": 6.96837838490804,
    "aiter_compact_detail_backward_swiglu_ms_median": 5.804871082305908,
    "aiter_compact_detail_backward_swiglu_ms_min": 5.798390865325928,
    "aiter_compact_detail_backward_w2_dgrad_gemm_ms_max": 3.3913609981536865,
    "aiter_compact_detail_backward_w2_dgrad_gemm_ms_mean": 3.3547210693359375,
    "aiter_compact_detail_backward_w2_dgrad_gemm_ms_median": 3.348961114883423,
    "aiter_compact_detail_backward_w2_dgrad_gemm_ms_min": 3.323841094970703,
    "aiter_compact_detail_forward_down_gemm_ms_max": 3.4108810424804688,
    "aiter_compact_detail_forward_down_gemm_ms_mean": 3.3887747128804526,
    "aiter_compact_detail_forward_down_gemm_ms_median": 3.3778820037841797,
    "aiter_compact_detail_forward_down_gemm_ms_min": 3.377561092376709,
    "aiter_compact_detail_forward_dtopk_ms_max": 2.6099119186401367,
    "aiter_compact_detail_forward_dtopk_ms_mean": 2.607431968053182,
    "aiter_compact_detail_forward_dtopk_ms_median": 2.6098721027374268,
    "aiter_compact_detail_forward_dtopk_ms_min": 2.6025118827819824,
    "aiter_compact_detail_forward_gate_gemm_ms_max": 3.371721029281616,
    "aiter_compact_detail_forward_gate_gemm_ms_mean": 3.347774028778076,
    "aiter_compact_detail_forward_gate_gemm_ms_median": 3.348361015319824,
    "aiter_compact_detail_forward_gate_gemm_ms_min": 3.323240041732788,
    "aiter_compact_detail_forward_swiglu_ms_max": 1.205935001373291,
    "aiter_compact_detail_forward_swiglu_ms_mean": 1.200494647026062,
    "aiter_compact_detail_forward_swiglu_ms_median": 1.2046949863433838,
    "aiter_compact_detail_forward_swiglu_ms_min": 1.1908539533615112,
    "aiter_compact_detail_forward_up_gemm_ms_max": 3.357400894165039,
    "aiter_compact_detail_forward_up_gemm_ms_mean": 3.3402939637502036,
    "aiter_compact_detail_forward_up_gemm_ms_median": 3.3434810638427734,
    "aiter_compact_detail_forward_up_gemm_ms_min": 3.319999933242798,
    "aiter_compact_detail_wgrad_dw1_gemm_ms_max": 3.836327075958252,
    "aiter_compact_detail_wgrad_dw1_gemm_ms_mean": 3.80812668800354,
    "aiter_compact_detail_wgrad_dw1_gemm_ms_median": 3.8147668838500977,
    "aiter_compact_detail_wgrad_dw1_gemm_ms_min": 3.7732861042022705,
    "aiter_compact_detail_wgrad_dw2_gemm_ms_max": 3.7416059970855713,
    "aiter_compact_detail_wgrad_dw2_gemm_ms_mean": 3.7220187187194824,
    "aiter_compact_detail_wgrad_dw2_gemm_ms_median": 3.7167251110076904,
    "aiter_compact_detail_wgrad_dw2_gemm_ms_min": 3.7077250480651855,
    "aiter_compact_detail_wgrad_dw3_gemm_ms_max": 3.8357670307159424,
    "aiter_compact_detail_wgrad_dw3_gemm_ms_mean": 3.815033038457235,
    "aiter_compact_detail_wgrad_dw3_gemm_ms_median": 3.8140060901641846,
    "aiter_compact_detail_wgrad_dw3_gemm_ms_min": 3.795325994491577,
    "aiter_compact_detail_xgrad_reduce_only_ms_max": 2.9503159523010254,
    "aiter_compact_detail_xgrad_reduce_only_ms_mean": 2.896435340245565,
    "aiter_compact_detail_xgrad_reduce_only_ms_median": 2.896595001220703,
    "aiter_compact_detail_xgrad_reduce_only_ms_min": 2.842395067214966,
    "aiter_compact_detail_xgrad_w1_gemm_ms_max": 3.45044207572937,
    "aiter_compact_detail_xgrad_w1_gemm_ms_mean": 3.4319890340169272,
    "aiter_compact_detail_xgrad_w1_gemm_ms_median": 3.4373230934143066,
    "aiter_compact_detail_xgrad_w1_gemm_ms_min": 3.4082019329071045,
    "aiter_compact_detail_xgrad_w3_gemm_ms_max": 3.4417219161987305,
    "aiter_compact_detail_xgrad_w3_gemm_ms_mean": 3.4308950106302896,
    "aiter_compact_detail_xgrad_w3_gemm_ms_median": 3.4416821002960205,
    "aiter_compact_detail_xgrad_w3_gemm_ms_min": 3.409281015396118,
    "aiter_compact_dgrad_swiglu_ms_max": 9.146230697631836,
    "aiter_compact_dgrad_swiglu_ms_mean": 9.113897641499838,
    "aiter_compact_dgrad_swiglu_ms_median": 9.103671073913574,