{
  "checks": {},
  "detail_enabled": true,
  "estimated_flops": {
    "detail_gemm_each": 912680550400.0,
    "forward_recompute_gemm": 2738041651200.0,
    "full_vjp_gemm_family": 8214124953600.0,
    "fused_w13_detail_forward_gate_up_gemm": 1825361100800.0,
    "saved_hidden_output_vjp_gemm_family": 5476083302400.0,
    "saved_hidden_vjp_gemm_family": 6388763852800.0,
    "stage1_hidden_output_vjp_gemm_family": 6388763852800.0,
    "stage1_hidden_vjp_gemm_family": 7301444403200.0,
    "w2_dgrad_gemm": 912680550400.0,
    "wgrad_gemms": 2738041651200.0,
    "xgrad_gemms": 1825361100800.0
  },
  "estimated_tflops": {
    "fused_w13_padded_detail_forward_gate_up_gemm": 1145.8803529378956,
    "fused_w13_padded_detail_wgrad_dw13_gemm": 1117.4013302691644,
    "fused_w13_padded_detail_xgrad_w13_gemm": 1033.50857211257,
    "fused_w13_padded_dgrad_swiglu": 748.7782045691426,
    "fused_w13_padded_forward_recompute": 666.2608895056127,
    "fused_w13_padded_full_vjp": 764.218748891117,
    "fused_w13_padded_wgrad": 1073.1749278505545,
    "fused_w13_padded_xgrad_reduce": 652.4483019078909,
    "prealloc_triton_swiglu_padded_full_vjp": 759.1083684858932,
    "torch_padded_detail_backward_w2_dgrad_gemm": 1115.462784034247,
    "torch_padded_detail_forward_down_gemm": 1106.6429364448136,
    "torch_padded_detail_forward_gate_gemm": 1079.0609647297092,
    "torch_padded_detail_forward_up_gemm": 1084.3454759952222,
    "torch_padded_detail_wgrad_dw1_gemm": 1207.172721558875,
    "torch_padded_detail_wgrad_dw2_gemm": 1097.3820145002157,
    "torch_padded_detail_wgrad_dw3_gemm": 1125.3087887553543,
    "torch_padded_detail_xgrad_w1_gemm": 982.54966720497,
    "torch_padded_detail_xgrad_w3_gemm": 990.4399797400023,
    "torch_padded_dgrad_swiglu": 274.58329931687507,
    "torch_padded_forward_recompute": 585.656188347172,
    "torch_padded_full_vjp": 630.5026225400825,
    "torch_padded_wgrad": 949.2615894688462,
    "torch_padded_xgrad_reduce": 597.8142146798772,
    "triton_swiglu_padded_dgrad_swiglu": 745.5480458619654,
    "triton_swiglu_padded_forward_recompute": 634.3159028313647,
    "triton_swiglu_padded_full_vjp": 768.5606819610273,
    "triton_swiglu_padded_wgrad": 1056.2503448850803,
    "triton_swiglu_padded_xgrad_reduce": 607.9687423914639,
    "triton_swiglu_saved_hidden_full_vjp": 723.3611165301163,
    "triton_swiglu_saved_hidden_output_full_vjp": 684.7086357855067,
    "triton_swiglu_saved_stage1_hidden_full_vjp": 680.7268625631441,
    "triton_swiglu_saved_stage1_hidden_output_full_vjp": 669.2257596966157
  },
  "fused_w13_enabled": true,
  "layout_detail_enabled": false,
  "layout_only": false,
  "layout_probe": {
    "enabled": false
  },
  "ok": null,
  "prealloc_state": {
    "prealloc_triton_swiglu": {
      "buffer_bytes": 3991839744,
      "buffer_gib": 3.7176904678344727,
      "read": "Reusable output buffers for the padded owner-rank VJP. This measures whether allocation/out-buffer reuse helps before building a custom CK/HIP fused backward."
    }
  },
  "prealloc_triton_swiglu_enabled": true,
  "primus_turbo_auto_tune": false,
  "primus_turbo_backend": "default",
  "primus_turbo_enabled": false,
  "probe": "owned_expert_vjp_ep_shape",
  "read": "Models the local owner-rank VJP behind MORI routed backward. It compares retained padded torch.bmm-style grouped expert math against AITER compact grouped GMM/TGMM at the EP-local shape.",
  "route_stats": {
    "assignments_to_owner_rank": 54400,
    "expected_assignments_uniform": 54400.0,
    "expert_start": 0,
    "expert_stop": 8,
    "local_experts": 8,
    "max_per_local_expert": 6872,
    "mean_per_local_expert": 6800.0,
    "min_per_local_expert": 6726,
    "owner_rank": 0,
    "padded_rows_local_max": 54976,
    "padding_multiplier_local_max": 1.0105882352941176,
    "source_tokens_all_ranks": 54400,
    "tokens_per_rank": 54400,
    "tokens_with_owner_expert": 54400,
    "topk": 1,
    "total_experts": 8,
    "world_size": 1
  },
  "saved_activation_enabled": true,
  "saved_activation_state": {
    "triton_swiglu_saved_hidden": {
      "save_output": false,
      "saved_tensor_bytes": 675545088,
      "saved_tensor_gib": 0.629150390625,
      "saved_tensors": {
        "gate": {
          "bytes": 225181696,
          "dtype": "torch.bfloat16",
          "shape": [
            8,
            6872,
            2048
          ]
        },
        "hidden": {
          "bytes": 225181696,
          "dtype": "torch.bfloat16",
          "shape": [
            8,
            6872,
            2048
          ]
        },
        "up": {
          "bytes": 225181696,
          "dtype": "torch.bfloat16",
          "shape": [
            8,
            6872,
            2048
          ]
        }
      }
    },
    "triton_swiglu_saved_hidden_output": {
      "save_output": true,
      "saved_tensor_bytes": 1121189888,
      "saved_tensor_gib": 1.044189453125,
      "saved_tensors": {
        "gate": {
          "bytes": 225181696,
          "dtype": "torch.bfloat16",
          "shape": [
            8,
            6872,
            2048
          ]
        },
        "hidden": {
          "bytes": 225181696,
          "dtype": "torch.bfloat16",
          "shape": [
            8,
            6872,
            2048
          ]
        },
        "out_compact": {
          "bytes": 445644800,
          "dtype": "torch.bfloat16",
          "shape": [
            54400,
            4096
          ]
        },
        "up": {
          "bytes": 225181696,
          "dtype": "torch.bfloat16",
          "shape": [
            8,
            6872,
            2048
          ]
        }
      }
    },
    "triton_swiglu_saved_stage1_hidden": {
      "save_output": false,
      "saved_tensor_bytes": 225181696,
      "saved_tensor_gib": 0.209716796875,
      "saved_tensors": {
        "hidden": {
          "bytes": 225181696,
          "dtype": "torch.bfloat16",
          "shape": [
            8,
            6872,
            2048
          ]
        }
      }
    },
    "triton_swiglu_saved_stage1_hidden_output": {
      "save_output": true,
      "saved_tensor_bytes": 670826496,
      "saved_tensor_gib": 0.624755859375,
      "saved_tensors": {
        "hidden": {
          "bytes": 225181696,
          "dtype": "torch.bfloat16",
          "shape": [
            8,
            6872,
            2048
          ]
        },
        "out_compact": {
          "bytes": 445644800,
          "dtype": "torch.bfloat16",
          "shape": [
            54400,
            4096
          ]
        }
      }
    }
  },
  "shape": {
    "backend": "torch",
    "dtype": "bfloat16",
    "experts": 8,
    "hidden": 4096,
    "intermediate": 2048,
    "local_experts": 8,
    "source_tokens_all_ranks": 54400,
    "tokens_per_rank": 54400,
    "topk": 1,
    "wgrad_op": "ptgmm",
    "world_size": 1
  },
  "timing_ms": {
    "fused_w13_padded_detail_forward_dtopk_ms_max": 1.2385339736938477,
    "fused_w13_padded_detail_forward_dtopk_ms_mean": 1.2231866518656414,
    "fused_w13_padded_detail_forward_dtopk_ms_median": 1.2221330404281616,
    "fused_w13_padded_detail_forward_dtopk_ms_min": 1.2088929414749146,
    "fused_w13_padded_detail_forward_gate_up_gemm_ms_max": 1.6246570348739624,
    "fused_w13_padded_detail_forward_gate_up_gemm_ms_mean": 1.5954033533732097,
    "fused_w13_padded_detail_forward_gate_up_gemm_ms_median": 1.5929770469665527,
    "fused_w13_padded_detail_forward_gate_up_gemm_ms_min": 1.5685759782791138,
    "fused_w13_padded_detail_wgrad_dw13_gemm_ms_max": 1.6517380475997925,
    "fused_w13_padded_detail_wgrad_dw13_gemm_ms_mean": 1.6265640258789062,
    "fused_w13_padded_detail_wgrad_dw13_gemm_ms_median": 1.6335769891738892,
    "fused_w13_padded_detail_wgrad_dw13_gemm_ms_min": 1.594377040863037,
    "fused_w13_padded_detail_xgrad_reduce_only_ms_max": 1.1909719705581665,
    "fused_w13_padded_detail_xgrad_reduce_only_ms_mean": 1.1826526721318562,