{
  "checks": {},
  "detail_enabled": true,
  "estimated_flops": {
    "detail_gemm_each": 469762048000.0,
    "forward_recompute_gemm": 1409286144000.0,
    "full_vjp_gemm_family": 4227858432000.0,
    "fused_w13_detail_forward_gate_up_gemm": 939524096000.0,
    "saved_hidden_output_vjp_gemm_family": 2818572288000.0,
    "saved_hidden_vjp_gemm_family": 3288334336000.0,
    "stage1_hidden_output_vjp_gemm_family": 3288334336000.0,
    "stage1_hidden_vjp_gemm_family": 3758096384000.0,
    "w2_dgrad_gemm": 469762048000.0,
    "wgrad_gemms": 1409286144000.0,
    "xgrad_gemms": 939524096000.0
  },
  "estimated_tflops": {
    "fused_w13_padded_detail_forward_gate_up_gemm": 1108.3358707975515,
    "fused_w13_padded_detail_wgrad_dw13_gemm": 1009.1450017398951,
    "fused_w13_padded_detail_xgrad_w13_gemm": 1028.4545708636965,
    "fused_w13_padded_dgrad_swiglu": 710.5043503913141,
    "fused_w13_padded_forward_recompute": 584.8276888881148,
    "fused_w13_padded_full_vjp": 758.4395543681708,
    "fused_w13_padded_wgrad": 941.2208186528726,
    "fused_w13_padded_xgrad_reduce": 650.5430683350814,
    "prealloc_triton_swiglu_padded_full_vjp": 746.288616710495,
    "torch_padded_detail_backward_w2_dgrad_gemm": 1063.3754077093568,
    "torch_padded_detail_forward_down_gemm": 1175.9220342870037,
    "torch_padded_detail_forward_gate_gemm": 937.1138948936507,
    "torch_padded_detail_forward_up_gemm": 1042.0538705784625,
    "torch_padded_detail_wgrad_dw1_gemm": 956.4240864210435,
    "torch_padded_detail_wgrad_dw2_gemm": 977.1136281839362,
    "torch_padded_detail_wgrad_dw3_gemm": 1053.5521777795916,
    "torch_padded_detail_xgrad_w1_gemm": 952.8545163810298,
    "torch_padded_detail_xgrad_w3_gemm": 1008.4085034100299,
    "torch_padded_dgrad_swiglu": 254.3848441807043,
    "torch_padded_forward_recompute": 541.5942226759704,
    "torch_padded_full_vjp": 602.0640886039037,
    "torch_padded_wgrad": 848.4063800727379,
    "torch_padded_xgrad_reduce": 559.6079348623189,
    "triton_swiglu_padded_dgrad_swiglu": 685.255834160855,
    "triton_swiglu_padded_forward_recompute": 552.2138124790935,
    "triton_swiglu_padded_full_vjp": 738.1269822298202,
    "triton_swiglu_padded_wgrad": 947.4217924338765,
    "triton_swiglu_padded_xgrad_reduce": 604.4688459875844,
    "triton_swiglu_saved_hidden_full_vjp": 712.9569736953537,
    "triton_swiglu_saved_hidden_output_full_vjp": 691.5311474557342,
    "triton_swiglu_saved_stage1_hidden_full_vjp": 664.7334110272704,
    "triton_swiglu_saved_stage1_hidden_output_full_vjp": 661.8907941621039
  },
  "fused_w13_enabled": true,
  "layout_detail_enabled": false,
  "layout_only": false,
  "layout_probe": {
    "enabled": false
  },
  "ok": null,
  "prealloc_state": {
    "prealloc_triton_swiglu": {
      "buffer_bytes": 2264754944,
      "buffer_gib": 2.109217405319214,
      "read": "Reusable output buffers for the padded owner-rank VJP. This measures whether allocation/out-buffer reuse helps before building a custom CK/HIP fused backward."
    }
  },
  "prealloc_triton_swiglu_enabled": true,
  "primus_turbo_auto_tune": false,
  "primus_turbo_backend": "default",
  "primus_turbo_enabled": false,
  "probe": "owned_expert_vjp_ep_shape",
  "read": "Models the local owner-rank VJP behind MORI routed backward. It compares retained padded torch.bmm-style grouped expert math against AITER compact grouped GMM/TGMM at the EP-local shape.",
  "route_stats": {
    "assignments_to_owner_rank": 28000,
    "expected_assignments_uniform": 28000.0,
    "expert_start": 0,
    "expert_stop": 8,
    "local_experts": 8,
    "max_per_local_expert": 3582,
    "mean_per_local_expert": 3500.0,
    "min_per_local_expert": 3341,
    "owner_rank": 0,
    "padded_rows_local_max": 28656,
    "padding_multiplier_local_max": 1.0234285714285714,
    "source_tokens_all_ranks": 28000,
    "tokens_per_rank": 28000,
    "tokens_with_owner_expert": 28000,
    "topk": 1,
    "total_experts": 8,
    "world_size": 1
  },
  "saved_activation_enabled": true,
  "saved_activation_state": {
    "triton_swiglu_saved_hidden": {
      "save_output": false,
      "saved_tensor_bytes": 352124928,
      "saved_tensor_gib": 0.32794189453125,
      "saved_tensors": {
        "gate": {
          "bytes": 117374976,
          "dtype": "torch.bfloat16",
          "shape": [
            8,
            3582,
            2048
          ]
        },
        "hidden": {
          "bytes": 117374976,
          "dtype": "torch.bfloat16",
          "shape": [
            8,
            3582,
            2048
          ]
        },
        "up": {
          "bytes": 117374976,
          "dtype": "torch.bfloat16",
          "shape": [
            8,
            3582,
            2048
          ]
        }
      }
    },
    "triton_swiglu_saved_hidden_output": {
      "save_output": true,
      "saved_tensor_bytes": 581500928,
      "saved_tensor_gib": 0.54156494140625,
      "saved_tensors": {
        "gate": {
          "bytes": 117374976,
          "dtype": "torch.bfloat16",
          "shape": [
            8,
            3582,
            2048
          ]
        },
        "hidden": {
          "bytes": 117374976,
          "dtype": "torch.bfloat16",
          "shape": [
            8,
            3582,
            2048
          ]
        },
        "out_compact": {
          "bytes": 229376000,
          "dtype": "torch.bfloat16",
          "shape": [
            28000,
            4096
          ]
        },
        "up": {
          "bytes": 117374976,
          "dtype": "torch.bfloat16",
          "shape": [
            8,
            3582,
            2048
          ]
        }
      }
    },
    "triton_swiglu_saved_stage1_hidden": {
      "save_output": false,
      "saved_tensor_bytes": 117374976,
      "saved_tensor_gib": 0.10931396484375,
      "saved_tensors": {
        "hidden": {
          "bytes": 117374976,
          "dtype": "torch.bfloat16",
          "shape": [
            8,
            3582,
            2048
          ]
        }
      }
    },
    "triton_swiglu_saved_stage1_hidden_output": {
      "save_output": true,
      "saved_tensor_bytes": 346750976,
      "saved_tensor_gib": 0.32293701171875,
      "saved_tensors": {
        "hidden": {
          "bytes": 117374976,
          "dtype": "torch.bfloat16",
          "shape": [
            8,
            3582,
            2048
          ]
        },
        "out_compact": {
          "bytes": 229376000,
          "dtype": "torch.bfloat16",
          "shape": [
            28000,
            4096
          ]
        }
      }
    }
  },
  "shape": {
    "backend": "torch",
    "dtype": "bfloat16",
    "experts": 8,
    "hidden": 4096,
    "intermediate": 2048,
    "local_experts": 8,
    "source_tokens_all_ranks": 28000,
    "tokens_per_rank": 28000,
    "topk": 1,
    "wgrad_op": "ptgmm",
    "world_size": 1
  },
  "timing_ms": {
    "fused_w13_padded_detail_forward_dtopk_ms_max": 0.6609669923782349,
    "fused_w13_padded_detail_forward_dtopk_ms_mean": 0.6575933297475179,
    "fused_w13_padded_detail_forward_dtopk_ms_median": 0.6576070189476013,
    "fused_w13_padded_detail_forward_dtopk_ms_min": 0.6542059779167175,
    "fused_w13_padded_detail_forward_gate_up_gemm_ms_max": 0.8569689989089966,
    "fused_w13_padded_detail_forward_gate_up_gemm_ms_mean": 0.8447823325792948,
    "fused_w13_padded_detail_forward_gate_up_gemm_ms_median": 0.8476889729499817,
    "fused_w13_padded_detail_forward_gate_up_gemm_ms_min": 0.8296890258789062,
    "fused_w13_padded_detail_wgrad_dw13_gemm_ms_max": 0.9672899842262268,
    "fused_w13_padded_detail_wgrad_dw13_gemm_ms_mean": 0.9426366686820984,
    "fused_w13_padded_detail_wgrad_dw13_gemm_ms_median": 0.9310100078582764,
    "fused_w13_padded_detail_wgrad_dw13_gemm_ms_min": 0.929610013961792,
    "fused_w13_padded_detail_xgrad_reduce_only_ms_max": 0.6471260190010071,
    "fused_w13_padded_detail_xgrad_reduce_only_ms_mean": 0.6267129977544149,