{
  "status": "ok",
  "scope": "tilelang_dsv4_sparse_mqa_reference_backward_atomic_gate",
  "read": "Straight vendored TileLang DSv4 sparse-MQA backward timing. This uses TileLang GEMMs for QK/PV and dKV contribution math, then T.atomic_addx4 into dKV for every selected index. It is a baseline for whether a direct TileLang port is competitive before adding segmented in-producer dKV reduction.",
  "reference_kernel_dir": "sources/references/miles-deepseek-v4-pr1045/miles_plugins/models/deepseek_v4/ops/kernel",
  "diagnostic_kernel_path": "tools/dsv4_runtime_probe/tilelang_sparse_mqa_bwd_diagnostic.py",
  "bwd_variant": "dkv_compute_nowrite_directdq",
  "device": "cuda",
  "torch_version": "2.9.1+rocm7.2.0.git7e1940d4",
  "torch_hip_version": "7.2.26015-fc0010cf6a",
  "dtype": "bfloat16",
  "seed": 20260604,
  "shape": {
    "batch": 1,
    "seq_len": 4096,
    "kv_len": 1024,
    "compress_ratio": 4,
    "heads": 64,
    "dim": 512,
    "topk": 512,
    "sm_scale": 0.04419417382415922,
    "forward_state": "synthetic",
    "head_split": 0,
    "kernel_heads": 64
  },
  "blocks": {
    "fwd_block_i": 64,
    "fwd_threads": 256,
    "bwd_block_size": 16,
    "bwd_threads": 256
  },
  "route_stats": {
    "assignments": 2097152,
    "kv_len": 1024,
    "touched_kv_rows": 1024,
    "mean_assignments_per_touched_row": 2048.0,
    "max_assignments_per_row": 2196,
    "p50_assignments_per_touched_row": 2047.0,
    "p99_assignments_per_touched_row": 2148.31005859375
  },
  "atomic_write_model": {
    "selected_rows": 2097152,
    "scalar_dkv_atomic_add_elements": 1073741824,
    "atomic_addx4_calls_modeled": 268435456
  },
  "timing": {
    "tilelang_preprocess_delta": {
      "label": "tilelang_preprocess_delta",
      "warmup_iters": 5,
      "timed_iters": 20,
      "event": {
        "enabled": true,
        "samples_ms": [
          0.16116100549697876,
          0.2048420011997223,
          0.13248099386692047,
          0.12068100273609161,
          0.1162009984254837,
          0.11624100059270859,
          0.11456099897623062,
          0.11840099841356277,
          0.11796099692583084,
          0.11576099693775177,
          0.11512099951505661,
          0.11668100208044052,
          0.11644099652767181,
          0.12000100314617157,
          0.11788100004196167,
          0.11536099761724472,
          0.11824099719524384,
          0.11776100099086761,
          0.11476100236177444,
          0.11644099652767181
        ],
        "mean_ms": 0.1243490494787693,
        "median_ms": 0.11722100153565407,
        "min_ms": 0.11456099897623062,
        "max_ms": 0.2048420011997223,
        "stdev_ms": 0.021612490062755813
      },
      "wall": {
        "enabled": true,
        "samples_ms": [
          0.23921893443912268,
          0.24392909836024046,
          0.14735909644514322,
          0.13421906623989344,
          0.12969004455953836,
          0.12953102122992277,
          0.12845906894654036,
          0.13165001291781664,
          0.13085000682622194,
          0.12850004713982344,
          0.12772902846336365,
          0.12914894614368677,
          0.13854994904249907,
          0.13383000623434782,
          0.13100006617605686,
          0.12841890566051006,
          0.13137992937117815,
          0.13080902863293886,
          0.12808898463845253,
          0.1296789851039648
        ],
        "mean_ms": 0.1426020113285631,
        "median_ms": 0.1308295177295804,
        "min_ms": 0.12772902846336365,
        "max_ms": 0.24392909836024046,
        "stdev_ms": 0.03415397902527531
      },
      "median_ms": 0.11722100153565407,
      "min_ms": 0.11456099897623062,
      "max_ms": 0.2048420011997223,
      "mean_ms": 0.1243490494787693,
      "peak_memory_allocated_bytes": 819988992,
      "peak_memory_allocated_gib": 0.763674259185791,
      "checksum": -3026.898681640625
    },
    "tilelang_core_backward_kernel": {
      "label": "tilelang_core_backward_kernel",
      "warmup_iters": 5,
      "timed_iters": 20,
      "event": {
        "enabled": true,
        "samples_ms": [
          2.3078598976135254,
          2.4851410388946533,
          2.343820095062256,
          2.309659004211426,
          2.282219886779785,
          2.27593994140625,
          2.2624990940093994,
          2.272779941558838,
          2.2685389518737793,
          2.268378973007202,
          2.266979932785034,
          2.28049898147583,
          2.2693400382995605,
          2.2664589881896973,
          2.2791800498962402,
          2.2658588886260986,
          2.266019105911255,
          2.262619972229004,
          2.2779788970947266,
          2.2756190299987793
        ],
        "mean_ms": 2.289369535446167,
        "median_ms": 2.2741994857788086,
        "min_ms": 2.2624990940093994,
        "max_ms": 2.4851410388946533,
        "stdev_ms": 0.05020503251926706
      },
      "wall": {
        "enabled": true,
        "samples_ms": [
          2.335301018320024,
          2.5246000150218606,
          2.3606809554621577,
          2.324111992493272,
          2.298990963026881,
          2.290572039783001,
          2.2790830116719007,
          2.287711016833782,
          2.2844220511615276,
          2.285541035234928,
          2.281710971146822,
          2.2970220306888223,
          2.283290959894657,
          2.2805810440331697,
          2.292811986990273,
          2.2801320301368833,
          2.2823920007795095,
          2.2791309747844934,
          2.294961945153773,
          2.292040968313813
        ],
        "mean_ms": 2.3067544505465776,
        "median_ms": 2.2891415283083916,
        "min_ms": 2.2790830116719007,
        "max_ms": 2.5246000150218606,
        "stdev_ms": 0.055465947792113876
      },
      "median_ms": 2.2741994857788086,
      "min_ms": 2.2624990940093994,
      "max_ms": 2.4851410388946533,
      "mean_ms": 2.289369535446167,
      "peak_memory_allocated_bytes": 1624247296,
      "peak_memory_allocated_gib": 1.5126981735229492,
      "checksum": 9.766159057617188
    },
    "tilelang_postprocess_dkv_cast": {
      "label": "tilelang_postprocess_dkv_cast",
      "warmup_iters": 5,
      "timed_iters": 20,
      "event": {
        "enabled": true,
        "samples_ms": [
          0.07840000092983246,
          0.032280001789331436,
          0.02524000033736229,
          0.028720000758767128,
          0.025200000032782555,
          0.029039999470114708,
          0.027960000559687614,
          0.02800000086426735,
          0.02868100069463253,
          0.02824000082910061,
          0.027720000594854355,
          0.02792000025510788,
          0.027921000495553017,
          0.02807999961078167,
          0.02768000029027462,
          0.02831999957561493,
          0.028080999851226807,
          0.02831999957561493,
          0.02792000025510788,
          0.028040999546647072
        ],
        "mean_ms": 0.030588200315833092,
        "median_ms": 0.02806049957871437,
        "min_ms": 0.025200000032782555,
        "max_ms": 0.07840000092983246,
        "stdev_ms": 0.011338111634855716
      },
      "wall": {
        "enabled": true,
        "samples_ms": [
          0.10716798715293407,
          0.04679989069700241,
          0.042750034481287,
          0.04141998942941427,
          0.041721039451658726,
          0.04217901732772589,
          0.04105002153664827,
          0.041109975427389145,
          0.042569939978420734,
          0.041350023820996284,
          0.040950020775198936,
          0.04096992779523134,
          0.04071998409926891,
          0.04044896923005581,
          0.04051998257637024,
          0.04075001925230026,
          0.040609040297567844,
          0.04071998409926891,
          0.04076899494975805,
          0.04059099592268467
        ],
        "mean_ms": 0.04475829191505909,
        "median_ms": 0.04100997466593981,
        "min_ms": 0.04044896923005581,
        "max_ms": 0.10716798715293407,