{
  "status": "ok",
  "scope": "tilelang_dsv4_sparse_mqa_reference_backward_atomic_gate",
  "read": "Straight vendored TileLang DSv4 sparse-MQA backward timing. This uses TileLang GEMMs for QK/PV and dKV contribution math, then T.atomic_addx4 into dKV for every selected index. It is a baseline for whether a direct TileLang port is competitive before adding segmented in-producer dKV reduction.",
  "reference_kernel_dir": "sources/references/miles-deepseek-v4-pr1045/miles_plugins/models/deepseek_v4/ops/kernel",
  "device": "cuda",
  "torch_version": "2.9.1+rocm7.2.0.git7e1940d4",
  "torch_hip_version": "7.2.26015-fc0010cf6a",
  "dtype": "bfloat16",
  "seed": 20260604,
  "shape": {
    "batch": 1,
    "seq_len": 4096,
    "kv_len": 1024,
    "compress_ratio": 4,
    "heads": 64,
    "dim": 512,
    "topk": 512,
    "sm_scale": 0.04419417382415922,
    "forward_state": "synthetic",
    "head_split": 32,
    "kernel_heads": 32
  },
  "blocks": {
    "fwd_block_i": 64,
    "fwd_threads": 256,
    "bwd_block_size": 32,
    "bwd_threads": 256
  },
  "route_stats": {
    "assignments": 2097152,
    "kv_len": 1024,
    "touched_kv_rows": 1024,
    "mean_assignments_per_touched_row": 2048.0,
    "max_assignments_per_row": 2196,
    "p50_assignments_per_touched_row": 2047.0,
    "p99_assignments_per_touched_row": 2148.31005859375
  },
  "atomic_write_model": {
    "selected_rows": 2097152,
    "scalar_dkv_atomic_add_elements": 1073741824,
    "atomic_addx4_calls_modeled": 268435456
  },
  "timing": {
    "tilelang_preprocess_delta": {
      "label": "tilelang_preprocess_delta",
      "warmup_iters": 1,
      "timed_iters": 3,
      "event": {
        "enabled": true,
        "samples_ms": [
          0.17208200693130493,
          0.2403620034456253,
          0.14744099974632263
        ],
        "mean_ms": 0.18662833670775095,
        "median_ms": 0.17208200693130493,
        "min_ms": 0.14744099974632263,
        "max_ms": 0.2403620034456253,
        "stdev_ms": 0.048138082788944714
      },
      "wall": {
        "enabled": true,
        "samples_ms": [
          0.21397904492914677,
          0.2816979540511966,
          0.1629389589652419
        ],
        "mean_ms": 0.21953865264852843,
        "median_ms": 0.21397904492914677,
        "min_ms": 0.1629389589652419,
        "max_ms": 0.2816979540511966,
        "stdev_ms": 0.059574379199044174
      },
      "median_ms": 0.17208200693130493,
      "min_ms": 0.14744099974632263,
      "max_ms": 0.2403620034456253,
      "mean_ms": 0.18662833670775095,
      "peak_memory_allocated_bytes": 1627390976,
      "peak_memory_allocated_gib": 1.5156259536743164,
      "checksum": -3026.898681640625
    },
    "tilelang_core_backward_kernel": {
      "label": "tilelang_core_backward_kernel",
      "warmup_iters": 1,
      "timed_iters": 3,
      "event": {
        "enabled": true,
        "samples_ms": [
          28.231151580810547,
          28.083791732788086,
          28.085914611816406
        ],
        "mean_ms": 28.13361930847168,
        "median_ms": 28.085914611816406,
        "min_ms": 28.083791732788086,
        "max_ms": 28.231151580810547,
        "stdev_ms": 0.0844720945906365
      },
      "wall": {
        "enabled": true,
        "samples_ms": [
          28.25976791791618,
          28.10819004662335,
          28.153580031357706
        ],
        "mean_ms": 28.173845998632412,
        "median_ms": 28.153580031357706,
        "min_ms": 28.10819004662335,
        "max_ms": 28.25976791791618,
        "stdev_ms": 0.077794568181853
      },
      "median_ms": 28.085914611816406,
      "min_ms": 28.083791732788086,
      "max_ms": 28.231151580810547,
      "mean_ms": 28.13361930847168,
      "peak_memory_allocated_bytes": 2430602752,
      "peak_memory_allocated_gib": 2.2636752128601074,
      "checksum": -2132.611300468445
    },
    "tilelang_postprocess_dkv_cast": {
      "label": "tilelang_postprocess_dkv_cast",
      "warmup_iters": 1,
      "timed_iters": 3,
      "event": {
        "enabled": true,
        "samples_ms": [
          0.039400000125169754,
          0.03192000091075897,
          0.02979999966919422
        ],
        "mean_ms": 0.03370666690170765,
        "median_ms": 0.03192000091075897,
        "min_ms": 0.02979999966919422,
        "max_ms": 0.039400000125169754,
        "stdev_ms": 0.005043226517924024
      },
      "wall": {
        "enabled": true,
        "samples_ms": [
          0.06881903391331434,
          0.04645995795726776,
          0.04333001561462879
        ],
        "mean_ms": 0.052869669161736965,
        "median_ms": 0.04645995795726776,
        "min_ms": 0.04333001561462879,
        "max_ms": 0.06881903391331434,
        "stdev_ms": 0.01390092844925134
      },
      "median_ms": 0.03192000091075897,
      "min_ms": 0.02979999966919422,
      "max_ms": 0.039400000125169754,
      "mean_ms": 0.03370666690170765,
      "peak_memory_allocated_bytes": 1628441088,
      "peak_memory_allocated_gib": 1.516603946685791,
      "checksum": -2142.0517578125
    }
  }
}
