{
  "aggregate": {
    "by_component": {
      "compressed_grad_logits_pack_input_b0": {
        "enabled": true,
        "max_ms": 0.7070080041885376,
        "mean_ms": 0.7052086591720581,
        "median_ms": 0.7062889933586121,
        "min_ms": 0.7023289799690247,
        "samples_ms": [
          0.7062889933586121,
          0.7023289799690247,
          0.7070080041885376
        ],
        "stdev_ms": 0.0025196544163188462
      },
      "compressed_groups_device": {
        "enabled": true,
        "max_ms": 0.07580099999904633,
        "mean_ms": 0.054253666351238884,
        "median_ms": 0.043719999492168427,
        "min_ms": 0.04323999956250191,
        "samples_ms": [
          0.07580099999904633,
          0.04323999956250191,
          0.043719999492168427
        ],
        "stdev_ms": 0.018662081622385293
      },
      "compressed_probs_pack_input_b0": {
        "enabled": true,
        "max_ms": 0.5626069903373718,
        "mean_ms": 0.5482733448346456,
        "median_ms": 0.5473260283470154,
        "min_ms": 0.5348870158195496,
        "samples_ms": [
          0.5626069903373718,
          0.5348870158195496,
          0.5473260283470154
        ],
        "stdev_ms": 0.013884246584276044
      },
      "forward_with_lse": {
        "enabled": true,
        "max_ms": 1.6754599809646606,
        "mean_ms": 1.5142449935277302,
        "median_ms": 1.4352970123291016,
        "min_ms": 1.4319779872894287,
        "samples_ms": [
          1.6754599809646606,
          1.4319779872894287,
          1.4352970123291016
        ],
        "stdev_ms": 0.13962613692472015
      },
      "gather_selected_kv_fp32": {
        "enabled": true,
        "max_ms": 2.570991039276123,
        "mean_ms": 2.497337023417155,
        "median_ms": 2.465670108795166,
        "min_ms": 2.455349922180176,
        "samples_ms": [
          2.570991039276123,
          2.455349922180176,
          2.465670108795166
        ],
        "stdev_ms": 0.06399462557165952
      },
      "grad_attn_sink": {
        "enabled": true,
        "max_ms": 0.04776100069284439,
        "mean_ms": 0.04013400028149287,
        "median_ms": 0.036841001361608505,
        "min_ms": 0.03579999879002571,
        "samples_ms": [
          0.04776100069284439,
          0.03579999879002571,
          0.036841001361608505
        ],
        "stdev_ms": 0.006625652650462271
      },
      "grad_kv_zero": {
        "enabled": true,
        "max_ms": 0.022199999541044235,
        "mean_ms": 0.019199999670187633,
        "median_ms": 0.01979999989271164,
        "min_ms": 0.015599999576807022,
        "samples_ms": [
          0.022199999541044235,
          0.015599999576807022,
          0.01979999989271164
        ],
        "stdev_ms": 0.0033406586300091254
      },
      "grad_logits": {
        "enabled": true,
        "max_ms": 0.45988601446151733,
        "mean_ms": 0.4553256730238597,
        "median_ms": 0.4547260105609894,
        "min_ms": 0.45136499404907227,
        "samples_ms": [
          0.45988601446151733,
          0.4547260105609894,
          0.45136499404907227
        ],
        "stdev_ms": 0.0042920442121858575
      },
      "grad_output_to_fp32": {
        "enabled": true,
        "max_ms": 0.14632199704647064,
        "mean_ms": 0.14097500344117483,
        "median_ms": 0.139041006565094,
        "min_ms": 0.13756200671195984,
        "samples_ms": [
          0.14632199704647064,
          0.13756200671195984,
          0.139041006565094
        ],
        "stdev_ms": 0.004689308648692095
      },
      "grad_probs_do_v": {
        "enabled": true,
        "max_ms": 1.781182050704956,
        "mean_ms": 1.6993677218755086,
        "median_ms": 1.6759010553359985,
        "min_ms": 1.6410200595855713,
        "samples_ms": [
          1.781182050704956,
          1.6759010553359985,
          1.6410200595855713
        ],
        "stdev_ms": 0.07296820723777613
      },
      "grad_q": {
        "enabled": true,
        "max_ms": 1.8063429594039917,
        "mean_ms": 1.7109146515528362,
        "median_ms": 1.6856600046157837,
        "min_ms": 1.640740990638733,
        "samples_ms": [
          1.8063429594039917,
          1.640740990638733,
          1.6856600046157837
        ],
        "stdev_ms": 0.08564082501160772
      },
      "lse_layout": {
        "enabled": true,
        "max_ms": 0.01844000071287155,
        "mean_ms": 0.012413666894038519,
        "median_ms": 0.009479999542236328,
        "min_ms": 0.009321000427007675,
        "samples_ms": [
          0.01844000071287155,
          0.009321000427007675,
          0.009479999542236328
        ],
        "stdev_ms": 0.0052195636457149286
      },
      "probs_exp_mask": {
        "enabled": true,
        "max_ms": 0.7573689818382263,
        "mean_ms": 0.7482359806696574,
        "median_ms": 0.7511699795722961,
        "min_ms": 0.7361689805984497,
        "samples_ms": [
          0.7573689818382263,
          0.7361689805984497,
          0.7511699795722961
        ],
        "stdev_ms": 0.010900287854554417
      },
      "q_to_fp32": {
        "enabled": true,
        "max_ms": 0.13736100494861603,
        "mean_ms": 0.1364546666542689,
        "median_ms": 0.13672199845314026,
        "min_ms": 0.13528099656105042,
        "samples_ms": [
          0.13736100494861603,
          0.13672199845314026,
          0.13528099656105042
        ],
        "stdev_ms": 0.0010654616093983267
      },
      "route_plan_b0": {
        "enabled": true,
        "max_ms": 1.9854740239679813,
        "mean_ms": 1.8290063211073477,
        "median_ms": 1.7576529644429684,
        "min_ms": 1.7438919749110937,
        "samples_ms": [
          1.9854740239679813,
          1.7576529644429684,
          1.7438919749110937
        ],
        "stdev_ms": 0.1356795774502807
      },
      "safe_indices": {
        "enabled": true,
        "max_ms": 0.032760001718997955,
        "mean_ms": 0.021680333651602268,
        "median_ms": 0.01727999933063984,
        "min_ms": 0.01500099990516901,
        "samples_ms": [
          0.032760001718997955,
          0.01727999933063984,
          0.01500099990516901
        ],
        "stdev_ms": 0.009662698533953901
      },
      "scores_qk": {
        "enabled": true,
        "max_ms": 1.9751839637756348,
        "mean_ms": 1.7384213209152222,
        "median_ms": 1.6276999711990356,
        "min_ms": 1.612380027770996,
        "samples_ms": [
          1.9751839637756348,
          1.612380027770996,
          1.6276999711990356
        ],
        "stdev_ms": 0.20518549402271363
      },
      "sink_probs": {
        "enabled": true,
        "max_ms": 0.03572100028395653,
        "mean_ms": 0.03340033317605654,
        "median_ms": 0.033399999141693115,
        "min_ms": 0.03108000010251999,
        "samples_ms": [
          0.03572100028395653,
          0.033399999141693115,
          0.03108000010251999
        ],
        "stdev_ms": 0.002320500108749774
      },
      "softmax_dot": {
        "enabled": true,
        "max_ms": 0.571927011013031,
        "mean_ms": 0.5669803222020467,
        "median_ms": 0.5649669766426086,
        "min_ms": 0.5640469789505005,
        "samples_ms": [
          0.571927011013031,
          0.5649669766426086,
          0.5640469789505005
        ],
        "stdev_ms": 0.004308584057774547
      },
      "tilelang_config": {
        "enabled": true,
        "max_ms": 0.029620947316288948,
        "mean_ms": 0.02062033551434676,
        "median_ms": 0.017279991880059242,
        "min_ms": 0.014960067346692085,
        "samples_ms": [
          0.029620947316288948,
          0.017279991880059242,
          0.014960067346692085
        ],
        "stdev_ms": 0.007880594651869582
      },
      "tilelang_dkv_source_indexed_kernel_b0": {
        "enabled": true,
        "max_ms": 7.412171840667725,
        "mean_ms": 7.332837263743083,
        "median_ms": 7.307250022888184,
        "min_ms": 7.27908992767334,