{
  "aggregate": {
    "by_component": {
      "compressed_grad_logits_pack_input_b0": {
        "enabled": true,
        "max_ms": 0.02860100008547306,
        "mean_ms": 0.02860100008547306,
        "median_ms": 0.02860100008547306,
        "min_ms": 0.02860100008547306,
        "samples_ms": [
          0.02860100008547306
        ],
        "stdev_ms": 0.0
      },
      "compressed_groups_device": {
        "enabled": true,
        "max_ms": 0.06860099732875824,
        "mean_ms": 0.06860099732875824,
        "median_ms": 0.06860099732875824,
        "min_ms": 0.06860099732875824,
        "samples_ms": [
          0.06860099732875824
        ],
        "stdev_ms": 0.0
      },
      "compressed_probs_pack_input_b0": {
        "enabled": true,
        "max_ms": 0.06744100153446198,
        "mean_ms": 0.06744100153446198,
        "median_ms": 0.06744100153446198,
        "min_ms": 0.06744100153446198,
        "samples_ms": [
          0.06744100153446198
        ],
        "stdev_ms": 0.0
      },
      "forward_with_lse": {
        "enabled": true,
        "max_ms": 0.2621630132198334,
        "mean_ms": 0.2621630132198334,
        "median_ms": 0.2621630132198334,
        "min_ms": 0.2621630132198334,
        "samples_ms": [
          0.2621630132198334
        ],
        "stdev_ms": 0.0
      },
      "gather_selected_kv_fp32": {
        "enabled": true,
        "max_ms": 0.1758819967508316,
        "mean_ms": 0.1758819967508316,
        "median_ms": 0.1758819967508316,
        "min_ms": 0.1758819967508316,
        "samples_ms": [
          0.1758819967508316
        ],
        "stdev_ms": 0.0
      },
      "grad_attn_sink": {
        "enabled": true,
        "max_ms": 0.03579999879002571,
        "mean_ms": 0.03579999879002571,
        "median_ms": 0.03579999879002571,
        "min_ms": 0.03579999879002571,
        "samples_ms": [
          0.03579999879002571
        ],
        "stdev_ms": 0.0
      },
      "grad_kv_zero": {
        "enabled": true,
        "max_ms": 0.01907999999821186,
        "mean_ms": 0.01907999999821186,
        "median_ms": 0.01907999999821186,
        "min_ms": 0.01907999999821186,
        "samples_ms": [
          0.01907999999821186
        ],
        "stdev_ms": 0.0
      },
      "grad_logits": {
        "enabled": true,
        "max_ms": 0.01931999996304512,
        "mean_ms": 0.01931999996304512,
        "median_ms": 0.01931999996304512,
        "min_ms": 0.01931999996304512,
        "samples_ms": [
          0.01931999996304512
        ],
        "stdev_ms": 0.0
      },
      "grad_output_to_fp32": {
        "enabled": true,
        "max_ms": 0.009359999559819698,
        "mean_ms": 0.009359999559819698,
        "median_ms": 0.009359999559819698,
        "min_ms": 0.009359999559819698,
        "samples_ms": [
          0.009359999559819698
        ],
        "stdev_ms": 0.0
      },
      "grad_probs_do_v": {
        "enabled": true,
        "max_ms": 0.04608000069856644,
        "mean_ms": 0.04608000069856644,
        "median_ms": 0.04608000069856644,
        "min_ms": 0.04608000069856644,
        "samples_ms": [
          0.04608000069856644
        ],
        "stdev_ms": 0.0
      },
      "grad_q": {
        "enabled": true,
        "max_ms": 0.04564100131392479,
        "mean_ms": 0.04564100131392479,
        "median_ms": 0.04564100131392479,
        "min_ms": 0.04564100131392479,
        "samples_ms": [
          0.04564100131392479
        ],
        "stdev_ms": 0.0
      },
      "lse_layout": {
        "enabled": true,
        "max_ms": 0.016039999201893806,
        "mean_ms": 0.016039999201893806,
        "median_ms": 0.016039999201893806,
        "min_ms": 0.016039999201893806,
        "samples_ms": [
          0.016039999201893806
        ],
        "stdev_ms": 0.0
      },
      "probs_exp_mask": {
        "enabled": true,
        "max_ms": 0.10696200281381607,
        "mean_ms": 0.10696200281381607,
        "median_ms": 0.10696200281381607,
        "min_ms": 0.10696200281381607,
        "samples_ms": [
          0.10696200281381607
        ],
        "stdev_ms": 0.0
      },
      "q_to_fp32": {
        "enabled": true,
        "max_ms": 0.009320000186562538,
        "mean_ms": 0.009320000186562538,
        "median_ms": 0.009320000186562538,
        "min_ms": 0.009320000186562538,
        "samples_ms": [
          0.009320000186562538
        ],
        "stdev_ms": 0.0
      },
      "route_plan_b0": {
        "enabled": true,
        "max_ms": 1.3290790375322104,
        "mean_ms": 1.3290790375322104,
        "median_ms": 1.3290790375322104,
        "min_ms": 1.3290790375322104,
        "samples_ms": [
          1.3290790375322104
        ],
        "stdev_ms": 0.0
      },
      "safe_indices": {
        "enabled": true,
        "max_ms": 0.029559999704360962,
        "mean_ms": 0.029559999704360962,
        "median_ms": 0.029559999704360962,
        "min_ms": 0.029559999704360962,
        "samples_ms": [
          0.029559999704360962
        ],
        "stdev_ms": 0.0
      },
      "scores_qk": {
        "enabled": true,
        "max_ms": 0.2753239870071411,
        "mean_ms": 0.2753239870071411,
        "median_ms": 0.2753239870071411,
        "min_ms": 0.2753239870071411,
        "samples_ms": [
          0.2753239870071411
        ],
        "stdev_ms": 0.0
      },
      "sink_probs": {
        "enabled": true,
        "max_ms": 0.027641000226140022,
        "mean_ms": 0.027641000226140022,
        "median_ms": 0.027641000226140022,
        "min_ms": 0.027641000226140022,
        "samples_ms": [
          0.027641000226140022
        ],
        "stdev_ms": 0.0
      },
      "softmax_dot": {
        "enabled": true,
        "max_ms": 0.042761001735925674,
        "mean_ms": 0.042761001735925674,
        "median_ms": 0.042761001735925674,
        "min_ms": 0.042761001735925674,
        "samples_ms": [
          0.042761001735925674
        ],
        "stdev_ms": 0.0
      },
      "tilelang_config": {
        "enabled": true,
        "max_ms": 0.039250124245882034,
        "mean_ms": 0.039250124245882034,
        "median_ms": 0.039250124245882034,
        "min_ms": 0.039250124245882034,
        "samples_ms": [
          0.039250124245882034
        ],
        "stdev_ms": 0.0
      },
      "tilelang_dkv_source_indexed_kernel_b0": {
        "enabled": true,
        "max_ms": 0.16668200492858887,
        "mean_ms": 0.16668200492858887,
        "median_ms": 0.16668200492858887,
        "min_ms": 0.16668200492858887,
        "samples_ms": [
          0.16668200492858887
        ],
        "stdev_ms": 0.0
      },
      "valid_mask": {
        "enabled": true,
        "max_ms": 0.093640998005867,
        "mean_ms": 0.093640998005867,
        "median_ms": 0.093640998005867,
        "min_ms": 0.093640998005867,
        "samples_ms": [
          0.093640998005867
        ],
        "stdev_ms": 0.0
      }
    },
    "component_event_sum": {
      "enabled": true,
      "max_ms": 2.9142291648313403,
      "mean_ms": 2.9142291648313403,
      "median_ms": 2.9142291648313403,
      "min_ms": 2.9142291648313403,
      "samples_ms": [
        2.9142291648313403
      ],
      "stdev_ms": 0.0
    },
    "component_median_sum_ms": 2.9142291648313403,
    "component_wall_sum": {
      "enabled": true,
      "max_ms": 3.342733019962907,
      "mean_ms": 3.342733019962907,
      "median_ms": 3.342733019962907,
      "min_ms": 3.342733019962907,
      "samples_ms": [
        3.342733019962907
      ],
      "stdev_ms": 0.0
    },
    "last_checksums": {
      "grad_kv_norm": 595.819580078125,
      "grad_q_norm": 120.16646575927734,
      "grad_sink_norm": "NaN",
      "output_mean": -0.002537607215344906
    },
    "last_memory": {
      "max_memory_allocated_bytes": 186315776,
      "max_memory_allocated_gib": 0.17352008819580078
    },
    "last_plan_metadata": [
      {
        "active_rows": 144,
        "block_d": 64,
        "block_k": 32,
        "d_blocks_per_kernel": 1,