{
  "status": "ok",
  "scope": "tilelang_dsv4_sparse_mqa_reference_backward_atomic_gate",
  "read": "Straight vendored TileLang DSv4 sparse-MQA backward timing. This uses TileLang GEMMs for QK/PV and dKV contribution math, then T.atomic_addx4 into dKV for every selected index. It is a baseline for whether a direct TileLang port is competitive before adding segmented in-producer dKV reduction.",
  "reference_kernel_dir": "sources/references/miles-deepseek-v4-pr1045/miles_plugins/models/deepseek_v4/ops/kernel",
  "diagnostic_kernel_path": "tools/dsv4_runtime_probe/tilelang_sparse_mqa_bwd_diagnostic.py",
  "bwd_variant": "dkv_overwrite_directdq",
  "device": "cuda",
  "torch_version": "2.9.1+rocm7.2.0.git7e1940d4",
  "torch_hip_version": "7.2.26015-fc0010cf6a",
  "dtype": "bfloat16",
  "seed": 20260604,
  "shape": {
    "batch": 1,
    "seq_len": 4096,
    "kv_len": 1024,
    "compress_ratio": 4,
    "heads": 64,
    "dim": 512,
    "topk": 512,
    "sm_scale": 0.04419417382415922,
    "forward_state": "synthetic",
    "head_split": 0,
    "kernel_heads": 64
  },
  "blocks": {
    "fwd_block_i": 64,
    "fwd_threads": 256,
    "bwd_block_size": 16,
    "bwd_threads": 256
  },
  "route_stats": {
    "assignments": 2097152,
    "kv_len": 1024,
    "touched_kv_rows": 1024,
    "mean_assignments_per_touched_row": 2048.0,
    "max_assignments_per_row": 2196,
    "p50_assignments_per_touched_row": 2047.0,
    "p99_assignments_per_touched_row": 2148.31005859375
  },
  "atomic_write_model": {
    "selected_rows": 2097152,
    "scalar_dkv_atomic_add_elements": 1073741824,
    "atomic_addx4_calls_modeled": 268435456
  },
  "timing": {
    "tilelang_preprocess_delta": {
      "label": "tilelang_preprocess_delta",
      "warmup_iters": 5,
      "timed_iters": 20,
      "event": {
        "enabled": true,
        "samples_ms": [
          0.17212100327014923,
          0.21840199828147888,
          0.13416099548339844,
          0.12348099797964096,
          0.12440100312232971,
          0.12400099635124207,
          0.12148100137710571,
          0.12272100150585175,
          0.12420099973678589,
          0.12728099524974823,
          0.12288100272417068,
          0.12940099835395813,
          0.12448100000619888,
          0.12820200622081757,
          0.1250009983778,
          0.12668099999427795,
          0.12384100258350372,
          0.12756100296974182,
          0.12764200568199158,
          0.12464100122451782
        ],
        "mean_ms": 0.13262915052473545,
        "median_ms": 0.1248209998011589,
        "min_ms": 0.12148100137710571,
        "max_ms": 0.21840199828147888,
        "stdev_ms": 0.022876634831254447
      },
      "wall": {
        "enabled": true,
        "samples_ms": [
          0.2520499983802438,
          0.258228974416852,
          0.1488799462094903,
          0.1375400461256504,
          0.1378499437123537,
          0.13986800331622362,
          0.13475003652274609,
          0.13574992772191763,
          0.13742002192884684,
          0.14009897131472826,
          0.13629894237965345,
          0.14278001617640257,
          0.13787008356302977,
          0.14123006258159876,
          0.1382989576086402,
          0.1404000213369727,
          0.13800000306218863,
          0.14086905866861343,
          0.14079897664487362,
          0.13795902486890554
        ],
        "mean_ms": 0.15084705082699656,
        "median_ms": 0.1390834804624319,
        "min_ms": 0.13475003652274609,
        "max_ms": 0.258228974416852,
        "stdev_ms": 0.03580800209257303
      },
      "median_ms": 0.1248209998011589,
      "min_ms": 0.12148100137710571,
      "max_ms": 0.21840199828147888,
      "mean_ms": 0.13262915052473545,
      "peak_memory_allocated_bytes": 819988992,
      "peak_memory_allocated_gib": 0.763674259185791,
      "checksum": -3026.898681640625
    },
    "tilelang_core_backward_kernel": {
      "label": "tilelang_core_backward_kernel",
      "warmup_iters": 5,
      "timed_iters": 20,
      "event": {
        "enabled": true,
        "samples_ms": [
          9.301481246948242,
          9.442723274230957,
          9.25792121887207,
          9.260960578918457,
          9.343121528625488,
          9.268561363220215,
          9.231961250305176,
          9.234400749206543,
          9.26716136932373,
          9.253080368041992,
          9.253959655761719,
          9.260080337524414,
          9.29840087890625,
          9.208800315856934,
          9.246399879455566,
          9.296920776367188,
          9.260400772094727,
          9.249120712280273,
          9.22412109375,
          9.246081352233887
        ],
        "mean_ms": 9.27028293609619,
        "median_ms": 9.259000778198242,
        "min_ms": 9.208800315856934,
        "max_ms": 9.442723274230957,
        "stdev_ms": 0.05068077649191663
      },
      "wall": {
        "enabled": true,
        "samples_ms": [
          9.371816995553672,
          9.484605980105698,
          9.410836035385728,
          9.279045974835753,
          9.359495947137475,
          9.284816915169358,
          9.248096030205488,
          9.25053609535098,
          9.283216088078916,
          9.307075990363955,
          9.270936017856002,
          9.275046060793102,
          9.313366026617587,
          9.233635035343468,
          9.270326001569629,
          9.314276045188308,
          9.317397023551166,
          9.264927008189261,
          9.240356972441077,
          9.261155035346746
        ],
        "mean_ms": 9.302048163954169,
        "median_ms": 9.281131031457335,
        "min_ms": 9.233635035343468,
        "max_ms": 9.484605980105698,
        "stdev_ms": 0.06276662220697563
      },
      "median_ms": 9.259000778198242,
      "min_ms": 9.208800315856934,
      "max_ms": 9.442723274230957,
      "mean_ms": 9.27028293609619,
      "peak_memory_allocated_bytes": 1624247296,
      "peak_memory_allocated_gib": 1.5126981735229492,
      "checksum": -103.83974933624268
    },
    "tilelang_postprocess_dkv_cast": {
      "label": "tilelang_postprocess_dkv_cast",
      "warmup_iters": 5,
      "timed_iters": 20,
      "event": {
        "enabled": true,
        "samples_ms": [
          0.07952100038528442,
          0.0313199982047081,
          0.02879999950528145,
          0.028759999200701714,
          0.02844100072979927,
          0.028680000454187393,
          0.028359999880194664,
          0.028200000524520874,
          0.028401000425219536,
          0.028880000114440918,
          0.03108000010251999,
          0.0284000001847744,
          0.02868100069463253,
          0.028119999915361404,
          0.02864000014960766,
          0.02831999957561493,
          0.02828099951148033,
          0.02831999957561493,
          0.02783999964594841,
          0.028161000460386276
        ],
        "mean_ms": 0.03126029996201396,
        "median_ms": 0.028421000577509403,
        "min_ms": 0.02783999964594841,
        "max_ms": 0.07952100038528442,
        "stdev_ms": 0.011394120086104577
      },
      "wall": {
        "enabled": true,
        "samples_ms": [
          0.10626902803778648,
          0.04702899605035782,
          0.042609055526554585,
          0.041989958845078945,
          0.04198902752250433,
          0.041749910451471806,
          0.04137994255870581,
          0.04118005745112896,
          0.04149007145315409,
          0.04160997923463583,
          0.04516006447374821,
          0.04143000114709139,
          0.041669001802802086,
          0.04137994255870581,
          0.0416699331253767,
          0.04107900895178318,
          0.04125095438212156,
          0.041359919123351574,
          0.04074897151440382,
          0.04099099896848202
        ],
        "mean_ms": 0.04520174115896225,
        "median_ms": 0.04155002534389496,
        "min_ms": 0.04074897151440382,
        "max_ms": 0.10626902803778648,
        "stdev_ms": 0.014451360355320748
      },