{
  "aggregate": {
    "by_component": {
      "compressed_grad_logits_pack_input_b0": {
        "enabled": true,
        "max_ms": 0.6982020139694214,
        "mean_ms": 0.6982020139694214,
        "median_ms": 0.6982020139694214,
        "min_ms": 0.6982020139694214,
        "samples_ms": [
          0.6982020139694214
        ],
        "stdev_ms": 0.0
      },
      "compressed_groups_device": {
        "enabled": true,
        "max_ms": 0.07056000083684921,
        "mean_ms": 0.07056000083684921,
        "median_ms": 0.07056000083684921,
        "min_ms": 0.07056000083684921,
        "samples_ms": [
          0.07056000083684921
        ],
        "stdev_ms": 0.0
      },
      "compressed_probs_pack_input_b0": {
        "enabled": true,
        "max_ms": 0.5338820219039917,
        "mean_ms": 0.5338820219039917,
        "median_ms": 0.5338820219039917,
        "min_ms": 0.5338820219039917,
        "samples_ms": [
          0.5338820219039917
        ],
        "stdev_ms": 0.0
      },
      "forward_with_lse": {
        "enabled": true,
        "max_ms": 1.8473670482635498,
        "mean_ms": 1.8473670482635498,
        "median_ms": 1.8473670482635498,
        "min_ms": 1.8473670482635498,
        "samples_ms": [
          1.8473670482635498
        ],
        "stdev_ms": 0.0
      },
      "gather_selected_kv_fp32": {
        "enabled": true,
        "max_ms": 2.5881290435791016,
        "mean_ms": 2.5881290435791016,
        "median_ms": 2.5881290435791016,
        "min_ms": 2.5881290435791016,
        "samples_ms": [
          2.5881290435791016
        ],
        "stdev_ms": 0.0
      },
      "grad_attn_sink": {
        "enabled": true,
        "max_ms": 0.047200001776218414,
        "mean_ms": 0.047200001776218414,
        "median_ms": 0.047200001776218414,
        "min_ms": 0.047200001776218414,
        "samples_ms": [
          0.047200001776218414
        ],
        "stdev_ms": 0.0
      },
      "grad_kv_zero": {
        "enabled": true,
        "max_ms": 0.02160000056028366,
        "mean_ms": 0.02160000056028366,
        "median_ms": 0.02160000056028366,
        "min_ms": 0.02160000056028366,
        "samples_ms": [
          0.02160000056028366
        ],
        "stdev_ms": 0.0
      },
      "grad_logits": {
        "enabled": true,
        "max_ms": 0.47436100244522095,
        "mean_ms": 0.47436100244522095,
        "median_ms": 0.47436100244522095,
        "min_ms": 0.47436100244522095,
        "samples_ms": [
          0.47436100244522095
        ],
        "stdev_ms": 0.0
      },
      "grad_output_to_fp32": {
        "enabled": true,
        "max_ms": 0.14164100587368011,
        "mean_ms": 0.14164100587368011,
        "median_ms": 0.14164100587368011,
        "min_ms": 0.14164100587368011,
        "samples_ms": [
          0.14164100587368011
        ],
        "stdev_ms": 0.0
      },
      "grad_probs_do_v": {
        "enabled": true,
        "max_ms": 1.792286992073059,
        "mean_ms": 1.792286992073059,
        "median_ms": 1.792286992073059,
        "min_ms": 1.792286992073059,
        "samples_ms": [
          1.792286992073059
        ],
        "stdev_ms": 0.0
      },
      "grad_q": {
        "enabled": true,
        "max_ms": 1.8677279949188232,
        "mean_ms": 1.8677279949188232,
        "median_ms": 1.8677279949188232,
        "min_ms": 1.8677279949188232,
        "samples_ms": [
          1.8677279949188232
        ],
        "stdev_ms": 0.0
      },
      "lse_layout": {
        "enabled": true,
        "max_ms": 0.016240999102592468,
        "mean_ms": 0.016240999102592468,
        "median_ms": 0.016240999102592468,
        "min_ms": 0.016240999102592468,
        "samples_ms": [
          0.016240999102592468
        ],
        "stdev_ms": 0.0
      },
      "probs_exp_mask": {
        "enabled": true,
        "max_ms": 0.7576820254325867,
        "mean_ms": 0.7576820254325867,
        "median_ms": 0.7576820254325867,
        "min_ms": 0.7576820254325867,
        "samples_ms": [
          0.7576820254325867
        ],
        "stdev_ms": 0.0
      },
      "q_to_fp32": {
        "enabled": true,
        "max_ms": 0.1403599977493286,
        "mean_ms": 0.1403599977493286,
        "median_ms": 0.1403599977493286,
        "min_ms": 0.1403599977493286,
        "samples_ms": [
          0.1403599977493286
        ],
        "stdev_ms": 0.0
      },
      "route_plan_b0": {
        "enabled": true,
        "max_ms": 1.9501149654388428,
        "mean_ms": 1.9501149654388428,
        "median_ms": 1.9501149654388428,
        "min_ms": 1.9501149654388428,
        "samples_ms": [
          1.9501149654388428
        ],
        "stdev_ms": 0.0
      },
      "safe_indices": {
        "enabled": true,
        "max_ms": 0.03359999880194664,
        "mean_ms": 0.03359999880194664,
        "median_ms": 0.03359999880194664,
        "min_ms": 0.03359999880194664,
        "samples_ms": [
          0.03359999880194664
        ],
        "stdev_ms": 0.0
      },
      "scores_qk": {
        "enabled": true,
        "max_ms": 1.9613269567489624,
        "mean_ms": 1.9613269567489624,
        "median_ms": 1.9613269567489624,
        "min_ms": 1.9613269567489624,
        "samples_ms": [
          1.9613269567489624
        ],
        "stdev_ms": 0.0
      },
      "sink_probs": {
        "enabled": true,
        "max_ms": 0.03164000064134598,
        "mean_ms": 0.03164000064134598,
        "median_ms": 0.03164000064134598,
        "min_ms": 0.03164000064134598,
        "samples_ms": [
          0.03164000064134598
        ],
        "stdev_ms": 0.0
      },
      "softmax_dot": {
        "enabled": true,
        "max_ms": 0.5729619860649109,
        "mean_ms": 0.5729619860649109,
        "median_ms": 0.5729619860649109,
        "min_ms": 0.5729619860649109,
        "samples_ms": [
          0.5729619860649109
        ],
        "stdev_ms": 0.0
      },
      "tilelang_config": {
        "enabled": true,
        "max_ms": 0.028240028768777847,
        "mean_ms": 0.028240028768777847,
        "median_ms": 0.028240028768777847,
        "min_ms": 0.028240028768777847,
        "samples_ms": [
          0.028240028768777847
        ],
        "stdev_ms": 0.0
      },
      "tilelang_dkv_hsk_source_kernel_b0": {
        "enabled": true,
        "max_ms": 9.183753967285156,
        "mean_ms": 9.183753967285156,
        "median_ms": 9.183753967285156,
        "min_ms": 9.183753967285156,
        "samples_ms": [
          9.183753967285156
        ],
        "stdev_ms": 0.0
      },
      "tilelang_dkv_source_indexed_kernel_b0": {
        "enabled": true,
        "max_ms": 7.319508075714111,
        "mean_ms": 7.319508075714111,
        "median_ms": 7.319508075714111,
        "min_ms": 7.319508075714111,
        "samples_ms": [
          7.319508075714111
        ],
        "stdev_ms": 0.0
      },
      "valid_mask": {
        "enabled": true,
        "max_ms": 0.08079999685287476,
        "mean_ms": 0.08079999685287476,
        "median_ms": 0.08079999685287476,
        "min_ms": 0.08079999685287476,
        "samples_ms": [
          0.08079999685287476
        ],
        "stdev_ms": 0.0
      }
    },
    "component_event_sum": {
      "enabled": true,
      "max_ms": 32.159186124801636,
      "mean_ms": 32.159186124801636,
      "median_ms": 32.159186124801636,
      "min_ms": 32.159186124801636,
      "samples_ms": [
        32.159186124801636
      ],
      "stdev_ms": 0.0
    },
    "component_median_sum_ms": 32.159186124801636,
    "component_wall_sum": {
      "enabled": true,
      "max_ms": 32.61367604136467,
      "mean_ms": 32.61367604136467,
      "median_ms": 32.61367604136467,
      "min_ms": 32.61367604136467,
      "samples_ms": [
        32.61367604136467
      ],
      "stdev_ms": 0.0
    },
    "last_checksums": {
      "grad_kv_norm": 960.2496337890625,
      "grad_q_norm": 239.09934997558594,
      "grad_sink_norm": "NaN",
      "output_mean": -0.0007880514021962881
    },