{
  "status": "ok",
  "scope": "tilelang_dsv4_sparse_mqa_reference_backward_atomic_gate",
  "read": "Straight vendored TileLang DSv4 sparse-MQA backward timing. This uses TileLang GEMMs for QK/PV and dKV contribution math, then T.atomic_addx4 into dKV for every selected index. It is a baseline for whether a direct TileLang port is competitive before adding segmented in-producer dKV reduction.",
  "reference_kernel_dir": "sources/references/miles-deepseek-v4-pr1045/miles_plugins/models/deepseek_v4/ops/kernel",
  "device": "cuda",
  "torch_version": "2.9.1+rocm7.2.0.git7e1940d4",
  "torch_hip_version": "7.2.26015-fc0010cf6a",
  "dtype": "bfloat16",
  "seed": 20260604,
  "shape": {
    "batch": 1,
    "seq_len": 4096,
    "kv_len": 1024,
    "compress_ratio": 4,
    "heads": 32,
    "dim": 512,
    "topk": 512,
    "sm_scale": 0.04419417382415922,
    "forward_state": "synthetic"
  },
  "blocks": {
    "fwd_block_i": 64,
    "fwd_threads": 256,
    "bwd_block_size": 32,
    "bwd_threads": 128
  },
  "route_stats": {
    "assignments": 2097152,
    "kv_len": 1024,
    "touched_kv_rows": 1024,
    "mean_assignments_per_touched_row": 2048.0,
    "max_assignments_per_row": 2196,
    "p50_assignments_per_touched_row": 2047.0,
    "p99_assignments_per_touched_row": 2148.31005859375
  },
  "atomic_write_model": {
    "selected_rows": 2097152,
    "scalar_dkv_atomic_add_elements": 1073741824,
    "atomic_addx4_calls_modeled": 268435456
  },
  "timing": {
    "tilelang_preprocess_delta": {
      "label": "tilelang_preprocess_delta",
      "warmup_iters": 1,
      "timed_iters": 3,
      "event": {
        "enabled": true,
        "samples_ms": [
          0.07168000191450119,
          0.1702820062637329,
          0.07420100271701813
        ],
        "mean_ms": 0.1053876702984174,
        "median_ms": 0.07420100271701813,
        "min_ms": 0.07168000191450119,
        "max_ms": 0.1702820062637329,
        "stdev_ms": 0.05621427747063911
      },
      "wall": {
        "enabled": true,
        "samples_ms": [
          0.15381991397589445,
          0.21039892453700304,
          0.09042001329362392
        ],
        "mean_ms": 0.15154628393550715,
        "median_ms": 0.15381991397589445,
        "min_ms": 0.09042001329362392,
        "max_ms": 0.21039892453700304,
        "stdev_ms": 0.06002176131168657
      },
      "median_ms": 0.07420100271701813,
      "min_ms": 0.07168000191450119,
      "max_ms": 0.1702820062637329,
      "mean_ms": 0.1053876702984174,
      "peak_memory_allocated_bytes": 415762944,
      "peak_memory_allocated_gib": 0.387209415435791,
      "checksum": -1980.80517578125
    },
    "tilelang_core_backward_kernel": {
      "label": "tilelang_core_backward_kernel",
      "warmup_iters": 1,
      "timed_iters": 3,
      "event": {
        "enabled": true,
        "samples_ms": [
          14.051605224609375,
          14.083765983581543,
          13.948285102844238
        ],
        "mean_ms": 14.027885437011719,
        "median_ms": 14.051605224609375,
        "min_ms": 13.948285102844238,
        "max_ms": 14.083765983581543,
        "stdev_ms": 0.07078657008287229
      },
      "wall": {
        "enabled": true,
        "samples_ms": [
          14.080972992815077,
          14.127151924185455,
          13.966924045234919
        ],
        "mean_ms": 14.058349654078484,
        "median_ms": 14.080972992815077,
        "min_ms": 13.966924045234919,
        "max_ms": 14.127151924185455,
        "stdev_ms": 0.08247487429478095
      },
      "median_ms": 14.051605224609375,
      "min_ms": 13.948285102844238,
      "max_ms": 14.083765983581543,
      "mean_ms": 14.027885437011719,
      "peak_memory_allocated_bytes": 817892352,
      "peak_memory_allocated_gib": 0.7617216110229492,
      "checksum": 10580.304814577103
    },
    "tilelang_postprocess_dkv_cast": {
      "label": "tilelang_postprocess_dkv_cast",
      "warmup_iters": 1,
      "timed_iters": 3,
      "event": {
        "enabled": true,
        "samples_ms": [
          0.04692099988460541,
          0.03332100063562393,
          0.028960999101400375
        ],
        "mean_ms": 0.03640099987387657,
        "median_ms": 0.03332100063562393,
        "min_ms": 0.028960999101400375,
        "max_ms": 0.04692099988460541,
        "stdev_ms": 0.009367774736505408
      },
      "wall": {
        "enabled": true,
        "samples_ms": [
          0.07615005597472191,
          0.047779991291463375,
          0.043020001612603664
        ],
        "mean_ms": 0.05565001629292965,
        "median_ms": 0.047779991291463375,
        "min_ms": 0.043020001612603664,
        "max_ms": 0.07615005597472191,
        "stdev_ms": 0.017912372697440327
      },
      "median_ms": 0.03332100063562393,
      "min_ms": 0.028960999101400375,
      "max_ms": 0.04692099988460541,
      "mean_ms": 0.03640099987387657,
      "peak_memory_allocated_bytes": 418384384,
      "peak_memory_allocated_gib": 0.389650821685791,
      "checksum": 10567.6318359375
    }
  }
}
