{
  "device": "cuda",
  "dtype": "bf16",
  "kernel": {
    "avoided_materialized_selected_index_k_bytes": 536870912,
    "block_d": 64,
    "block_h": 64,
    "block_k": 128,
    "dot_block_d": 64,
    "logical_flops": 51522830336,
    "logical_tflops_at_event_median": 16.62785825110018,
    "mode": "k",
    "read": "Given upstream d_index_logits, this probe recomputes gathered LI head logits inside Triton dot tiles and produces gradients for index_q, index_k, and LI weights without writing selected [B,S,K,D] key-index rows. It is a backward slice, not the full SparseLightningIndexerGradKLLoss, because target-prob and KL derivative construction are supplied upstream.",
    "uses_tl_dot": true,
    "workspace": {
      "d_index_k_bytes": 524288,
      "d_index_q_bytes": 134217728,
      "d_weights_bytes": 1048576,
      "head_logits_materialized_bytes": 0,
      "selected_index_k_materialized_bytes": 0,
      "valid_edges": 1572352
    }
  },
  "max_abs_diff": null,
  "reference": null,
  "scope": "triton_gathered_mfma_li_index_backward_probe",
  "seed": 1234,
  "shape": {
    "batch": 1,
    "compress_ratio": 4,
    "groups": 1024,
    "head_dim": 128,
    "index_pattern": "shifted",
    "n_heads": 64,
    "seq_len": 4096,
    "topk": 512,
    "valid_edges": 1572352
  },
  "status": "passed",
  "timing": {
    "cuda_event": {
      "enabled": true,
      "max_ms": 3.31064510345459,
      "mean_ms": 3.112208700180054,
      "median_ms": 3.0985848903656006,
      "min_ms": 3.043605089187622,
      "samples_ms": [
        3.31064510345459,
        3.127324104309082,
        3.126844882965088,
        3.043605089187622,
        3.104724884033203,
        3.0762040615081787,
        3.092444896697998,
        3.0483651161193848,
        3.1277239322662354,
        3.0642049312591553
      ],
      "stdev_ms": 0.0766595589425062
    },
    "peak_memory_allocated_bytes": 364642304,
    "peak_memory_allocated_gib": 0.339599609375,
    "timed_iters": 10,
    "wall": {
      "enabled": true,
      "max_ms": 3.3531590597704053,
      "mean_ms": 3.134230407886207,
      "median_ms": 3.1192144379019737,
      "min_ms": 3.0635700095444918,
      "samples_ms": [
        3.3531590597704053,
        3.147848998196423,
        3.1459899619221687,
        3.0635700095444918,
        3.124709939584136,
        3.0948700150474906,
        3.1137189362198114,
        3.06743907276541,
        3.1467590015381575,
        3.0842390842735767
      ],
      "stdev_ms": 0.08328277164542214
    },
    "warmup_iters": 2
  },
  "triton_grad_norms": {
    "index_k": 80091.9375,
    "index_q": 0.0,
    "weights": 0.0
  }
}
