{
  "batch": 1,
  "candidate": null,
  "candidate_kernel_module": "torchtitan.models.deepseek_v4.sparse_mla_triton_forward_backend",
  "candidate_mode": "fused",
  "candidate_vs_target_forward_ratio": 34.93747478061252,
  "device": "cuda",
  "dtype": "bfloat16",
  "environment": {
    "TORCHTITAN_DSV4_TRITON_SPARSE_MLA_BLOCK_KEYS": "256",
    "TORCHTITAN_DSV4_TRITON_SPARSE_MLA_BLOCK_V": "512"
  },
  "flavor": "flash_4layer",
  "layer_id": 2,
  "max_output_abs_diff": null,
  "output_atol": 0.01,
  "reference": null,
  "reference_kernel_module": null,
  "reference_mode": "manual_stream",
  "scope": "forward_only_no_grad",
  "seed": 1234,
  "seq_len": 4096,
  "status": "passed",
  "target_forward_ms": 3.6,
  "timing": {
    "candidate": {
      "compressed_groups": 1024,
      "cuda_event": {
        "enabled": true,
        "max_ms": 125.97613525390625,
        "mean_ms": 125.77490921020508,
        "median_ms": 125.77153778076172,
        "min_ms": 125.53150177001953,
        "samples_ms": [
          125.72554779052734,
          125.88158416748047,
          125.82072448730469,
          125.68768310546875,
          125.75941467285156,
          125.75309753417969,
          125.78366088867188,
          125.97613525390625,
          125.82974243164062,
          125.53150177001953
        ],
        "stdev_ms": 0.11881906682693988
      },
      "enabled": true,
      "estimated_selected_state_elements": 171798691840,
      "iters": 10,
      "last_output_checksum": -0.0002794593165162951,
      "peak_memory_allocated_bytes": 7434288128,
      "peak_memory_allocated_gib": 6.923720359802246,
      "requires_grad": false,
      "selected_keys": 640,
      "sparse_skip_reason": null,
      "sparse_used": true,
      "wall": {
        "enabled": true,
        "max_ms": 126.00071402266622,
        "mean_ms": 125.80098489997908,
        "median_ms": 125.79529196955264,
        "min_ms": 125.55535999126732,
        "samples_ms": [
          125.7678420515731,
          125.9062719764188,
          125.84529200103134,
          125.71231101173908,
          125.78261294402182,
          125.77751197386533,
          125.80797099508345,
          126.00071402266622,
          125.8539620321244,
          125.55535999126732
        ],
        "stdev_ms": 0.11831089075217541
      },
      "warmup_iters": 3
    },
    "reference": {
      "enabled": false
    }
  }
}
