{
  "device": "cuda",
  "dtype": "bf16",
  "kernel": {
    "avoided_materialized_selected_index_k_bytes": 536870912,
    "block_d": 64,
    "block_h": 64,
    "block_k": 32,
    "dot_block_d": 64,
    "logical_flops": 51522830336,
    "logical_tflops_at_event_median": 7.952262134602737,
    "mode": "q_w",
    "read": "Given upstream d_index_logits, this probe recomputes gathered LI head logits inside Triton dot tiles and produces gradients for index_q, index_k, and LI weights without writing selected [B,S,K,D] key-index rows. It is a backward slice, not the full SparseLightningIndexerGradKLLoss, because target-prob and KL derivative construction are supplied upstream.",
    "uses_tl_dot": true,
    "workspace": {
      "d_index_k_bytes": 524288,
      "d_index_q_bytes": 134217728,
      "d_weights_bytes": 1048576,
      "head_logits_materialized_bytes": 0,
      "selected_index_k_materialized_bytes": 0,
      "valid_edges": 1572352
    }
  },
  "max_abs_diff": null,
  "reference": null,
  "scope": "triton_gathered_mfma_li_index_backward_probe",
  "seed": 1234,
  "shape": {
    "batch": 1,
    "compress_ratio": 4,
    "groups": 1024,
    "head_dim": 128,
    "index_pattern": "shifted",
    "n_heads": 64,
    "seq_len": 4096,
    "topk": 512,
    "valid_edges": 1572352
  },
  "status": "passed",
  "timing": {
    "cuda_event": {
      "enabled": true,
      "max_ms": 6.610523223876953,
      "mean_ms": 6.484870433807373,
      "median_ms": 6.479015588760376,
      "min_ms": 6.463510990142822,
      "samples_ms": [
        6.610523223876953,
        6.489081859588623,
        6.482841968536377,
        6.485042095184326,
        6.478240966796875,
        6.473721027374268,
        6.500482082366943,
        6.479790210723877,
        6.476469993591309,
        6.465750217437744,
        6.480151176452637,
        6.481629848480225,
        6.476789951324463,
        6.470551013946533,
        6.468669891357422,
        6.480110168457031,
        6.469789981842041,
        6.489871025085449,
        6.474390983581543,
        6.463510990142822
      ],
      "stdev_ms": 0.03085718070906165
    },
    "peak_memory_allocated_bytes": 364642304,
    "peak_memory_allocated_gib": 0.339599609375,
    "timed_iters": 20,
    "wall": {
      "enabled": true,
      "max_ms": 6.649857969023287,
      "mean_ms": 6.505259749246761,
      "median_ms": 6.497148482594639,
      "min_ms": 6.482101045548916,
      "samples_ms": [
        6.649857969023287,
        6.508119986392558,
        6.501278025098145,
        6.50360994040966,
        6.496577989310026,
        6.492389016784728,
        6.519790040329099,
        6.500460091046989,
        6.495708948932588,
        6.489138933829963,
        6.498910021036863,
        6.50046905502677,
        6.496208952739835,
        6.488409941084683,
        6.4906589686870575,
        6.497718975879252,
        6.491430103778839,
        6.508928025141358,
        6.493428954854608,
        6.482101045548916
      ],
      "stdev_ms": 0.0350502292070749
    },
    "warmup_iters": 3
  },
  "triton_grad_norms": {
    "index_k": 0.0,
    "index_q": 80530.125,
    "weights": 80321.9921875
  }
}
