{
  "device": "cuda",
  "dtype": "bf16",
  "kernel": {
    "avoided_materialized_selected_index_k_bytes": 536870912,
    "block_d": 64,
    "block_h": 64,
    "block_k": 32,
    "dot_block_d": 64,
    "logical_flops": 51522830336,
    "logical_tflops_at_event_median": 10.361104348561405,
    "mode": "k",
    "read": "Given upstream d_index_logits, this probe recomputes gathered LI head logits inside Triton dot tiles and produces gradients for index_q, index_k, and LI weights without writing selected [B,S,K,D] key-index rows. It is a backward slice, not the full SparseLightningIndexerGradKLLoss, because target-prob and KL derivative construction are supplied upstream.",
    "uses_tl_dot": true,
    "workspace": {
      "d_index_k_bytes": 524288,
      "d_index_q_bytes": 134217728,
      "d_weights_bytes": 1048576,
      "head_logits_materialized_bytes": 0,
      "selected_index_k_materialized_bytes": 0,
      "valid_edges": 1572352
    }
  },
  "max_abs_diff": null,
  "reference": null,
  "scope": "triton_gathered_mfma_li_index_backward_probe",
  "seed": 1234,
  "shape": {
    "batch": 1,
    "compress_ratio": 4,
    "groups": 1024,
    "head_dim": 128,
    "index_pattern": "shifted",
    "n_heads": 64,
    "seq_len": 4096,
    "topk": 512,
    "valid_edges": 1572352
  },
  "status": "passed",
  "timing": {
    "cuda_event": {
      "enabled": true,
      "max_ms": 5.458104133605957,
      "mean_ms": 4.976512169837951,
      "median_ms": 4.9727160930633545,
      "min_ms": 4.671010971069336,
      "samples_ms": [
        5.458104133605957,
        4.675614833831787,
        5.130740165710449,
        4.704854965209961,
        5.0040178298950195,
        4.74361515045166,
        4.914337158203125,
        5.144300937652588,
        5.418223857879639,
        5.002539157867432,
        5.096135139465332,
        4.68057107925415,
        4.671010971069336,
        4.832733154296875,
        4.838491916656494,
        5.096775054931641,
        5.27965784072876,
        5.045535087585449,
        4.850091934204102,
        4.942893028259277
      ],
      "stdev_ms": 0.23686967882395532
    },
    "peak_memory_allocated_bytes": 364642304,
    "peak_memory_allocated_gib": 0.339599609375,
    "timed_iters": 20,
    "wall": {
      "enabled": true,
      "max_ms": 5.498184007592499,
      "mean_ms": 4.996615508571267,
      "median_ms": 4.991681547835469,
      "min_ms": 4.689778084866703,
      "samples_ms": [
        5.498184007592499,
        4.694337956607342,
        5.149935022927821,
        4.724227939732373,
        5.022467114031315,
        4.763227072544396,
        4.932866897433996,
        5.163285997696221,
        5.436584004200995,
        5.021126009523869,
        5.114567000418901,
        4.702517995610833,
        4.689778084866703,
        4.851547069847584,
        4.859416978433728,
        5.115195992402732,
        5.297794938087463,
        5.064156022854149,
        4.8688569804653525,
        4.96223708614707
      ],
      "stdev_ms": 0.23875318665935077
    },
    "warmup_iters": 3
  },
  "triton_grad_norms": {
    "index_k": 80091.9375,
    "index_q": 0.0,
    "weights": 0.0
  }
}
