{
  "device": "cuda",
  "dtype": "bf16",
  "kernel": {
    "avoided_materialized_selected_index_k_bytes": 536870912,
    "block_d": 64,
    "block_h": 64,
    "block_k": 256,
    "dot_block_d": 64,
    "logical_flops": 51522830336,
    "logical_tflops_at_event_median": 17.682262084249526,
    "mode": "k",
    "read": "Given upstream d_index_logits, this probe recomputes gathered LI head logits inside Triton dot tiles and produces gradients for index_q, index_k, and LI weights without writing selected [B,S,K,D] key-index rows. It is a backward slice, not the full SparseLightningIndexerGradKLLoss, because target-prob and KL derivative construction are supplied upstream.",
    "uses_tl_dot": true,
    "workspace": {
      "d_index_k_bytes": 524288,
      "d_index_q_bytes": 134217728,
      "d_weights_bytes": 1048576,
      "head_logits_materialized_bytes": 0,
      "selected_index_k_materialized_bytes": 0,
      "valid_edges": 1572352
    }
  },
  "max_abs_diff": null,
  "reference": null,
  "scope": "triton_gathered_mfma_li_index_backward_probe",
  "seed": 1234,
  "shape": {
    "batch": 1,
    "compress_ratio": 4,
    "groups": 1024,
    "head_dim": 128,
    "index_pattern": "shifted",
    "n_heads": 64,
    "seq_len": 4096,
    "topk": 512,
    "valid_edges": 1572352
  },
  "status": "passed",
  "timing": {
    "cuda_event": {
      "enabled": true,
      "max_ms": 3.089698076248169,
      "mean_ms": 2.9392947912216187,
      "median_ms": 2.913814425468445,
      "min_ms": 2.886133909225464,
      "samples_ms": [
        3.089698076248169,
        2.961055040359497,
        2.9026939868927,
        2.9092540740966797,
        2.886133909225464,
        2.9156548976898193,
        2.96309494972229,
        2.961095094680786,
        2.892293930053711,
        2.9119739532470703
      ],
      "stdev_ms": 0.060294512378595885
    },
    "peak_memory_allocated_bytes": 364642304,
    "peak_memory_allocated_gib": 0.339599609375,
    "timed_iters": 10,
    "wall": {
      "enabled": true,
      "max_ms": 3.1321400310844183,
      "mean_ms": 2.962219505570829,
      "median_ms": 2.935100521426648,
      "min_ms": 2.9064009431749582,
      "samples_ms": [
        3.1321400310844183,
        2.9807400424033403,
        2.92172993067652,
        2.929799957200885,
        2.9064009431749582,
        2.9388900147750974,
        2.987561048939824,
        2.9813420260325074,
        2.9122800333425403,
        2.9313110280781984
      ],
      "stdev_ms": 0.06668629260468922
    },
    "warmup_iters": 2
  },
  "triton_grad_norms": {
    "index_k": 80091.9375,
    "index_q": 0.0,
    "weights": 0.0
  }
}
