{
  "device": "cuda",
  "dtype": "bf16",
  "kernel": {
    "avoided_materialized_selected_index_k_bytes": 536870912,
    "block_d": 64,
    "block_h": 16,
    "block_k": 128,
    "logical_flops": 25761415168,
    "logical_tflops_at_event_median": 84.88571891586754,
    "mode": "index_logits",
    "read": "The index_logits mode gathers key-index rows inside the Triton tl.dot tile, applies ReLU and LI weights, and atomically reduces H-block partials to [B,S,K]. It intentionally avoids writing the [B,S,K,D] selected key-index buffer and the [B,S,H,K] head-logit workspace used by the scalar prototype.",
    "uses_tl_dot": true,
    "workspace": {
      "head_logits_bytes": 0,
      "index_logits_bytes": 8388608,
      "selected_index_k_materialized_bytes": 0,
      "valid_edges": 1572352
    }
  },
  "max_abs_diff": null,
  "reference": null,
  "scope": "triton_gathered_mfma_li_index_logits_probe",
  "seed": 1234,
  "shape": {
    "batch": 1,
    "compress_ratio": 4,
    "groups": 1024,
    "head_dim": 128,
    "index_pattern": "shifted",
    "n_heads": 64,
    "seq_len": 4096,
    "topk": 512,
    "valid_edges": 1572352
  },
  "status": "passed",
  "timing": {
    "cuda_event": {
      "enabled": true,
      "max_ms": 0.3704040050506592,
      "mean_ms": 0.31244919896125795,
      "median_ms": 0.3034835010766983,
      "min_ms": 0.2968429923057556,
      "samples_ms": [
        0.3671630024909973,
        0.3236030042171478,
        0.32296299934387207,
        0.30280399322509766,
        0.29784300923347473,
        0.3162029981613159,
        0.30416300892829895,
        0.29732298851013184,
        0.3091230094432831,
        0.31268298625946045,
        0.2996029853820801,
        0.30872300267219543,
        0.2984839975833893,
        0.29808300733566284,
        0.3704040050506592,
        0.3223640024662018,
        0.3026430010795593,
        0.3006429970264435,
        0.29732298851013184,
        0.2968429923057556
      ],
      "stdev_ms": 0.021278703968622165
    },
    "peak_memory_allocated_bytes": 114034688,
    "peak_memory_allocated_gib": 0.10620307922363281,
    "timed_iters": 20,
    "wall": {
      "enabled": true,
      "max_ms": 0.4063390661031008,
      "mean_ms": 0.3328658058308065,
      "median_ms": 0.3241290105506778,
      "min_ms": 0.3153490833938122,
      "samples_ms": [
        0.4063390661031008,
        0.346458051353693,
        0.34318992402404547,
        0.32175902742892504,
        0.3163480432704091,
        0.33434899523854256,
        0.327739049680531,
        0.3153879661113024,
        0.3281880635768175,
        0.331468996591866,
        0.31827890779823065,
        0.3264989936724305,
        0.31606899574398994,
        0.3169189440086484,
        0.3921989118680358,
        0.3415580140426755,
        0.32137997914105654,
        0.3191890427842736,
        0.3153490833938122,
        0.31864806078374386
      ],
      "stdev_ms": 0.024769806774188243
    },
    "warmup_iters": 3
  },
  "triton_norm": null
}
