{
  "device": "cuda",
  "dtype": "bf16",
  "kernel": {
    "avoided_materialized_selected_index_k_bytes": 536870912,
    "block_d": 64,
    "block_h": 64,
    "block_k": 128,
    "dot_block_d": 64,
    "logical_flops": 103045660672,
    "logical_tflops_at_event_median": 21.82615438661476,
    "mode": "full",
    "read": "Given upstream d_index_logits, this probe recomputes gathered LI head logits inside Triton dot tiles and produces gradients for index_q, index_k, and LI weights without writing selected [B,S,K,D] key-index rows. It is a backward slice, not the full SparseLightningIndexerGradKLLoss, because target-prob and KL derivative construction are supplied upstream.",
    "uses_tl_dot": true,
    "workspace": {
      "d_index_k_bytes": 524288,
      "d_index_q_bytes": 134217728,
      "d_weights_bytes": 1048576,
      "head_logits_materialized_bytes": 0,
      "selected_index_k_materialized_bytes": 0,
      "valid_edges": 1572352
    }
  },
  "max_abs_diff": null,
  "reference": null,
  "scope": "triton_gathered_mfma_li_index_backward_probe",
  "seed": 1234,
  "shape": {
    "batch": 1,
    "compress_ratio": 4,
    "groups": 1024,
    "head_dim": 128,
    "index_pattern": "shifted",
    "n_heads": 64,
    "seq_len": 4096,
    "topk": 512,
    "valid_edges": 1572352
  },
  "status": "passed",
  "timing": {
    "cuda_event": {
      "enabled": true,
      "max_ms": 4.805461883544922,
      "mean_ms": 4.718025064468383,
      "median_ms": 4.721200942993164,
      "min_ms": 4.6525797843933105,
      "samples_ms": [
        4.805461883544922,
        4.786141872406006,
        4.675021171569824,
        4.717381000518799,
        4.684939861297607,
        4.725020885467529,
        4.6549811363220215,
        4.743381023406982,
        4.6525797843933105,
        4.735342025756836
      ],
      "stdev_ms": 0.05215238571205417
    },
    "peak_memory_allocated_bytes": 364642304,
    "peak_memory_allocated_gib": 0.339599609375,
    "timed_iters": 10,
    "wall": {
      "enabled": true,
      "max_ms": 4.847964970394969,
      "mean_ms": 4.740802303422242,
      "median_ms": 4.745359474327415,
      "min_ms": 4.670725087635219,
      "samples_ms": [
        4.847964970394969,
        4.808523925021291,
        4.69518406316638,
        4.739823983982205,
        4.702965030446649,
        4.750894964672625,
        4.673753981478512,
        4.761444055475295,
        4.670725087635219,
        4.756742971949279
      ],
      "stdev_ms": 0.05751525179739987
    },
    "warmup_iters": 2
  },
  "triton_grad_norms": {
    "index_k": 80091.9375,
    "index_q": 80530.125,
    "weights": 80321.9921875
  }
}
