{
  "aggregate": {
    "by_component": {
      "compressed_grad_logits_pack_input_b0": {
        "enabled": true,
        "max_ms": 0.7268880009651184,
        "mean_ms": 0.723908007144928,
        "median_ms": 0.723908007144928,
        "min_ms": 0.7209280133247375,
        "samples_ms": [
          0.7268880009651184,
          0.7209280133247375
        ],
        "stdev_ms": 0.004214347676301316
      },
      "compressed_groups_device": {
        "enabled": true,
        "max_ms": 0.06852000206708908,
        "mean_ms": 0.05786000192165375,
        "median_ms": 0.05786000192165375,
        "min_ms": 0.047200001776218414,
        "samples_ms": [
          0.06852000206708908,
          0.047200001776218414
        ],
        "stdev_ms": 0.015075516780573815
      },
      "compressed_probs_pack_input_b0": {
        "enabled": true,
        "max_ms": 0.574446976184845,
        "mean_ms": 0.5673464834690094,
        "median_ms": 0.5673464834690094,
        "min_ms": 0.5602459907531738,
        "samples_ms": [
          0.574446976184845,
          0.5602459907531738
        ],
        "stdev_ms": 0.010041613098266036
      },
      "forward_with_lse": {
        "enabled": true,
        "max_ms": 2.0032219886779785,
        "mean_ms": 1.9186415076255798,
        "median_ms": 1.9186415076255798,
        "min_ms": 1.8340610265731812,
        "samples_ms": [
          2.0032219886779785,
          1.8340610265731812
        ],
        "stdev_ms": 0.11961486341634281
      },
      "gather_selected_kv_fp32": {
        "enabled": true,
        "max_ms": 3.2899169921875,
        "mean_ms": 3.2416964769363403,
        "median_ms": 3.2416964769363403,
        "min_ms": 3.1934759616851807,
        "samples_ms": [
          3.2899169921875,
          3.1934759616851807
        ],
        "stdev_ms": 0.06819410665280867
      },
      "grad_attn_sink": {
        "enabled": true,
        "max_ms": 0.043400999158620834,
        "mean_ms": 0.04062050022184849,
        "median_ms": 0.04062050022184849,
        "min_ms": 0.03784000128507614,
        "samples_ms": [
          0.043400999158620834,
          0.03784000128507614
        ],
        "stdev_ms": 0.0039322193065474235
      },
      "grad_kv_zero": {
        "enabled": true,
        "max_ms": 0.020560000091791153,
        "mean_ms": 0.01896000001579523,
        "median_ms": 0.01896000001579523,
        "min_ms": 0.01735999993979931,
        "samples_ms": [
          0.020560000091791153,
          0.01735999993979931
        ],
        "stdev_ms": 0.002262741807271416
      },
      "grad_logits": {
        "enabled": true,
        "max_ms": 0.5774469971656799,
        "mean_ms": 0.5733270049095154,
        "median_ms": 0.5733270049095154,
        "min_ms": 0.5692070126533508,
        "samples_ms": [
          0.5774469971656799,
          0.5692070126533508
        ],
        "stdev_ms": 0.005826548925540034
      },
      "grad_output_to_fp32": {
        "enabled": true,
        "max_ms": 0.139041006565094,
        "mean_ms": 0.13902150094509125,
        "median_ms": 0.13902150094509125,
        "min_ms": 0.1390019953250885,
        "samples_ms": [
          0.1390019953250885,
          0.139041006565094
        ],
        "stdev_ms": 2.7585112350380143e-05
      },
      "grad_probs_do_v": {
        "enabled": true,
        "max_ms": 2.4519479274749756,
        "mean_ms": 2.303745985031128,
        "median_ms": 2.303745985031128,
        "min_ms": 2.1555440425872803,
        "samples_ms": [
          2.4519479274749756,
          2.1555440425872803
        ],
        "stdev_ms": 0.2095891969741262
      },
      "grad_q": {
        "enabled": true,
        "max_ms": 2.397947072982788,
        "mean_ms": 2.296345591545105,
        "median_ms": 2.296345591545105,
        "min_ms": 2.194744110107422,
        "samples_ms": [
          2.397947072982788,
          2.194744110107422
        ],
        "stdev_ms": 0.14368619300636973
      },
      "local_grad_selected_scores": {
        "enabled": true,
        "max_ms": 0.6552479863166809,
        "mean_ms": 0.6380074918270111,
        "median_ms": 0.6380074918270111,
        "min_ms": 0.6207669973373413,
        "samples_ms": [
          0.6552479863166809,
          0.6207669973373413
        ],
        "stdev_ms": 0.02438174112930964
      },
      "local_grad_selected_sum": {
        "enabled": true,
        "max_ms": 0.5860859751701355,
        "mean_ms": 0.5821065008640289,
        "median_ms": 0.5821065008640289,
        "min_ms": 0.5781270265579224,
        "samples_ms": [
          0.5860859751701355,
          0.5781270265579224
        ],
        "stdev_ms": 0.005627826534811169
      },
      "local_grad_selected_values": {
        "enabled": true,
        "max_ms": 0.589726984500885,
        "mean_ms": 0.5781864821910858,
        "median_ms": 0.5781864821910858,
        "min_ms": 0.5666459798812866,
        "samples_ms": [
          0.5666459798812866,
          0.589726984500885
        ],
        "stdev_ms": 0.01632073488311605
      },
      "local_scatter": {
        "enabled": true,
        "max_ms": 2.1010239124298096,
        "mean_ms": 2.093063473701477,
        "median_ms": 2.093063473701477,
        "min_ms": 2.0851030349731445,
        "samples_ms": [
          2.1010239124298096,
          2.0851030349731445
        ],
        "stdev_ms": 0.011257760412047882
      },
      "lse_layout": {
        "enabled": true,
        "max_ms": 0.01724099926650524,
        "mean_ms": 0.013200499583035707,
        "median_ms": 0.013200499583035707,
        "min_ms": 0.009159999899566174,
        "samples_ms": [
          0.01724099926650524,
          0.009159999899566174
        ],
        "stdev_ms": 0.005714129451126812
      },
      "probs_exp_mask": {
        "enabled": true,
        "max_ms": 0.9427300095558167,
        "mean_ms": 0.9320099949836731,
        "median_ms": 0.9320099949836731,
        "min_ms": 0.9212899804115295,
        "samples_ms": [
          0.9427300095558167,
          0.9212899804115295
        ],
        "stdev_ms": 0.015160389996762627
      },
      "q_to_fp32": {
        "enabled": true,
        "max_ms": 0.14492200314998627,
        "mean_ms": 0.14224199950695038,
        "median_ms": 0.14224199950695038,
        "min_ms": 0.1395619958639145,
        "samples_ms": [
          0.14492200314998627,
          0.1395619958639145
        ],
        "stdev_ms": 0.0037900974991906568
      },
      "route_plan_b0": {
        "enabled": true,
        "max_ms": 1.8085979390889406,
        "mean_ms": 1.7329378752037883,
        "median_ms": 1.7329378752037883,
        "min_ms": 1.657277811318636,
        "samples_ms": [
          1.8085979390889406,
          1.657277811318636
        ],
        "stdev_ms": 0.10699948847639724
      },
      "safe_indices": {
        "enabled": true,
        "max_ms": 0.023120999336242676,
        "mean_ms": 0.020280499942600727,
        "median_ms": 0.020280499942600727,
        "min_ms": 0.01744000054895878,
        "samples_ms": [
          0.023120999336242676,
          0.01744000054895878
        ],
        "stdev_ms": 0.0040170727664009965
      },
      "scores_qk": {
        "enabled": true,
        "max_ms": 2.622788906097412,
        "mean_ms": 2.4879274368286133,
        "median_ms": 2.4879274368286133,
        "min_ms": 2.3530659675598145,
        "samples_ms": [
          2.622788906097412,
          2.3530659675598145
        ],
        "stdev_ms": 0.19072291888149767
      },
      "sink_probs": {
        "enabled": true,
        "max_ms": 0.031000999733805656,
        "mean_ms": 0.03074049949645996,
        "median_ms": 0.03074049949645996,
        "min_ms": 0.030479999259114265,
        "samples_ms": [
          0.030479999259114265,
          0.031000999733805656
        ],
        "stdev_ms": 0.0003684029686556928
      },
      "softmax_dot": {
        "enabled": true,
        "max_ms": 0.5860459804534912,
        "mean_ms": 0.5801664888858795,