{
  "device": "cuda",
  "dtype": "bf16",
  "kernel": {
    "avoided_materialized_selected_index_k_bytes": 536870912,
    "block_d": 128,
    "block_h": 64,
    "block_k": 512,
    "dot_block_d": 128,
    "logical_flops": 103045660672,
    "logical_tflops_at_event_median": 21.633595885398694,
    "mode": "full",
    "read": "Given upstream d_index_logits, this probe recomputes gathered LI head logits inside Triton dot tiles and produces gradients for index_q, index_k, and LI weights without writing selected [B,S,K,D] key-index rows. It is a backward slice, not the full SparseLightningIndexerGradKLLoss, because target-prob and KL derivative construction are supplied upstream.",
    "uses_tl_dot": true,
    "workspace": {
      "d_index_k_bytes": 524288,
      "d_index_q_bytes": 134217728,
      "d_weights_bytes": 1048576,
      "head_logits_materialized_bytes": 0,
      "selected_index_k_materialized_bytes": 0,
      "valid_edges": 1572352
    }
  },
  "max_abs_diff": null,
  "reference": null,
  "scope": "triton_gathered_mfma_li_index_backward_probe",
  "seed": 1234,
  "shape": {
    "batch": 1,
    "compress_ratio": 4,
    "groups": 1024,
    "head_dim": 128,
    "index_pattern": "shifted",
    "n_heads": 64,
    "seq_len": 4096,
    "topk": 512,
    "valid_edges": 1572352
  },
  "status": "passed",
  "timing": {
    "cuda_event": {
      "enabled": true,
      "max_ms": 4.916965961456299,
      "mean_ms": 4.779916381835937,
      "median_ms": 4.763223886489868,
      "min_ms": 4.736204147338867,
      "samples_ms": [
        4.916965961456299,
        4.776083946228027,
        4.762403964996338,
        4.758364200592041,
        4.757005214691162,
        4.794283866882324,
        4.736204147338867,
        4.777803897857666,
        4.756004810333252,
        4.764043807983398
      ],
      "stdev_ms": 0.05059504388217381
    },
    "peak_memory_allocated_bytes": 364642304,
    "peak_memory_allocated_gib": 0.339599609375,
    "timed_iters": 10,
    "wall": {
      "enabled": true,
      "max_ms": 4.958503996022046,
      "mean_ms": 4.801232262980193,
      "median_ms": 4.781123425345868,
      "min_ms": 4.754464025609195,
      "samples_ms": [
        4.958503996022046,
        4.7954939072951674,
        4.780583898536861,
        4.77736396715045,
        4.777214955538511,
        4.8143749590963125,
        4.754464025609195,
        4.798654932528734,
        4.774005035869777,
        4.781662952154875
      ],
      "stdev_ms": 0.05757230163431353
    },
    "warmup_iters": 2
  },
  "triton_grad_norms": {
    "index_k": 80091.9375,
    "index_q": 80530.125,
    "weights": 80321.9921875
  }
}
