{
  "device": "cuda",
  "dtype": "bf16",
  "kernel": {
    "avoided_materialized_selected_index_k_bytes": 536870912,
    "block_d": 64,
    "block_h": 16,
    "block_k": 128,
    "logical_flops": 25761415168,
    "logical_tflops_at_event_median": 86.4815122048397,
    "mode": "index_logits",
    "read": "The index_logits mode gathers key-index rows inside the Triton tl.dot tile, applies ReLU and LI weights, and atomically reduces H-block partials to [B,S,K]. It intentionally avoids writing the [B,S,K,D] selected key-index buffer and the [B,S,H,K] head-logit workspace used by the scalar prototype.",
    "uses_tl_dot": true,
    "workspace": {
      "head_logits_bytes": 0,
      "index_logits_bytes": 8388608,
      "selected_index_k_materialized_bytes": 0,
      "valid_edges": 1572352
    }
  },
  "max_abs_diff": null,
  "reference": null,
  "scope": "triton_gathered_mfma_li_index_logits_probe",
  "seed": 1234,
  "shape": {
    "batch": 1,
    "compress_ratio": 4,
    "groups": 1024,
    "head_dim": 128,
    "index_pattern": "prefix",
    "n_heads": 64,
    "seq_len": 4096,
    "topk": 512,
    "valid_edges": 1572352
  },
  "status": "passed",
  "timing": {
    "cuda_event": {
      "enabled": true,
      "max_ms": 0.38048499822616577,
      "mean_ms": 0.3012933999300003,
      "median_ms": 0.2978834956884384,
      "min_ms": 0.28320398926734924,
      "samples_ms": [
        0.38048499822616577,
        0.3096829950809479,
        0.3133229911327362,
        0.3010829985141754,
        0.3036839962005615,
        0.30864399671554565,
        0.3008440136909485,
        0.29748299717903137,
        0.2965629994869232,
        0.29828399419784546,
        0.2931230068206787,
        0.3005630075931549,
        0.2907640039920807,
        0.29220300912857056,
        0.30128300189971924,
        0.28320398926734924,
        0.28880301117897034,
        0.2860029935836792,
        0.28960299491882324,
        0.290242999792099
      ],
      "stdev_ms": 0.020299018318431943
    },
    "peak_memory_allocated_bytes": 114034688,
    "peak_memory_allocated_gib": 0.10620307922363281,
    "timed_iters": 20,
    "wall": {
      "enabled": true,
      "max_ms": 0.4175290232524276,
      "mean_ms": 0.3220655780751258,
      "median_ms": 0.31918997410684824,
      "min_ms": 0.3041389863938093,
      "samples_ms": [
        0.4175290232524276,
        0.3294990165159106,
        0.33226795494556427,
        0.3200299106538296,
        0.3221479710191488,
        0.3365400480106473,
        0.3221379593014717,
        0.3151590935885906,
        0.32395997550338507,
        0.31888997182250023,
        0.31121796928346157,
        0.3196889301761985,
        0.30941900331526995,
        0.3105589421465993,
        0.31948997639119625,
        0.3060289891436696,
        0.3069789381697774,
        0.3041389863938093,
        0.3076489083468914,
        0.3079799935221672
      ],
      "stdev_ms": 0.02425991909464825
    },
    "warmup_iters": 3
  },
  "triton_norm": null
}
