{
  "device": "cuda",
  "dtype": "bf16",
  "kernel": {
    "avoided_materialized_selected_index_k_bytes": 536870912,
    "block_d": 64,
    "block_h": 64,
    "block_k": 64,
    "dot_block_d": 64,
    "logical_flops": 51522830336,
    "logical_tflops_at_event_median": 15.641866589440632,
    "mode": "q_w",
    "read": "Given upstream d_index_logits, this probe recomputes gathered LI head logits inside Triton dot tiles and produces gradients for index_q, index_k, and LI weights without writing selected [B,S,K,D] key-index rows. It is a backward slice, not the full SparseLightningIndexerGradKLLoss, because target-prob and KL derivative construction are supplied upstream.",
    "uses_tl_dot": true,
    "workspace": {
      "d_index_k_bytes": 524288,
      "d_index_q_bytes": 134217728,
      "d_weights_bytes": 1048576,
      "head_logits_materialized_bytes": 0,
      "selected_index_k_materialized_bytes": 0,
      "valid_edges": 1572352
    }
  },
  "max_abs_diff": null,
  "reference": null,
  "scope": "triton_gathered_mfma_li_index_backward_probe",
  "seed": 1234,
  "shape": {
    "batch": 1,
    "compress_ratio": 4,
    "groups": 1024,
    "head_dim": 128,
    "index_pattern": "shifted",
    "n_heads": 64,
    "seq_len": 4096,
    "topk": 512,
    "valid_edges": 1572352
  },
  "status": "passed",
  "timing": {
    "cuda_event": {
      "enabled": true,
      "max_ms": 3.4656269550323486,
      "mean_ms": 3.31234188079834,
      "median_ms": 3.29390549659729,
      "min_ms": 3.2842659950256348,
      "samples_ms": [
        3.4656269550323486,
        3.327065944671631,
        3.2969861030578613,
        3.2944259643554688,
        3.295665979385376,
        3.2842659950256348,
        3.2859458923339844,
        3.2933850288391113,
        3.2917449474334717,
        3.2883059978485107
      ],
      "stdev_ms": 0.055170745909765666
    },
    "peak_memory_allocated_bytes": 364642304,
    "peak_memory_allocated_gib": 0.339599609375,
    "timed_iters": 10,
    "wall": {
      "enabled": true,
      "max_ms": 3.5147389862686396,
      "mean_ms": 3.335033298935741,
      "median_ms": 3.313493507448584,
      "min_ms": 3.3029899932444096,
      "samples_ms": [
        3.5147389862686396,
        3.346579964272678,
        3.3159489976242185,
        3.314628964290023,
        3.3162289764732122,
        3.3029899932444096,
        3.304789075627923,
        3.312358050607145,
        3.310119966045022,
        3.3119500149041414
      ],
      "stdev_ms": 0.06426574605118879
    },
    "warmup_iters": 2
  },
  "triton_grad_norms": {
    "index_k": 0.0,
    "index_q": 80530.125,
    "weights": 80321.9921875
  }
}
