{
  "backend_path": "sources/wip/torchtitan/torchtitan/models/deepseek_v4/sparse_mla_shared_kv_triton_forward_backend.py",
  "device": "cuda",
  "dtype": "bfloat16",
  "peak_memory_allocated_bytes": 386966016,
  "peak_memory_allocated_gib": 0.36039018630981445,
  "read": "This profiles the explicit PyTorch backward math currently used by sparse_mla_shared_kv. It intentionally materializes selected KV and probability tensors to expose which parts need fused Triton/HIP replacement first.",
  "scope": "sparse_mla_shared_latent_kv_explicit_backward_component_profile",
  "seed": 1234,
  "shape": {
    "batch": 1,
    "compressed_groups": 32,
    "csa_count": 32,
    "dim": 512,
    "heads": 64,
    "kv_len": 160,
    "local_count": 128,
    "materialized_probs_fp32_gib": 0.0048828125,
    "materialized_shared_selected_kv_fp32_gib": 0.0390625,
    "output_bf16_gib": 0.0078125,
    "selected_count": 160,
    "seq_len": 128
  },
  "status": "passed",
  "timed_iters": 5,
  "timing": {
    "by_component": {
      "forward_with_lse": {
        "enabled": true,
        "max_ms": 0.1368809938430786,
        "mean_ms": 0.10537640005350113,
        "median_ms": 0.09576000273227692,
        "min_ms": 0.09208100289106369,
        "samples_ms": [
          0.1368809938430786,
          0.1096000000834465,
          0.09256000071763992,
          0.09576000273227692,
          0.09208100289106369
        ],
        "stdev_ms": 0.018999217103226253
      },
      "gather_selected_kv_fp32": {
        "enabled": true,
        "max_ms": 0.2218009978532791,
        "mean_ms": 0.0876801997423172,
        "median_ms": 0.055879998952150345,
        "min_ms": 0.050360001623630524,
        "samples_ms": [
          0.2218009978532791,
          0.055879998952150345,
          0.056359998881816864,
          0.05400000140070915,
          0.050360001623630524
        ],
        "stdev_ms": 0.07501291419833404
      },
      "grad_attn_sink": {
        "enabled": true,
        "max_ms": 0.032600998878479004,
        "mean_ms": 0.0286483995616436,
        "median_ms": 0.028279999271035194,
        "min_ms": 0.026920000091195107,
        "samples_ms": [
          0.032600998878479004,
          0.028279999271035194,
          0.02828099951148033,
          0.026920000091195107,
          0.027160000056028366
        ],
        "stdev_ms": 0.002296543094968519
      },
      "grad_kv_zero": {
        "enabled": true,
        "max_ms": 0.019360000267624855,
        "mean_ms": 0.016128000058233737,
        "median_ms": 0.015440000221133232,
        "min_ms": 0.012719999998807907,
        "samples_ms": [
          0.019360000267624855,
          0.015440000221133232,
          0.012719999998807907,
          0.018319999799132347,
          0.014800000004470348
        ],
        "stdev_ms": 0.0026973172107344063
      },
      "grad_logits": {
        "enabled": true,
        "max_ms": 0.02491999976336956,
        "mean_ms": 0.020520000159740447,
        "median_ms": 0.019360000267624855,
        "min_ms": 0.018880000337958336,
        "samples_ms": [
          0.02491999976336956,
          0.02027999982237816,
          0.01916000060737133,
          0.018880000337958336,
          0.019360000267624855
        ],
        "stdev_ms": 0.00251507428426419
      },
      "grad_output_to_fp32": {
        "enabled": true,
        "max_ms": 0.012679999694228172,
        "mean_ms": 0.010224000178277492,
        "median_ms": 0.009680000133812428,
        "min_ms": 0.009440000168979168,
        "samples_ms": [
          0.012679999694228172,
          0.009440000168979168,
          0.009720000438392162,
          0.009680000133812428,
          0.009600000455975533
        ],
        "stdev_ms": 0.0013771271797246199
      },
      "grad_probs_do_v": {
        "enabled": true,
        "max_ms": 0.06820099800825119,
        "mean_ms": 0.05875240042805672,
        "median_ms": 0.057440001517534256,
        "min_ms": 0.053881000727415085,
        "samples_ms": [
          0.06820099800825119,
          0.058400001376867294,
          0.05584000051021576,
          0.057440001517534256,
          0.053881000727415085
        ],
        "stdev_ms": 0.005552818665977847
      },
      "grad_q": {
        "enabled": true,
        "max_ms": 0.05751999840140343,
        "mean_ms": 0.05372839868068695,
        "median_ms": 0.053560998290777206,
        "min_ms": 0.05063999816775322,
        "samples_ms": [
          0.05751999840140343,
          0.053560998290777206,
          0.0530409999191761,
          0.0538799986243248,
          0.05063999816775322
        ],
        "stdev_ms": 0.0024717386927629596
      },
      "grad_selected_scores": {
        "enabled": true,
        "max_ms": 0.1368809938430786,
        "mean_ms": 0.07051239833235741,
        "median_ms": 0.05432000011205673,
        "min_ms": 0.052639998495578766,
        "samples_ms": [
          0.1368809938430786,
          0.05432000011205673,
          0.05483999848365784,
          0.053881000727415085,
          0.052639998495578766
        ],
        "stdev_ms": 0.0371100876091239
      },
      "grad_selected_sum": {
        "enabled": true,
        "max_ms": 0.07332000136375427,
        "mean_ms": 0.035536200180649756,
        "median_ms": 0.02515999972820282,
        "min_ms": 0.02500000037252903,
        "samples_ms": [
          0.07332000136375427,
          0.029040999710559845,
          0.02515999972820282,
          0.02515999972820282,
          0.02500000037252903
        ],
        "stdev_ms": 0.02119048040421919
      },
      "grad_selected_values": {
        "enabled": true,
        "max_ms": 0.0947209969162941,
        "mean_ms": 0.059656199812889096,
        "median_ms": 0.05728000029921532,
        "min_ms": 0.03824000060558319,
        "samples_ms": [
          0.0947209969162941,
          0.06128000095486641,
          0.03824000060558319,
          0.04676000028848648,
          0.05728000029921532
        ],
        "stdev_ms": 0.02158001738206345
      },
      "lse_layout": {
        "enabled": true,
        "max_ms": 0.012160000391304493,
        "mean_ms": 0.009032000228762627,
        "median_ms": 0.0083600003272295,
        "min_ms": 0.007840000092983246,
        "samples_ms": [
          0.008679999969899654,
          0.0083600003272295,
          0.012160000391304493,
          0.007840000092983246,
          0.00812000036239624
        ],
        "stdev_ms": 0.0017757027585376193
      },
      "make_grad_output": {
        "enabled": true,
        "max_ms": 0.17264099419116974,
        "mean_ms": 0.06639239937067032,
        "median_ms": 0.03956000134348869,
        "min_ms": 0.03799999877810478,
        "samples_ms": [
          0.17264099419116974,
          0.04248100146651268,
          0.0392800010740757,
          0.03799999877810478,
          0.03956000134348869
        ],
        "stdev_ms": 0.059417394312929556
      },
      "probs_exp_mask": {
        "enabled": true,
        "max_ms": 0.05575999990105629,
        "mean_ms": 0.04787200018763542,
        "median_ms": 0.04588000103831291,
        "min_ms": 0.044599998742341995,
        "samples_ms": [
          0.05575999990105629,
          0.04763999953866005,
          0.044599998742341995,
          0.04548000171780586,
          0.04588000103831291
        ],
        "stdev_ms": 0.004546154268407076
      },
      "q_to_fp32": {
        "enabled": true,
        "max_ms": 0.011839999817311764,
        "mean_ms": 0.010208000056445598,
        "median_ms": 0.009879999794065952,
        "min_ms": 0.009560000151395798,
        "samples_ms": [
          0.009560000151395798,
          0.009920000098645687,
          0.011839999817311764,
          0.009840000420808792,
          0.009879999794065952
        ],
        "stdev_ms": 0.0009232116463810535
      },
      "safe_indices": {
        "enabled": true,
        "max_ms": 0.015359999611973763,
        "mean_ms": 0.013552000001072883,
        "median_ms": 0.012719999998807907,