{
  "device": "cuda",
  "dtype": "bf16",
  "intermediate_max_abs_diff": null,
  "kernel": {
    "block_d_index": 64,
    "block_d_main": 64,
    "block_k": 64,
    "read": "Prototype exact SLIG backward schedule. It materializes compact main logits and per-head LI logits, not selected main-K tensors; it reduces LI logits explicitly, honors the reference KL clamp, then computes d_query_index, d_key_index, and d_weights with Triton atomics.",
    "workspace": {
      "head_logits_bytes": 536870912,
      "li_active_p_bytes": 16384,
      "li_logits_bytes": 8388608,
      "main_logits_bytes": 536870912,
      "p_bytes": 8388608,
      "row_count": 4093
    }
  },
  "max_abs_diff": null,
  "oracle": null,
  "scope": "triton_sparse_lightning_indexer_grad_kl_loss_prototype",
  "seed": 1234,
  "shape": {
    "batch": 1,
    "compress_ratio": 4,
    "groups": 1024,
    "head_dim": 128,
    "main_head_dim": 512,
    "main_heads": 64,
    "n_heads": 64,
    "seq_len": 4096,
    "topk": 512
  },
  "status": "passed",
  "timing": {
    "cuda_event": {
      "enabled": true,
      "max_ms": 220.4075927734375,
      "mean_ms": 214.29517618815103,
      "median_ms": 220.17543029785156,
      "min_ms": 202.30250549316406,
      "samples_ms": [
        220.4075927734375,
        202.30250549316406,
        220.17543029785156
      ],
      "stdev_ms": 10.386606166239632
    },
    "peak_memory_allocated_bytes": 2336018432,
    "peak_memory_allocated_gib": 2.175586700439453,
    "timed_iters": 3,
    "wall": {
      "enabled": true,
      "max_ms": 220.4704659525305,
      "mean_ms": 214.3402856308967,
      "median_ms": 220.19760694820434,
      "min_ms": 202.35278399195522,
      "samples_ms": [
        220.4704659525305,
        202.35278399195522,
        220.19760694820434
      ],
      "stdev_ms": 10.382377361027615
    },
    "warmup_iters": 1
  },
  "triton_grad_norms": {
    "index_k": 3.128948810626753e-05,
    "index_q": 3.094059866270982e-05,
    "weights": 2.7355428755981848e-05
  }
}
