{
  "force_mori_mbs2_completed": {
    "backward_calls_by_rank": {
      "0": 48,
      "1": 48,
      "2": 48,
      "3": 48,
      "4": 48,
      "5": 48,
      "6": 48,
      "7": 48
    },
    "forward_calls_by_rank": {
      "0": 48,
      "1": 48,
      "2": 48,
      "3": 48,
      "4": 48,
      "5": 48,
      "6": 48,
      "7": 48
    },
    "local_vjp_detail_rank_totals_ms": {
      "local_aiter_compact_vjp.dgrad_swiglu": {
        "count": 8,
        "max": 76.11445689201355,
        "mean": 74.5296795964241,
        "min": 72.79820203781128,
        "p50": 74.65059459209442,
        "p95": 75.9230772614479
      },
      "local_aiter_compact_vjp.dtopk_weight": {
        "count": 8,
        "max": 51.08576810359955,
        "mean": 50.92466174066067,
        "min": 50.819100856781006,
        "p50": 50.895744144916534,
        "p95": 51.06705605983734
      },
      "local_aiter_compact_vjp.forward_recompute": {
        "count": 8,
        "max": 239.14644765853882,
        "mean": 234.75995177030563,
        "min": 232.66544723510742,
        "p50": 233.75015926361084,
        "p95": 238.3883984327316
      },
      "local_aiter_compact_vjp.gather_scale": {
        "count": 8,
        "max": 47.587265849113464,
        "mean": 47.32680182904005,
        "min": 47.075813949108124,
        "p50": 47.359851479530334,
        "p95": 47.545853519439696
      },
      "local_aiter_compact_vjp.prepare_ops": {
        "count": 8,
        "max": 0.3423239993862808,
        "mean": 0.3155838754028082,
        "min": 0.30440400168299675,
        "p50": 0.3102430000435561,
        "p95": 0.33962234975770117
      },
      "local_aiter_compact_vjp.route_pack": {
        "count": 8,
        "max": 9.857560008764267,
        "mean": 8.618675120174885,
        "min": 7.958973988890648,
        "p50": 8.558804497122765,
        "p95": 9.531299787759782
      },
      "local_aiter_compact_vjp.sort_counts": {
        "count": 8,
        "max": 28.690267145633698,
        "mean": 26.889047019183636,
        "min": 25.157413005828857,
        "p50": 26.775969058275223,
        "p95": 28.462752696871757
      },
      "local_aiter_compact_vjp.wgrad": {
        "count": 8,
        "max": 242.27708911895752,
        "mean": 235.26928454637527,
        "min": 232.3465142250061,
        "p50": 234.7241244316101,
        "p95": 240.19162549972535
      },
      "local_aiter_compact_vjp.xgrad": {
        "count": 8,
        "max": 188.5860424041748,
        "mean": 185.07095500826836,
        "min": 183.60296988487244,
        "p50": 184.30814373493195,
        "p95": 187.94163821935655
      }
    },
    "logged_steps_unique": [
      {
        "grad_norm": 9.9375,
        "loss": 12.29009,
        "memory_gib": 99.85,
        "mfu_percent": 3.73,
        "step": 1,
        "tflops_per_gpu": 86.13,
        "tok_per_gpu_s": 1701.0
      },
      {
        "grad_norm": 9.9375,
        "loss": 12.29009,
        "memory_gib": 99.85,
        "mfu_percent": 3.73,
        "step": 1,
        "tflops_per_gpu": 86.17,
        "tok_per_gpu_s": 1702.0
      },
      {
        "grad_norm": 9.9375,
        "loss": 12.29009,
        "memory_gib": 99.85,
        "mfu_percent": 3.73,
        "step": 1,
        "tflops_per_gpu": 86.15,
        "tok_per_gpu_s": 1701.0
      },
      {
        "grad_norm": 9.9375,
        "loss": 12.29009,
        "memory_gib": 99.85,
        "mfu_percent": 3.73,
        "step": 1,
        "tflops_per_gpu": 86.21,
        "tok_per_gpu_s": 1703.0
      },
      {
        "grad_norm": 9.9375,
        "loss": 12.29009,
        "memory_gib": 99.85,
        "mfu_percent": 3.73,
        "step": 1,
        "tflops_per_gpu": 86.2,
        "tok_per_gpu_s": 1702.0
      },
      {
        "grad_norm": 9.9375,
        "loss": 12.29009,
        "memory_gib": 99.85,
        "mfu_percent": 3.73,
        "step": 1,
        "tflops_per_gpu": 86.16,
        "tok_per_gpu_s": 1702.0
      },
      {
        "grad_norm": 69.0,
        "loss": 11.21849,
        "memory_gib": 136.95,
        "mfu_percent": 9.91,
        "step": 2,
        "tflops_per_gpu": 228.93,
        "tok_per_gpu_s": 4522.0
      },
      {
        "grad_norm": 69.0,
        "loss": 11.21849,
        "memory_gib": 136.95,
        "mfu_percent": 9.91,
        "step": 2,
        "tflops_per_gpu": 228.93,
        "tok_per_gpu_s": 4521.0
      }
    ],
    "max_call_id": 384,
    "ranks": [
      0,
      1,
      2,
      3,
      4,
      5,
      6,
      7
    ],
    "route_stats": {
      "grad_recv_count": {
        "count": 384,
        "max": 9216.0,
        "mean": 9216.0,
        "min": 9216.0,
        "p50": 9216.0,
        "p95": 9216.0
      },
      "local_vjp_assignments": {
        "count": 384,
        "max": 49152.0,
        "mean": 49152.0,
        "min": 49152.0,
        "p50": 49152.0,
        "p95": 49152.0
      },
      "local_vjp_max_count": {
        "count": 384,
        "max": 1536.0,
        "mean": 1536.0,
        "min": 1536.0,
        "p50": 1536.0,
        "p95": 1536.0
      },
      "local_vjp_mean_count_per_expert": {
        "count": 384,
        "max": 1536.0,
        "mean": 1536.0,
        "min": 1536.0,
        "p50": 1536.0,
        "p95": 1536.0
      },
      "local_vjp_min_count_nonzero": {
        "count": 384,
        "max": 1536.0,
        "mean": 1536.0,
        "min": 1536.0,
        "p50": 1536.0,
        "p95": 1536.0
      },
      "local_vjp_nonempty_experts": {
        "count": 384,
        "max": 32.0,
        "mean": 32.0,
        "min": 32.0,
        "p50": 32.0,
        "p95": 32.0
      },
      "local_vjp_padding_multiplier": {
        "count": 384,
        "max": 1.0,
        "mean": 1.0,
        "min": 1.0,
        "p50": 1.0,
        "p95": 1.0
      },
      "recv_count": {
        "count": 384,
        "max": 9216.0,
        "mean": 9216.0,
        "min": 9216.0,
        "p50": 9216.0,
        "p95": 9216.0
      }
    },
    "rows": 3072,
    "selected_window": "step2",
    "stage_rank_totals_ms": {
      "backward.align_grad_output": {
        "count": 8,
        "max": 2.1925819870084524,
        "mean": 2.111169242532924,
        "min": 2.059979986399412,
        "p50": 2.1027894923463464,
        "p95": 2.178889636974782
      },
      "backward.combine_dx.call": {
        "count": 8,
        "max": 57.214298367500305,
        "mean": 48.686769761145115,
        "min": 35.53361815214157,
        "p50": 51.89605984091759,
        "p95": 55.93335216045379
      },
      "backward.combine_dx.prepare_full": {
        "count": 8,
        "max": 5.325708016753197,
        "mean": 5.247829630970955,
        "min": 5.195624999701977,
        "p50": 5.230184514075518,
        "p95": 5.316090358793735
      },
      "backward.combine_dx.slice_contiguous": {
        "count": 8,
        "max": 0.2504419977776706,
        "mean": 0.22910799755482003,
        "min": 0.2200009971857071,
        "p50": 0.22334349621087313,
        "p95": 0.24968599821440873
      },
      "backward.dispatch_grad_output.call": {
        "count": 8,
        "max": 126.20525646209717,
        "mean": 110.95779885351658,
        "min": 91.23344540596008,
        "p50": 111.17966175079346,
        "p95": 124.81103717684746
      },
      "backward.dtopk_dense_allreduce.all_reduce": {
        "count": 8,
        "max": 12.13637800514698,
        "mean": 10.360134620219469,
        "min": 8.241696000099182,
        "p50": 10.24626549333334,
        "p95": 11.91496833562851
      },
      "backward.dtopk_dense_allreduce.prepare": {
        "count": 8,
        "max": 8.389861077070236,
        "mean": 7.349377507343888,
        "min": 6.821996986865997,
        "p50": 7.220768012106419,
        "p95": 8.160805653035641
      },
      "backward.dtopk_dense_allreduce.slice": {
        "count": 8,
        "max": 0.3851649984717369,
        "mean": 0.2595882479217835,
        "min": 0.21452199993655086,
        "p50": 0.24106149817816913,