{
  "device": "cuda",
  "dtype": "bfloat16",
  "environment": {
    "TORCHTITAN_DSV4_TRITON_SPARSE_MQA_BLOCK_D": "128",
    "TORCHTITAN_DSV4_TRITON_SPARSE_MQA_BLOCK_H": "16",
    "TORCHTITAN_DSV4_TRITON_SPARSE_MQA_BLOCK_N": "128"
  },
  "lse_atol": 0.02,
  "max_lse_abs_diff": null,
  "max_output_abs_diff": null,
  "output_atol": 0.02,
  "output_checksum": 0.0015139507595449686,
  "requires_grad": false,
  "scope": "synthetic_shared_kv_sparse_mqa_triton_forward",
  "seed": 1234,
  "shape": {
    "batch": 1,
    "compress_ratio": 4,
    "compressed_groups": 1024,
    "csa_count": 512,
    "dim": 512,
    "heads": 64,
    "kv_len": 5120,
    "local_count": 128,
    "selected_count": 640,
    "seq_len": 4096
  },
  "skip_correctness": true,
  "status": "passed",
  "timing": {
    "cuda_event": {
      "enabled": true,
      "max_ms": 7.015316009521484,
      "mean_ms": 2.268850600719452,
      "median_ms": 1.7513189911842346,
      "min_ms": 1.6550179719924927,
      "samples_ms": [
        1.7694189548492432,
        1.944780945777893,
        1.7327790260314941,
        1.7182190418243408,
        1.6986180543899536,
        1.6917779445648193,
        1.671138048171997,
        1.6653779745101929,
        1.6563780307769775,
        1.6550179719924927,
        6.903675079345703,
        1.7627389430999756,
        7.015316009521484,
        1.780940055847168,
        1.8426599502563477,
        1.8408199548721313,
        1.7913390398025513,
        1.7566989660263062,
        1.745939016342163,
        1.7333790063858032
      ],
      "stdev_ms": 1.6058547616590158
    },
    "iters": 20,
    "peak_memory_allocated_bytes": 832569856,
    "peak_memory_allocated_gib": 0.7753911018371582,
    "wall": {
      "enabled": true,
      "max_ms": 7.02965899836272,
      "mean_ms": 2.2852740134112537,
      "median_ms": 1.7654220573604107,
      "min_ms": 1.6718519618734717,
      "samples_ms": [
        1.80277309846133,
        1.960861962288618,
        1.7500820104032755,
        1.7327630193904042,
        1.7133019864559174,
        1.7072419868782163,
        1.6841619508340955,
        1.6788829816505313,
        1.6848919913172722,
        1.6718519618734717,
        6.918389000929892,
        1.776582095772028,
        7.02965899836272,
        1.7997020622715354,
        1.8561329925432801,
        1.8553619738668203,
        1.8050030339509249,
        1.7705820500850677,
        1.7602620646357536,
        1.7469930462539196
      ],
      "stdev_ms": 1.605192930014924
    },
    "warmup_iters": 5
  }
}
