{
  "attention_dims": {
    "compress_ratio": 4,
    "dsa_indexer_topk": 512,
    "kv_lora_rank": 512,
    "n_heads": 64,
    "qk_head_dim": 512,
    "qk_nope_head_dim": 448,
    "qk_rope_head_dim": 64,
    "v_head_dim": 512,
    "window_size": 128
  },
  "attribution_timing": {
    "captured_shapes": {
      "attn_sink": [
        64
      ],
      "indices": [
        1,
        4096,
        640
      ],
      "kv_bank": [
        1,
        5120,
        512
      ],
      "q": [
        1,
        4096,
        64,
        512
      ],
      "shared_out": [
        1,
        4096,
        64,
        512
      ]
    },
    "combined_shared_kv_plus_output_projection_median_ms": 21.163944482803345,
    "derived_from_full_boundary": {
      "full_boundary_fwd_bwd_median_ms": 23.363208770751953,
      "full_minus_shared_kv_and_output_projection_median_ms": 2.1992642879486084,
      "full_minus_shared_kv_median_ms": 5.523853302001953
    },
    "enabled": true,
    "loss_contract": "square_mean_loss_on_component_output",
    "output_projection_fwd_bwd": {
      "cuda_event": {
        "enabled": true,
        "max_ms": 3.484550952911377,
        "mean_ms": 3.356229623158773,
        "median_ms": 3.3245890140533447,
        "min_ms": 3.2595489025115967,
        "samples_ms": [
          3.2595489025115967,
          3.484550952911377,
          3.3245890140533447
        ],
        "stdev_ms": 0.11579001157029128
      },
      "enabled": true,
      "loss": 0.0009755899664014578,
      "peak_memory_allocated_bytes": 2725258752,
      "peak_memory_allocated_gib": 2.538094997406006,
      "timed_iters": 3,
      "wall": {
        "enabled": true,
        "max_ms": 3.5172499483451247,
        "mean_ms": 3.394003647069136,
        "median_ms": 3.3541700104251504,
        "min_ms": 3.310590982437134,
        "samples_ms": [
          3.310590982437134,
          3.5172499483451247,
          3.3541700104251504
        ],
        "stdev_ms": 0.10893585729113194
      },
      "warmup_iters": 1
    },
    "selected_count": 640,
    "shared_kv_fwd_bwd": {
      "cuda_event": {
        "enabled": true,
        "max_ms": 17.8626766204834,
        "mean_ms": 17.839569091796875,
        "median_ms": 17.83935546875,
        "min_ms": 17.816675186157227,
        "samples_ms": [
          17.83935546875,
          17.816675186157227,
          17.8626766204834
        ],
        "stdev_ms": 0.023001461173605756
      },
      "enabled": true,
      "loss": 0.002938839141279459,
      "peak_memory_allocated_bytes": 5069349888,
      "peak_memory_allocated_gib": 4.721199989318848,
      "timed_iters": 3,
      "wall": {
        "enabled": true,
        "max_ms": 17.89988891687244,
        "mean_ms": 17.879851977340877,
        "median_ms": 17.889018985442817,
        "min_ms": 17.850648029707372,
        "samples_ms": [
          17.889018985442817,
          17.850648029707372,
          17.89988891687244
        ],
        "stdev_ms": 0.02586874118229482
      },
      "warmup_iters": 1
    },
    "timed_iters": 3,
    "warmup_iters": 1
  },
  "backend": {
    "backend_kind": "experimental_sparse_mla_shared_kv_triton_forward_explicit_backward",
    "backend_name": "deepseek_v4_sparse_mla_shared_kv_triton_forward_explicit_backward",
    "backend_path": "sparse_mla_shared_kv_triton_forward_backend.py",
    "module": null
  },
  "backward": {
    "attn_sink_grad_norm": 8.562428774894215e-06,
    "enabled": true,
    "input_grad_norm": 2.2255813746596687e-05,
    "loss": 0.0009755899664014578
  },
  "backward_timing": {
    "attn_sink_grad_norm": 8.562428774894215e-06,
    "backward_mode_env": "TORCHTITAN_DSV4_SPARSE_MLA_SHAREDKV_BACKWARD_MODE",
    "backward_mode_value": "query_recompute",
    "cuda_event": {
      "enabled": true,
      "max_ms": 23.444448471069336,
      "mean_ms": 23.364115397135418,
      "median_ms": 23.363208770751953,
      "min_ms": 23.28468894958496,
      "samples_ms": [
        23.444448471069336,
        23.363208770751953,
        23.28468894958496
      ],
      "stdev_ms": 0.07988361943964803
    },
    "enabled": true,
    "input_grad_norm": 2.2255813746596687e-05,
    "loss": 0.0009755899664014578,
    "peak_memory_allocated_bytes": 3975725056,
    "peak_memory_allocated_gib": 3.7026824951171875,
    "timed_iters": 3,
    "wall": {
      "enabled": true,
      "max_ms": 23.515644017606974,
      "mean_ms": 23.41648334792505,
      "median_ms": 23.40610302053392,
      "min_ms": 23.32770300563425,
      "samples_ms": [
        23.515644017606974,
        23.40610302053392,
        23.32770300563425
      ],
      "stdev_ms": 0.0943995200882572
    },
    "warmup_iters": 1
  },
  "batch": 1,
  "boundary": {
    "aux_loss": null,
    "compressed_x_shape": [
      1,
      1024,
      4096
    ],
    "index_scores_shape": [
      1,
      4096,
      1024
    ],
    "indices_shape": [
      1,
      4096,
      640
    ],
    "kv_bank_shape": [
      1,
      5120,
      512
    ],
    "kv_compressed_shape": [
      1,
      1024,
      512
    ],
    "kv_shared_shape": [
      1,
      4096,
      512
    ],
    "q_shape": [
      1,
      4096,
      64,
      512
    ],
    "selected_count": 640,
    "stage_records": [],
    "stage_total_wall_ms": null,
    "top_scores_shape": [
      1,
      4096,
      512
    ],
    "topk": 512,
    "window": 128
  },
  "device": "cuda",
  "dtype": "bfloat16",
  "flavor": "flash_4layer",
  "layer_id": 2,
  "model_dim": 4096,
  "output_checksum": 0.00012211676221340895,
  "output_shape": [
    1,
    4096,
    4096
  ],
  "projection_mode": "Self-contained TorchTitan-shape q path plus shared kv_norm(wkv_a(x)[:kv_lora_rank]) with the final qk_rope_head_dim positions replaced by rotated k_pe; wkv_b is intentionally bypassed because it expands to per-head K/V.",
  "promotion_read": "This is a boundary/integration probe, not a production model path. It measures the TorchTitan-shape q/wkv_a/RoPE/LightningIndexer/compression/shared-KV sparse MLA/wo overhead without importing the full TorchTitan package stack in the older SGLang image. The real model still needs an explicit shared latent-KV projection contract, attn_sink parameter, and fused backward.",
  "scope": "torchtitan_dsv4_sparse_mla_shared_kv_attention_boundary_probe",
  "seed": 1234,
  "seq_len": 4096,
  "status": "passed",
  "timing": {
    "cuda_event": {
      "enabled": true,
      "max_ms": 4.501200199127197,
      "mean_ms": 4.367532094319661,
      "median_ms": 4.494760036468506,
      "min_ms": 4.106636047363281,
      "samples_ms": [
        4.501200199127197,
        4.494760036468506,
        4.106636047363281
      ],
      "stdev_ms": 0.22596554917037
    },
    "enabled": true,
    "peak_memory_allocated_bytes": 3875060224,
    "peak_memory_allocated_gib": 3.608931064605713,
    "timed_iters": 3,
    "wall": {
      "enabled": true,
      "max_ms": 4.549277946352959,
      "mean_ms": 4.404300979028146,
      "median_ms": 4.519346985034645,
      "min_ms": 4.144278005696833,
      "samples_ms": [
        4.549277946352959,
        4.519346985034645,
        4.144278005696833
      ],
      "stdev_ms": 0.22568324174914245
    },
    "warmup_iters": 1
  }
}
