{
  "device": "cuda",
  "dtype": "bf16",
  "kernel": {
    "avoided_materialized_selected_index_k_bytes": 536870912,
    "block_d": 128,
    "block_h": 64,
    "block_k": 512,
    "dot_block_d": 64,
    "logical_flops": 51522830336,
    "logical_tflops_at_event_median": 19.030583847090053,
    "mode": "k",
    "read": "Given upstream d_index_logits, this probe recomputes gathered LI head logits inside Triton dot tiles and produces gradients for index_q, index_k, and LI weights without writing selected [B,S,K,D] key-index rows. It is a backward slice, not the full SparseLightningIndexerGradKLLoss, because target-prob and KL derivative construction are supplied upstream.",
    "uses_tl_dot": true,
    "workspace": {
      "d_index_k_bytes": 524288,
      "d_index_q_bytes": 134217728,
      "d_weights_bytes": 1048576,
      "head_logits_materialized_bytes": 0,
      "selected_index_k_materialized_bytes": 0,
      "valid_edges": 1572352
    }
  },
  "max_abs_diff": null,
  "reference": null,
  "scope": "triton_gathered_mfma_li_index_backward_probe",
  "seed": 1234,
  "shape": {
    "batch": 1,
    "compress_ratio": 4,
    "groups": 1024,
    "head_dim": 128,
    "index_pattern": "shifted",
    "n_heads": 64,
    "seq_len": 4096,
    "topk": 512,
    "valid_edges": 1572352
  },
  "status": "passed",
  "timing": {
    "cuda_event": {
      "enabled": true,
      "max_ms": 2.8952128887176514,
      "mean_ms": 2.727478265762329,
      "median_ms": 2.7073699235916138,
      "min_ms": 2.6962099075317383,
      "samples_ms": [
        2.8952128887176514,
        2.7412099838256836,
        2.7097699642181396,
        2.7126901149749756,
        2.7013299465179443,
        2.700050115585327,
        2.6962099075317383,
        2.700969934463501,
        2.704969882965088,
        2.712369918823242
      ],
      "stdev_ms": 0.06028365034081925
    },
    "peak_memory_allocated_bytes": 364642304,
    "peak_memory_allocated_gib": 0.339599609375,
    "timed_iters": 10,
    "wall": {
      "enabled": true,
      "max_ms": 2.9380510095506907,
      "mean_ms": 2.7496517868712544,
      "median_ms": 2.7260464848950505,
      "min_ms": 2.719260985031724,
      "samples_ms": [
        2.9380510095506907,
        2.762260031886399,
        2.7284310199320316,
        2.73316097445786,
        2.722090925090015,
        2.719260985031724,
        2.719520009122789,
        2.7194609865546227,
        2.7236619498580694,
        2.7306199772283435
      ],
      "stdev_ms": 0.06742551000177245
    },
    "warmup_iters": 2
  },
  "triton_grad_norms": {
    "index_k": 80091.9375,
    "index_q": 0.0,
    "weights": 0.0
  }
}
