{
  "device": "cuda",
  "dtype": "bfloat16",
  "environment": {
    "TORCHTITAN_DSV4_TRITON_SPARSE_MQA_BLOCK_D": "128",
    "TORCHTITAN_DSV4_TRITON_SPARSE_MQA_BLOCK_H": "32",
    "TORCHTITAN_DSV4_TRITON_SPARSE_MQA_BLOCK_N": "256"
  },
  "lse_atol": 0.02,
  "max_lse_abs_diff": null,
  "max_output_abs_diff": null,
  "output_atol": 0.02,
  "output_checksum": 0.0015139422612264752,
  "requires_grad": false,
  "scope": "synthetic_shared_kv_sparse_mqa_triton_forward",
  "seed": 1234,
  "shape": {
    "batch": 1,
    "compress_ratio": 4,
    "compressed_groups": 1024,
    "csa_count": 512,
    "dim": 512,
    "heads": 64,
    "kv_len": 5120,
    "local_count": 128,
    "selected_count": 640,
    "seq_len": 4096
  },
  "skip_correctness": true,
  "status": "passed",
  "timing": {
    "cuda_event": {
      "enabled": true,
      "max_ms": 15.768988609313965,
      "mean_ms": 15.38822333017985,
      "median_ms": 15.439104080200195,
      "min_ms": 14.95657730102539,
      "samples_ms": [
        15.768988609313965,
        15.439104080200195,
        14.95657730102539
      ],
      "stdev_ms": 0.40858863359222664
    },
    "iters": 3,
    "peak_memory_allocated_bytes": 832569856,
    "peak_memory_allocated_gib": 0.7753911018371582,
    "wall": {
      "enabled": true,
      "max_ms": 15.831885975785553,
      "mean_ms": 15.422726360460123,
      "median_ms": 15.457687084563076,
      "min_ms": 14.978606021031737,
      "samples_ms": [
        15.831885975785553,
        15.457687084563076,
        14.978606021031737
      ],
      "stdev_ms": 0.42771294049691877
    },
    "warmup_iters": 1
  }
}
