{
  "backend_path": "sources/wip/torchtitan/torchtitan/models/deepseek_v4/sparse_mla_shared_kv_triton_forward_backend.py",
  "correctness": {
    "candidate_norm": 1378.1890869140625,
    "dkv_atol": 0.1,
    "max_abs_diff": 0.045125484466552734,
    "mean_abs_diff": 0.00077134242746979,
    "passed": true,
    "reference_norm": 1378.19921875
  },
  "device": "cuda",
  "dtype": "bfloat16",
  "read": "This isolates the hard dKV side of sparse MLA backward. The candidate recomputes QK, dO.V, probabilities, and grad logits inside the tile, then atomic-adds directly into shared latent KV gradients. It intentionally avoids materialized selected KV, probs, grad_logits, and grad_selected tensors.",
  "scope": "sparse_mla_shared_latent_kv_backward_dkv_recompute_triton_probe",
  "seed": 1234,
  "shape": {
    "batch": 1,
    "compressed_groups": 1024,
    "csa_count": 512,
    "dim": 512,
    "heads": 64,
    "kv_len": 5120,
    "local_count": 128,
    "materialized_probs_fp32_gib": 0.625,
    "materialized_shared_selected_kv_fp32_gib": 5.0,
    "selected_count": 640,
    "seq_len": 4096
  },
  "status": "passed",
  "tile": {
    "block_d": 512,
    "block_h": 64,
    "block_m": 16
  },
  "timing": {
    "triton_dkv_recompute": {
      "checksum_norm": 1378.1890869140625,
      "event": {
        "enabled": true,
        "max_ms": 16.43352508544922,
        "mean_ms": 16.381953557332356,
        "median_ms": 16.363807678222656,
        "min_ms": 16.348527908325195,
        "samples_ms": [
          16.43352508544922,
          16.348527908325195,
          16.363807678222656
        ],
        "stdev_ms": 0.04531097798835347
      },
      "label": "triton_dkv_recompute",
      "peak_memory_allocated_bytes": 922749440,
      "peak_memory_allocated_gib": 0.859377384185791,
      "wall": {
        "enabled": true,
        "max_ms": 16.471862909384072,
        "mean_ms": 16.420860270348687,
        "median_ms": 16.41078293323517,
        "min_ms": 16.379934968426824,
        "samples_ms": [
          16.471862909384072,
          16.41078293323517,
          16.379934968426824
        ],
        "stdev_ms": 0.046785159234894846
      }
    }
  }
}
