{
  "device": "cuda",
  "dtype": "bf16",
  "kernel": {
    "avoided_materialized_selected_index_k_bytes": 536870912,
    "block_d": 64,
    "block_h": 64,
    "block_k": 64,
    "dot_block_d": 64,
    "logical_flops": 51522830336,
    "logical_tflops_at_event_median": 15.6700986798837,
    "mode": "q_w",
    "read": "Given upstream d_index_logits, this probe recomputes gathered LI head logits inside Triton dot tiles and produces gradients for index_q, index_k, and LI weights without writing selected [B,S,K,D] key-index rows. It is a backward slice, not the full SparseLightningIndexerGradKLLoss, because target-prob and KL derivative construction are supplied upstream.",
    "uses_tl_dot": true,
    "workspace": {
      "d_index_k_bytes": 524288,
      "d_index_q_bytes": 134217728,
      "d_weights_bytes": 1048576,
      "head_logits_materialized_bytes": 0,
      "selected_index_k_materialized_bytes": 0,
      "valid_edges": 1572352
    }
  },
  "max_abs_diff": null,
  "reference": null,
  "scope": "triton_gathered_mfma_li_index_backward_probe",
  "seed": 1234,
  "shape": {
    "batch": 1,
    "compress_ratio": 4,
    "groups": 1024,
    "head_dim": 128,
    "index_pattern": "shifted",
    "n_heads": 64,
    "seq_len": 4096,
    "topk": 512,
    "valid_edges": 1572352
  },
  "status": "passed",
  "timing": {
    "cuda_event": {
      "enabled": true,
      "max_ms": 3.426590919494629,
      "mean_ms": 3.2967285752296447,
      "median_ms": 3.287971019744873,
      "min_ms": 3.283350944519043,
      "samples_ms": [
        3.426590919494629,
        3.299109935760498,
        3.302870988845825,
        3.293431043624878,
        3.284709930419922,
        3.297390937805176,
        3.2876710891723633,
        3.285710096359253,
        3.2922708988189697,
        3.297390937805176,
        3.283869981765747,
        3.2945499420166016,
        3.283350944519043,
        3.285629987716675,
        3.287471055984497,
        3.288270950317383,
        3.2845499515533447,
        3.2838709354400635,
        3.2851109504699707,
        3.290750026702881
      ],
      "stdev_ms": 0.031120272626017416
    },
    "peak_memory_allocated_bytes": 364642304,
    "peak_memory_allocated_gib": 0.339599609375,
    "timed_iters": 20,
    "wall": {
      "enabled": true,
      "max_ms": 3.466763999313116,
      "mean_ms": 3.3169172995258123,
      "median_ms": 3.30918503459543,
      "min_ms": 3.3012760104611516,
      "samples_ms": [
        3.466763999313116,
        3.317994996905327,
        3.3205150393769145,
        3.312414977699518,
        3.3026949968189,
        3.3157640136778355,
        3.3061549765989184,
        3.309265011921525,
        3.3104351023212075,
        3.3160949824377894,
        3.3042250433936715,
        3.3130240626633167,
        3.3016749657690525,
        3.309105057269335,
        3.305364982225001,
        3.308804938569665,
        3.304004902020097,
        3.3012760104611516,
        3.303393954411149,
        3.309373976662755
      ],
      "stdev_ms": 0.03571018808563405
    },
    "warmup_iters": 3
  },
  "triton_grad_norms": {
    "index_k": 0.0,
    "index_q": 80530.125,
    "weights": 80321.9921875
  }
}
