{
  "deferred_forward_loss": 0.0,
  "deferred_grad_norms": {
    "index_k": 0.0009135973523370922,
    "index_q": 0.0009185621747747064,
    "weights": 0.000768651079852134
  },
  "device": "cuda",
  "direct_grad_norms": {
    "index_k": 0.0009141559712588787,
    "index_q": 0.0009185621165670455,
    "weights": 0.000768651079852134
  },
  "direct_loss": 0.016752004623413086,
  "dtype": "bfloat16",
  "grad_max_abs_diff": {
    "index_k": 9.5367431640625e-07,
    "index_q": 7.450580596923828e-09,
    "weights": 0.0
  },
  "li_kl_chunk_size": 16,
  "li_kl_chunk_size_arg": 16,
  "max_grad_diff": 9.5367431640625e-07,
  "parity_skipped": false,
  "read": "The deferred Ascend-style public wrapper intentionally returns a zero scalar in forward, then recomputes the selected sparse LI KL objective in backward and matches the direct oracle parameter gradients.",
  "scope": "torchtitan_deepseek_v4_deferred_sparse_li_kl_loss",
  "seed": 1234,
  "shape": {
    "batch": 1,
    "compress_ratio": 4,
    "dim": 4096,
    "groups": 32,
    "head_dim": 128,
    "main_head_dim": 512,
    "main_heads": 64,
    "n_heads": 64,
    "q_lora_rank": 1024,
    "seq_len": 128,
    "topk": 32
  },
  "status": "passed",
  "timing": {
    "cuda_event": {
      "enabled": true,
      "max_ms": 7.78463077545166,
      "mean_ms": 7.601389249165853,
      "median_ms": 7.530628204345703,
      "min_ms": 7.488908767700195,
      "samples_ms": [
        7.78463077545166,
        7.530628204345703,
        7.488908767700195
      ],
      "stdev_ms": 0.16005692913825625
    },
    "enabled": true,
    "forward_loss": 0.0,
    "grad_norms": {
      "index_k": 0.0009136003209277987,
      "index_q": 0.0009185621747747064,
      "weights": 0.000768651079852134
    },
    "li_kl_chunk_size": 16,
    "li_kl_chunk_size_arg": 16,
    "li_kl_chunk_size_env": null,
    "li_kl_max_selected_main_k_elements_env": null,
    "peak_memory_allocated_bytes": 348645888,
    "peak_memory_allocated_gib": 0.32470178604125977,
    "read": "This times the current public Ascend-style wrapper's forward plus backward path. Forward is a dummy zero scalar; backward recomputes the selected sparse LI KL oracle in PyTorch.",
    "timed_iters": 3,
    "wall": {
      "enabled": true,
      "max_ms": 7.844325038604438,
      "mean_ms": 7.642608679210146,
      "median_ms": 7.566384971141815,
      "min_ms": 7.517116027884185,
      "samples_ms": [
        7.844325038604438,
        7.566384971141815,
        7.517116027884185
      ],
      "stdev_ms": 0.1764198810448989
    },
    "warmup_iters": 1
  },
  "top_indices_equal": true,
  "top_indices_shape": [
    1,
    128,
    32
  ]
}
