{
  "device": "cuda",
  "dtype": "bf16",
  "kernel": {
    "avoided_materialized_selected_index_k_bytes": 536870912,
    "block_d": 64,
    "block_h": 64,
    "block_k": 64,
    "dot_block_d": 64,
    "logical_flops": 51522830336,
    "logical_tflops_at_event_median": 13.443071366584364,
    "mode": "k",
    "read": "Given upstream d_index_logits, this probe recomputes gathered LI head logits inside Triton dot tiles and produces gradients for index_q, index_k, and LI weights without writing selected [B,S,K,D] key-index rows. It is a backward slice, not the full SparseLightningIndexerGradKLLoss, because target-prob and KL derivative construction are supplied upstream.",
    "uses_tl_dot": true,
    "workspace": {
      "d_index_k_bytes": 524288,
      "d_index_q_bytes": 134217728,
      "d_weights_bytes": 1048576,
      "head_logits_materialized_bytes": 0,
      "selected_index_k_materialized_bytes": 0,
      "valid_edges": 1572352
    }
  },
  "max_abs_diff": null,
  "reference": null,
  "scope": "triton_gathered_mfma_li_index_backward_probe",
  "seed": 1234,
  "shape": {
    "batch": 1,
    "compress_ratio": 4,
    "groups": 1024,
    "head_dim": 128,
    "index_pattern": "shifted",
    "n_heads": 64,
    "seq_len": 4096,
    "topk": 512,
    "valid_edges": 1572352
  },
  "status": "passed",
  "timing": {
    "cuda_event": {
      "enabled": true,
      "max_ms": 3.9917290210723877,
      "mean_ms": 3.816880488395691,
      "median_ms": 3.8326680660247803,
      "min_ms": 3.58512806892395,
      "samples_ms": [
        3.9835689067840576,
        3.8078880310058594,
        3.9917290210723877,
        3.712968111038208,
        3.775528907775879,
        3.857448101043701,
        3.860008955001831,
        3.6564478874206543,
        3.938088893890381,
        3.58512806892395
      ],
      "stdev_ms": 0.13686599880446726
    },
    "peak_memory_allocated_bytes": 364642304,
    "peak_memory_allocated_gib": 0.339599609375,
    "timed_iters": 10,
    "wall": {
      "enabled": true,
      "max_ms": 4.028236959129572,
      "mean_ms": 3.8390715955756605,
      "median_ms": 3.85223695775494,
      "min_ms": 3.60526901204139,
      "samples_ms": [
        4.028236959129572,
        3.8282269379124045,
        4.011295968666673,
        3.7338089896366,
        3.7967469543218613,
        3.876246977597475,
        3.8783890195190907,
        3.6756180925294757,
        3.956877044402063,
        3.60526901204139
      ],
      "stdev_ms": 0.1400875344893834
    },
    "warmup_iters": 2
  },
  "triton_grad_norms": {
    "index_k": 80091.9375,
    "index_q": 0.0,
    "weights": 0.0
  }
}
