{
  "backend_path": "sources/wip/torchtitan/torchtitan/models/deepseek_v4/sparse_mla_shared_kv_triton_forward_backend.py",
  "device": "cuda",
  "dtype": "bfloat16",
  "peak_memory_allocated_bytes": 11953242624,
  "peak_memory_allocated_gib": 11.132324695587158,
  "read": "This profiles the explicit backward math currently used by sparse_mla_shared_kv. It intentionally materializes selected KV and probability tensors to expose which parts need fused Triton/HIP replacement first. scatter_impl=backend uses the loaded backend scatter path, including its Triton atomic CUDA prototype when enabled by the backend.",
  "scatter_impl": "backend_fused_selected",
  "scope": "sparse_mla_shared_latent_kv_explicit_backward_component_profile",
  "seed": 1234,
  "shape": {
    "batch": 1,
    "compressed_groups": 1024,
    "csa_count": 512,
    "dim": 512,
    "heads": 64,
    "kv_len": 5120,
    "local_count": 128,
    "materialized_probs_fp32_gib": 0.625,
    "materialized_shared_selected_kv_fp32_gib": 5.0,
    "output_bf16_gib": 0.25,
    "selected_count": 640,
    "seq_len": 4096
  },
  "status": "passed",
  "timed_iters": 2,
  "timing": {
    "by_component": {
      "forward_with_lse": {
        "enabled": true,
        "max_ms": 2.0038158893585205,
        "mean_ms": 1.9142754673957825,
        "median_ms": 1.9142754673957825,
        "min_ms": 1.8247350454330444,
        "samples_ms": [
          2.0038158893585205,
          1.8247350454330444
        ],
        "stdev_ms": 0.12662927912031388
      },
      "fused_selected_grad_scatter": {
        "enabled": true,
        "max_ms": 14.518755912780762,
        "mean_ms": 14.436569690704346,
        "median_ms": 14.436569690704346,
        "min_ms": 14.35438346862793,
        "samples_ms": [
          14.518755912780762,
          14.35438346862793
        ],
        "stdev_ms": 0.1162288699006746
      },
      "gather_selected_kv_fp32": {
        "enabled": true,
        "max_ms": 3.5603089332580566,
        "mean_ms": 3.3659069538116455,
        "median_ms": 3.3659069538116455,
        "min_ms": 3.1715049743652344,
        "samples_ms": [
          3.5603089332580566,
          3.1715049743652344
        ],
        "stdev_ms": 0.2749259158852903
      },
      "grad_attn_sink": {
        "enabled": true,
        "max_ms": 0.05251999944448471,
        "mean_ms": 0.04714000038802624,
        "median_ms": 0.04714000038802624,
        "min_ms": 0.041760001331567764,
        "samples_ms": [
          0.05251999944448471,
          0.041760001331567764
        ],
        "stdev_ms": 0.007608467631198028
      },
      "grad_kv_zero": {
        "enabled": true,
        "max_ms": 0.025800000876188278,
        "mean_ms": 0.02148000057786703,
        "median_ms": 0.02148000057786703,
        "min_ms": 0.017160000279545784,
        "samples_ms": [
          0.025800000876188278,
          0.017160000279545784
        ],
        "stdev_ms": 0.006109403011341724
      },
      "grad_logits": {
        "enabled": true,
        "max_ms": 0.576803982257843,
        "mean_ms": 0.5708044767379761,
        "median_ms": 0.5708044767379761,
        "min_ms": 0.5648049712181091,
        "samples_ms": [
          0.576803982257843,
          0.5648049712181091
        ],
        "stdev_ms": 0.008484582073728078
      },
      "grad_output_to_fp32": {
        "enabled": true,
        "max_ms": 0.14000099897384644,
        "mean_ms": 0.13952100276947021,
        "median_ms": 0.13952100276947021,
        "min_ms": 0.139041006565094,
        "samples_ms": [
          0.139041006565094,
          0.14000099897384644
        ],
        "stdev_ms": 0.0006788171421164593
      },
      "grad_probs_do_v": {
        "enabled": true,
        "max_ms": 2.3440980911254883,
        "mean_ms": 2.2232764959335327,
        "median_ms": 2.2232764959335327,
        "min_ms": 2.102454900741577,
        "samples_ms": [
          2.3440980911254883,
          2.102454900741577
        ],
        "stdev_ms": 0.1708675385480155
      },
      "grad_q": {
        "enabled": true,
        "max_ms": 2.2899789810180664,
        "mean_ms": 2.2171369791030884,
        "median_ms": 2.2171369791030884,
        "min_ms": 2.1442949771881104,
        "samples_ms": [
          2.2899789810180664,
          2.1442949771881104
        ],
        "stdev_ms": 0.10301414701856888
      },
      "lse_layout": {
        "enabled": true,
        "max_ms": 0.017880000174045563,
        "mean_ms": 0.014119999948889017,
        "median_ms": 0.014119999948889017,
        "min_ms": 0.010359999723732471,
        "samples_ms": [
          0.017880000174045563,
          0.010359999723732471
        ],
        "stdev_ms": 0.005317443312942278
      },
      "make_grad_output": {
        "enabled": true,
        "max_ms": 0.7168059945106506,
        "mean_ms": 0.6759254932403564,
        "median_ms": 0.6759254932403564,
        "min_ms": 0.6350449919700623,
        "samples_ms": [
          0.7168059945106506,
          0.6350449919700623
        ],
        "stdev_ms": 0.057813759333060585
      },
      "probs_exp_mask": {
        "enabled": true,
        "max_ms": 0.9311270117759705,
        "mean_ms": 0.9221870005130768,
        "median_ms": 0.9221870005130768,
        "min_ms": 0.9132469892501831,
        "samples_ms": [
          0.9311270117759705,
          0.9132469892501831
        ],
        "stdev_ms": 0.01264308517575246
      },
      "q_to_fp32": {
        "enabled": true,
        "max_ms": 0.1453620046377182,
        "mean_ms": 0.1448815017938614,
        "median_ms": 0.1448815017938614,
        "min_ms": 0.14440099895000458,
        "samples_ms": [
          0.14440099895000458,
          0.1453620046377182
        ],
        "stdev_ms": 0.0006795336385411445
      },
      "safe_indices": {
        "enabled": true,
        "max_ms": 0.029039999470114708,
        "mean_ms": 0.02448049932718277,
        "median_ms": 0.02448049932718277,
        "min_ms": 0.01992099918425083,
        "samples_ms": [
          0.029039999470114708,
          0.01992099918425083
        ],
        "stdev_ms": 0.006448106939776412
      },
      "scores_qk": {
        "enabled": true,
        "max_ms": 2.6335020065307617,
        "mean_ms": 2.4642590284347534,
        "median_ms": 2.4642590284347534,
        "min_ms": 2.295016050338745,
        "samples_ms": [
          2.6335020065307617,
          2.295016050338745
        ],
        "stdev_ms": 0.2393457149597876
      },
      "sink_probs": {
        "enabled": true,
        "max_ms": 0.09124000370502472,
        "mean_ms": 0.05758000165224075,
        "median_ms": 0.05758000165224075,
        "min_ms": 0.023919999599456787,
        "samples_ms": [
          0.09124000370502472,
          0.023919999599456787
        ],
        "stdev_ms": 0.047602431412553305
      },
      "softmax_dot": {
        "enabled": true,
        "max_ms": 0.5891640186309814,
        "mean_ms": 0.582584023475647,
        "median_ms": 0.582584023475647,
        "min_ms": 0.5760040283203125,
        "samples_ms": [
          0.5891640186309814,
          0.5760040283203125
        ],
        "stdev_ms": 0.00930551838902327
      },
      "valid_mask": {
        "enabled": true,
        "max_ms": 0.05623999983072281,
        "mean_ms": 0.04532000049948692,
        "median_ms": 0.04532000049948692,
        "min_ms": 0.03440000116825104,
        "samples_ms": [
          0.05623999983072281,
          0.03440000116825104
        ],
        "stdev_ms": 0.015443211155338917
      }
    },
    "component_event_sum": {
      "enabled": true,
      "max_ms": 30.72052283026278,
      "mean_ms": 29.86744861630723,
      "median_ms": 29.86744861630723,
      "min_ms": 29.014374402351677,
      "samples_ms": [
        30.72052283026278,
        29.014374402351677
      ],
      "stdev_ms": 1.2064291230867081
    },
    "component_median_sum_ms": 29.86744861630723,
    "iteration_wall": {
      "enabled": true,
      "max_ms": 31.22141899075359,