{
  "device": "cuda",
  "dtype": "bf16",
  "kernel": {
    "avoided_materialized_selected_index_k_bytes": 536870912,
    "block_d": 64,
    "block_h": 64,
    "block_k": 256,
    "dot_block_d": 64,
    "logical_flops": 103045660672,
    "logical_tflops_at_event_median": 27.368035349026716,
    "mode": "full",
    "read": "Given upstream d_index_logits, this probe recomputes gathered LI head logits inside Triton dot tiles and produces gradients for index_q, index_k, and LI weights without writing selected [B,S,K,D] key-index rows. It is a backward slice, not the full SparseLightningIndexerGradKLLoss, because target-prob and KL derivative construction are supplied upstream.",
    "uses_tl_dot": true,
    "workspace": {
      "d_index_k_bytes": 524288,
      "d_index_q_bytes": 134217728,
      "d_weights_bytes": 1048576,
      "head_logits_materialized_bytes": 0,
      "selected_index_k_materialized_bytes": 0,
      "valid_edges": 1572352
    }
  },
  "max_abs_diff": null,
  "reference": null,
  "scope": "triton_gathered_mfma_li_index_backward_probe",
  "seed": 1234,
  "shape": {
    "batch": 1,
    "compress_ratio": 4,
    "groups": 1024,
    "head_dim": 128,
    "index_pattern": "shifted",
    "n_heads": 64,
    "seq_len": 4096,
    "topk": 512,
    "valid_edges": 1572352
  },
  "status": "passed",
  "timing": {
    "cuda_event": {
      "enabled": true,
      "max_ms": 3.9010848999023438,
      "mean_ms": 3.778915286064148,
      "median_ms": 3.7651829719543457,
      "min_ms": 3.7388429641723633,
      "samples_ms": [
        3.9010848999023438,
        3.7921640872955322,
        3.7574830055236816,
        3.763123035430908,
        3.759643077850342,
        3.7860829830169678,
        3.7388429641723633,
        3.767242908477783,
        3.7512829303741455,
        3.772202968597412
      ],
      "stdev_ms": 0.04568383456466511
    },
    "peak_memory_allocated_bytes": 364642304,
    "peak_memory_allocated_gib": 0.339599609375,
    "timed_iters": 10,
    "wall": {
      "enabled": true,
      "max_ms": 3.940886934287846,
      "mean_ms": 3.799681505188346,
      "median_ms": 3.7839225260540843,
      "min_ms": 3.7571570137515664,
      "samples_ms": [
        3.940886934287846,
        3.8114680210128427,
        3.7760880077257752,
        3.7822480080649257,
        3.778556943871081,
        3.805067972280085,
        3.7571570137515664,
        3.785597044043243,
        3.7697580410167575,
        3.7899870658293366
      ],
      "stdev_ms": 0.052078825411015696
    },
    "warmup_iters": 2
  },
  "triton_grad_norms": {
    "index_k": 80091.9375,
    "index_q": 80530.125,
    "weights": 80321.9921875
  }
}
