{
  "device": "cuda",
  "dtype": "bf16",
  "kernel": {
    "avoided_materialized_selected_index_k_bytes": 536870912,
    "block_d": 64,
    "block_h": 64,
    "block_k": 64,
    "dot_block_d": 64,
    "logical_flops": 51522830336,
    "logical_tflops_at_event_median": 13.245106750452083,
    "mode": "k",
    "read": "Given upstream d_index_logits, this probe recomputes gathered LI head logits inside Triton dot tiles and produces gradients for index_q, index_k, and LI weights without writing selected [B,S,K,D] key-index rows. It is a backward slice, not the full SparseLightningIndexerGradKLLoss, because target-prob and KL derivative construction are supplied upstream.",
    "uses_tl_dot": true,
    "workspace": {
      "d_index_k_bytes": 524288,
      "d_index_q_bytes": 134217728,
      "d_weights_bytes": 1048576,
      "head_logits_materialized_bytes": 0,
      "selected_index_k_materialized_bytes": 0,
      "valid_edges": 1572352
    }
  },
  "max_abs_diff": null,
  "reference": null,
  "scope": "triton_gathered_mfma_li_index_backward_probe",
  "seed": 1234,
  "shape": {
    "batch": 1,
    "compress_ratio": 4,
    "groups": 1024,
    "head_dim": 128,
    "index_pattern": "shifted",
    "n_heads": 64,
    "seq_len": 4096,
    "topk": 512,
    "valid_edges": 1572352
  },
  "status": "passed",
  "timing": {
    "cuda_event": {
      "enabled": true,
      "max_ms": 4.02579402923584,
      "mean_ms": 3.888698089122772,
      "median_ms": 3.889952063560486,
      "min_ms": 3.7839109897613525,
      "samples_ms": [
        3.9479520320892334,
        3.7907509803771973,
        3.804590940475464,
        3.883512020111084,
        3.9026730060577393,
        3.990032911300659,
        3.866312026977539,
        3.881671905517578,
        3.7871909141540527,
        4.01919412612915,
        3.8604719638824463,
        3.9214320182800293,
        3.7981910705566406,
        3.9411919116973877,
        3.901911973953247,
        3.965312957763672,
        3.805471897125244,
        3.8963921070098877,
        3.7839109897613525,
        4.02579402923584
      ],
      "stdev_ms": 0.07751884805354732
    },
    "peak_memory_allocated_bytes": 364642304,
    "peak_memory_allocated_gib": 0.339599609375,
    "timed_iters": 20,
    "wall": {
      "enabled": true,
      "max_ms": 4.048001021146774,
      "mean_ms": 3.909499995643273,
      "median_ms": 3.9086879696696997,
      "min_ms": 3.8041940424591303,
      "samples_ms": [
        3.985621966421604,
        3.8103220285847783,
        3.8234329549595714,
        3.901771968230605,
        3.9220519829541445,
        4.010041942819953,
        3.888732986524701,
        3.903282922692597,
        3.8075430784374475,
        4.03933203779161,
        3.8815729785710573,
        3.9422910194844007,
        3.8163940189406276,
        3.959182067774236,
        3.92580300103873,
        3.9828919107094407,
        3.8234429666772485,
        3.9140930166468024,
        3.8041940424591303,
        4.048001021146774
      ],
      "stdev_ms": 0.078615974547382
    },
    "warmup_iters": 3
  },
  "triton_grad_norms": {
    "index_k": 80091.9375,
    "index_q": 0.0,
    "weights": 0.0
  }
}
