{
  "device": "cuda",
  "dtype": "bf16",
  "kernel": {
    "avoided_materialized_selected_index_k_bytes": 536870912,
    "block_d": 64,
    "block_h": 16,
    "block_k": 64,
    "logical_flops": 25761415168,
    "logical_tflops_at_event_median": 80.8826755321995,
    "mode": "index_logits",
    "read": "The index_logits mode gathers key-index rows inside the Triton tl.dot tile, applies ReLU and LI weights, and atomically reduces H-block partials to [B,S,K]. It intentionally avoids writing the [B,S,K,D] selected key-index buffer and the [B,S,H,K] head-logit workspace used by the scalar prototype.",
    "uses_tl_dot": true,
    "workspace": {
      "head_logits_bytes": 0,
      "index_logits_bytes": 8388608,
      "selected_index_k_materialized_bytes": 0,
      "valid_edges": 1572352
    }
  },
  "max_abs_diff": null,
  "reference": null,
  "scope": "triton_gathered_mfma_li_index_logits_probe",
  "seed": 1234,
  "shape": {
    "batch": 1,
    "compress_ratio": 4,
    "groups": 1024,
    "head_dim": 128,
    "index_pattern": "shifted",
    "n_heads": 64,
    "seq_len": 4096,
    "topk": 512,
    "valid_edges": 1572352
  },
  "status": "passed",
  "timing": {
    "cuda_event": {
      "enabled": true,
      "max_ms": 0.3852840065956116,
      "mean_ms": 0.3212272509932518,
      "median_ms": 0.3185034990310669,
      "min_ms": 0.3058429956436157,
      "samples_ms": [
        0.3852840065956116,
        0.32068300247192383,
        0.30936399102211,
        0.3075230121612549,
        0.3202039897441864,
        0.3176029920578003,
        0.32048299908638,
        0.32384398579597473,
        0.32696300745010376,
        0.31924301385879517,
        0.3162029981613159,
        0.3184030055999756,
        0.3186039924621582,
        0.31472301483154297,
        0.3221629858016968,
        0.31136301159858704,
        0.345643013715744,
        0.3096030056476593,
        0.3058429956436157,
        0.31080299615859985
      ],
      "stdev_ms": 0.017392836838366187
    },
    "peak_memory_allocated_bytes": 114034688,
    "peak_memory_allocated_gib": 0.10620307922363281,
    "timed_iters": 20,
    "wall": {
      "enabled": true,
      "max_ms": 0.42501999996602535,
      "mean_ms": 0.34232104662805796,
      "median_ms": 0.3381245187483728,
      "min_ms": 0.3256089985370636,
      "samples_ms": [
        0.42501999996602535,
        0.3427789779379964,
        0.32966898288577795,
        0.32821891363710165,
        0.33952901139855385,
        0.33724901732057333,
        0.34024904016405344,
        0.3441079752519727,
        0.34659006632864475,
        0.34163903910666704,
        0.3355679800733924,
        0.3383390139788389,
        0.33791002351790667,
        0.3353490028530359,
        0.34272903576493263,
        0.3305888967588544,
        0.36536797415465117,
        0.329479924403131,
        0.3256089985370636,
        0.330429058521986
      ],
      "stdev_ms": 0.02132711692965319
    },
    "warmup_iters": 3
  },
  "triton_norm": null
}
