{
  "backend_path": "sources/wip/torchtitan/torchtitan/models/deepseek_v4/sparse_mla_shared_kv_triton_forward_backend.py",
  "correctness": {
    "candidate_norm": 1378.1890869140625,
    "dkv_atol": 0.1,
    "max_abs_diff": 0.04512214660644531,
    "mean_abs_diff": 0.000771341728977859,
    "passed": true,
    "reference_norm": 1378.19921875
  },
  "device": "cuda",
  "dtype": "bfloat16",
  "read": "This isolates the hard dKV side of sparse MLA backward. The candidate recomputes QK, dO.V, probabilities, and grad logits inside the tile, then atomic-adds directly into shared latent KV gradients. It intentionally avoids materialized selected KV, probs, grad_logits, and grad_selected tensors.",
  "scope": "sparse_mla_shared_latent_kv_backward_dkv_recompute_triton_probe",
  "seed": 1234,
  "shape": {
    "batch": 1,
    "compressed_groups": 1024,
    "csa_count": 512,
    "dim": 512,
    "heads": 64,
    "kv_len": 5120,
    "local_count": 128,
    "materialized_probs_fp32_gib": 0.625,
    "materialized_shared_selected_kv_fp32_gib": 5.0,
    "selected_count": 640,
    "seq_len": 4096
  },
  "status": "passed",
  "tile": {
    "block_d": 256,
    "block_h": 64,
    "block_m": 16
  },
  "timing": {
    "triton_dkv_recompute": {
      "checksum_norm": 1378.1890869140625,
      "event": {
        "enabled": true,
        "max_ms": 16.970247268676758,
        "mean_ms": 16.911341349283855,
        "median_ms": 16.90936851501465,
        "min_ms": 16.854408264160156,
        "samples_ms": [
          16.970247268676758,
          16.854408264160156,
          16.90936851501465
        ],
        "stdev_ms": 0.0579446960311263
      },
      "label": "triton_dkv_recompute",
      "peak_memory_allocated_bytes": 922749440,
      "peak_memory_allocated_gib": 0.859377384185791,
      "wall": {
        "enabled": true,
        "max_ms": 17.06099498551339,
        "mean_ms": 16.95284767386814,
        "median_ms": 16.92526403348893,
        "min_ms": 16.8722840026021,
        "samples_ms": [
          17.06099498551339,
          16.8722840026021,
          16.92526403348893
        ],
        "stdev_ms": 0.09733242871861042
      }
    }
  }
}
