{
  "device": "cuda",
  "dtype": "bf16",
  "kernel": {
    "avoided_materialized_selected_index_k_bytes": 536870912,
    "block_d": 64,
    "block_h": 64,
    "block_k": 512,
    "dot_block_d": 64,
    "logical_flops": 103045660672,
    "logical_tflops_at_event_median": 30.39247211338729,
    "mode": "full",
    "read": "Given upstream d_index_logits, this probe recomputes gathered LI head logits inside Triton dot tiles and produces gradients for index_q, index_k, and LI weights without writing selected [B,S,K,D] key-index rows. It is a backward slice, not the full SparseLightningIndexerGradKLLoss, because target-prob and KL derivative construction are supplied upstream.",
    "uses_tl_dot": true,
    "workspace": {
      "d_index_k_bytes": 524288,
      "d_index_q_bytes": 134217728,
      "d_weights_bytes": 1048576,
      "head_logits_materialized_bytes": 0,
      "selected_index_k_materialized_bytes": 0,
      "valid_edges": 1572352
    }
  },
  "max_abs_diff": null,
  "reference": null,
  "scope": "triton_gathered_mfma_li_index_backward_probe",
  "seed": 1234,
  "shape": {
    "batch": 1,
    "compress_ratio": 4,
    "groups": 1024,
    "head_dim": 128,
    "index_pattern": "shifted",
    "n_heads": 64,
    "seq_len": 4096,
    "topk": 512,
    "valid_edges": 1572352
  },
  "status": "passed",
  "timing": {
    "cuda_event": {
      "enabled": true,
      "max_ms": 3.543401002883911,
      "mean_ms": 3.407999610900879,
      "median_ms": 3.390499472618103,
      "min_ms": 3.360959053039551,
      "samples_ms": [
        3.543401002883911,
        3.4485199451446533,
        3.3679590225219727,
        3.403839111328125,
        3.360959053039551,
        3.3935999870300293,
        3.3873989582061768,
        3.40575909614563,
        3.3827600479125977,
        3.3857998847961426
      ],
      "stdev_ms": 0.053307729625992936
    },
    "peak_memory_allocated_bytes": 364642304,
    "peak_memory_allocated_gib": 0.339599609375,
    "timed_iters": 10,
    "wall": {
      "enabled": true,
      "max_ms": 3.586017992347479,
      "mean_ms": 3.428942780010402,
      "median_ms": 3.408719494473189,
      "min_ms": 3.379627945832908,
      "samples_ms": [
        3.586017992347479,
        3.4676279174163938,
        3.3872389467433095,
        3.4231989411637187,
        3.379627945832908,
        3.412529011256993,
        3.4049099776893854,
        3.423679037950933,
        3.400829038582742,
        3.4037689911201596
      ],
      "stdev_ms": 0.06025142960718854
    },
    "warmup_iters": 2
  },
  "triton_grad_norms": {
    "index_k": 80091.9375,
    "index_q": 80530.125,
    "weights": 80321.9921875
  }
}
