{
  "device": "cuda",
  "dtype": "bfloat16",
  "environment": {
    "TORCHTITAN_DSV4_TRITON_SPARSE_MQA_BLOCK_D": "128",
    "TORCHTITAN_DSV4_TRITON_SPARSE_MQA_BLOCK_H": "8",
    "TORCHTITAN_DSV4_TRITON_SPARSE_MQA_BLOCK_N": "128"
  },
  "lse_atol": 0.02,
  "max_lse_abs_diff": null,
  "max_output_abs_diff": null,
  "output_atol": 0.02,
  "output_checksum": 0.0015139501774683595,
  "requires_grad": false,
  "scope": "synthetic_shared_kv_sparse_mqa_triton_forward",
  "seed": 1234,
  "shape": {
    "batch": 1,
    "compress_ratio": 4,
    "compressed_groups": 1024,
    "csa_count": 512,
    "dim": 512,
    "heads": 64,
    "kv_len": 5120,
    "local_count": 128,
    "selected_count": 640,
    "seq_len": 4096
  },
  "skip_correctness": true,
  "status": "passed",
  "timing": {
    "cuda_event": {
      "enabled": true,
      "max_ms": 8.465093612670898,
      "mean_ms": 8.263651847839355,
      "median_ms": 8.221092224121094,
      "min_ms": 8.104769706726074,
      "samples_ms": [
        8.465093612670898,
        8.221092224121094,
        8.104769706726074
      ],
      "stdev_ms": 0.18389350308565458
    },
    "iters": 3,
    "peak_memory_allocated_bytes": 832569856,
    "peak_memory_allocated_gib": 0.7753911018371582,
    "wall": {
      "enabled": true,
      "max_ms": 8.507492020726204,
      "mean_ms": 8.28928166689972,
      "median_ms": 8.239701972343028,
      "min_ms": 8.120651007629931,
      "samples_ms": [
        8.507492020726204,
        8.239701972343028,
        8.120651007629931
      ],
      "stdev_ms": 0.1981290032720827
    },
    "warmup_iters": 1
  }
}
