{
  "additive_step2_rank_summary_s": {
    "accumulated_loss_reduce_s": {
      "max": 0.365651,
      "mean": 0.360024,
      "median": 0.358444,
      "min": 0.357555,
      "n": 4
    },
    "backward_s": {
      "max": 20.846193,
      "mean": 20.845657,
      "median": 20.845619,
      "min": 20.845198,
      "n": 4
    },
    "forward_backward_call_s": {
      "max": 34.290647,
      "mean": 34.286311,
      "median": 34.288979,
      "min": 34.276638,
      "n": 4
    },
    "forward_s": {
      "max": 7.065776,
      "mean": 7.043151,
      "median": 7.049922,
      "min": 7.006985,
      "n": 4
    },
    "grad_clip_s": {
      "max": 0.056684,
      "mean": 0.053261,
      "median": 0.052985,
      "min": 0.05039,
      "n": 4
    },
    "loss_s": {
      "max": 0.982057,
      "mean": 0.9815,
      "median": 0.981598,
      "min": 0.980748,
      "n": 4
    },
    "microbatch_fwdbwd_s": {
      "max": 34.293862,
      "mean": 34.289881,
      "median": 34.292336,
      "min": 34.280992,
      "n": 4
    },
    "optimizer_step_s": {
      "max": 0.088259,
      "mean": 0.087025,
      "median": 0.087259,
      "min": 0.085321,
      "n": 4
    },
    "step_gpu_s": {
      "max": 34.885477,
      "mean": 34.884427,
      "median": 34.884768,
      "min": 34.882695,
      "n": 4
    },
    "step_wall_s": {
      "max": 34.885511,
      "mean": 34.88446,
      "median": 34.884799,
      "min": 34.882731,
      "n": 4
    },
    "wrapper_residual_s": {
      "max": 5.459709,
      "mean": 5.419572,
      "median": 5.41493,
      "min": 5.388721,
      "n": 4
    }
  },
  "date_utc": "2026-06-06",
  "derived_summary_s": {
    "backward_residual_after_named_s": {
      "max": 8.944583,
      "mean": 8.877977,
      "median": 8.869067,
      "min": 8.829189,
      "n": 4
    },
    "backward_s": {
      "max": 20.846193,
      "mean": 20.845657,
      "median": 20.845619,
      "min": 20.845198,
      "n": 4
    },
    "dense_linear_backward_s": {
      "max": 1.974665,
      "mean": 1.914415,
      "median": 1.925328,
      "min": 1.832338,
      "n": 4
    },
    "mori_named_backward_s": {
      "max": 6.830991,
      "mean": 6.815864,
      "median": 6.81394,
      "min": 6.804586,
      "n": 4
    },
    "sharedkv_backward_s": {
      "max": 3.239273,
      "mean": 3.237401,
      "median": 3.237183,
      "min": 3.235966,
      "n": 4
    }
  },
  "dsv4_profile_step2_rank_total_summary_s": {
    "dense_linear_groups": {
      "attention_projection_dinput": {
        "max": 0.574215,
        "mean": 0.537623,
        "median": 0.538869,
        "min": 0.498539,
        "n": 4
      },
      "attention_projection_dweight": {
        "max": 0.657532,
        "mean": 0.640427,
        "median": 0.637917,
        "min": 0.628341,
        "n": 4
      },
      "indexer_dweight": {
        "max": 0.048988,
        "mean": 0.047666,
        "median": 0.048053,
        "min": 0.04557,
        "n": 4
      },
      "router_dinput": {
        "max": 0.020925,
        "mean": 0.020185,
        "median": 0.020113,
        "min": 0.019588,
        "n": 4
      },
      "router_dweight": {
        "max": 0.016299,
        "mean": 0.016086,
        "median": 0.016176,
        "min": 0.015692,
        "n": 4
      },
      "shared_expert_dinput": {
        "max": 0.519322,
        "mean": 0.504226,
        "median": 0.509505,
        "min": 0.478574,
        "n": 4
      },
      "shared_expert_dweight": {
        "max": 0.155704,
        "mean": 0.148202,
        "median": 0.148299,
        "min": 0.140507,
        "n": 4
      }
    },
    "dense_linear_labels": {
      "dsv4.linear.attention.wkv_a": {
        "max": 0.035635,
        "mean": 0.034452,
        "median": 0.034235,
        "min": 0.033705,
        "n": 4
      },
      "dsv4.linear.attention.wkv_b": {
        "max": 0.041416,
        "mean": 0.03984,
        "median": 0.040005,
        "min": 0.037934,
        "n": 4
      },
      "dsv4.linear.attention.wo": {
        "max": 0.874268,
        "mean": 0.850799,
        "median": 0.855001,
        "min": 0.818926,
        "n": 4
      },
      "dsv4.linear.attention.wq_a": {
        "max": 0.041081,
        "mean": 0.040345,
        "median": 0.040211,
        "min": 0.039876,
        "n": 4
      },
      "dsv4.linear.attention.wq_b": {
        "max": 0.224255,
        "mean": 0.212614,
        "median": 0.214881,
        "min": 0.196439,
        "n": 4
      },
      "dsv4.linear.indexer.weights_proj": {
        "max": 0.005074,
        "mean": 0.00504,
        "median": 0.005043,
        "min": 0.005002,
        "n": 4
      },
      "dsv4.linear.indexer.wk": {
        "max": 0.008102,
        "mean": 0.007966,
        "median": 0.00795,
        "min": 0.007862,
        "n": 4
      },
      "dsv4.linear.indexer.wq": {
        "max": 0.03594,
        "mean": 0.03466,
        "median": 0.035034,
        "min": 0.032632,
        "n": 4
      },
      "dsv4.linear.moe.router_gate": {
        "max": 0.036979,
        "mean": 0.036271,
        "median": 0.036109,
        "min": 0.035887,
        "n": 4
      },
      "dsv4.linear.moe.shared_experts.w1": {
        "max": 0.079059,
        "mean": 0.074031,
        "median": 0.074575,
        "min": 0.067917,
        "n": 4
      },
      "dsv4.linear.moe.shared_experts.w2": {
        "max": 0.504724,
        "mean": 0.494262,
        "median": 0.497806,
        "min": 0.476711,
        "n": 4
      },
      "dsv4.linear.moe.shared_experts.w3": {
        "max": 0.088261,
        "mean": 0.084136,
        "median": 0.08459,
        "min": 0.079102,
        "n": 4
      }
    },
    "loss_profile": {
      "chunk_backward": {
        "max": 0.675234,
        "mean": 0.671888,
        "median": 0.672098,
        "min": 0.668123,
        "n": 4
      },
      "cross_entropy_forward": {
        "max": 0.068796,
        "mean": 0.068244,
        "median": 0.068197,
        "min": 0.067784,
        "n": 4
      },
      "lm_head_forward": {
        "max": 0.226845,
        "mean": 0.223863,
        "median": 0.223693,
        "min": 0.22122,
        "n": 4
      }
    },
    "sharedkv": {
      "C128.sharedkv_bwd.grad_attn_sink": {
        "max": 0.107908,
        "mean": 0.107614,
        "median": 0.107657,
        "min": 0.107235,
        "n": 4
      },
      "C128.sharedkv_bwd.query_recompute": {
        "max": 0.690034,
        "mean": 0.689154,
        "median": 0.689086,
        "min": 0.688411,
        "n": 4
      },
      "C4.sharedkv_bwd.grad_attn_sink": {
        "max": 0.108093,
        "mean": 0.107736,
        "median": 0.107673,
        "min": 0.107505,
        "n": 4
      },
      "C4.sharedkv_bwd.query_recompute": {
        "max": 2.33332,
        "mean": 2.332897,
        "median": 2.333242,
        "min": 2.331783,
        "n": 4
      }
    }
  },
  "env_highlights": {
    "CANARY_DSV4_PROFILE_SHAREDKV_BACKWARD": true,
    "CANARY_MORI_AITER_COMPACT_RECOMPUTE_MODE": "expert_loop",
    "CANARY_MORI_AITER_LOCAL_VJP_AITER_WGRAD_OP": "ptgmm",
    "CANARY_MORI_AITER_LOCAL_VJP_MODE": "aiter_compact",
    "CANARY_MORI_SHMEM_HEAP_SIZE": "40G",
    "CANARY_PROFILE_DENSE_LINEAR_BACKWARD": true,
    "CANARY_SHAREDKV_BACKWARD_MODE": "query_recompute",
    "CANARY_SHAREDKV_BLOCK_D": 128,
    "CANARY_SHAREDKV_BLOCK_H": 64,
    "CANARY_SHAREDKV_BLOCK_N": 64,
    "CANARY_SPARSE_MLA_BACKWARD_MODE": "shared_kv",
    "CANARY_SPARSE_MLA_COMPRESS_RATIO_ALLOWLIST": "4,128",
    "IMAGE": "onenexus/nexus-titan:rocm722-pytorch-nightly-mori"
  },
  "host": "do-vunguyen-mi350-gpu",
  "interpretation": {
    "next_profile_target": "Narrow the remaining backward residual with FSDP/autograd/optimizer-lifetime scopes or a torch-profiler trace on the same all-compressed shape; continue MoE fused owner backward and C4 sparse-attention dKV/recompute work in parallel.",
    "promotion_decision": "reject_as_profile_only_due_to_dense_linear_timing_overhead",