{
  "device": "cuda",
  "dtype": "bf16",
  "kernel": {
    "avoided_materialized_selected_index_k_bytes": 536870912,
    "block_d": 64,
    "block_h": 64,
    "block_k": 64,
    "dot_block_d": 64,
    "logical_flops": 103045660672,
    "logical_tflops_at_event_median": 14.656925517985707,
    "mode": "full",
    "read": "Given upstream d_index_logits, this probe recomputes gathered LI head logits inside Triton dot tiles and produces gradients for index_q, index_k, and LI weights without writing selected [B,S,K,D] key-index rows. It is a backward slice, not the full SparseLightningIndexerGradKLLoss, because target-prob and KL derivative construction are supplied upstream.",
    "uses_tl_dot": true,
    "workspace": {
      "d_index_k_bytes": 524288,
      "d_index_q_bytes": 134217728,
      "d_weights_bytes": 1048576,
      "head_logits_materialized_bytes": 0,
      "selected_index_k_materialized_bytes": 0,
      "valid_edges": 1572352
    }
  },
  "max_abs_diff": null,
  "reference": null,
  "scope": "triton_gathered_mfma_li_index_backward_probe",
  "seed": 1234,
  "shape": {
    "batch": 1,
    "compress_ratio": 4,
    "groups": 1024,
    "head_dim": 128,
    "index_pattern": "shifted",
    "n_heads": 64,
    "seq_len": 4096,
    "topk": 512,
    "valid_edges": 1572352
  },
  "status": "passed",
  "timing": {
    "cuda_event": {
      "enabled": true,
      "max_ms": 7.350513935089111,
      "mean_ms": 7.07230167388916,
      "median_ms": 7.030509948730469,
      "min_ms": 6.954198837280273,
      "samples_ms": [
        7.350513935089111,
        7.034070014953613,
        7.0059099197387695,
        6.968471050262451,
        7.2112321853637695,
        7.026949882507324,
        7.091270923614502,
        7.0209197998046875,
        6.954198837280273,
        7.0594801902771
      ],
      "stdev_ms": 0.1213459047176129
    },
    "peak_memory_allocated_bytes": 364642304,
    "peak_memory_allocated_gib": 0.339599609375,
    "timed_iters": 10,
    "wall": {
      "enabled": true,
      "max_ms": 7.402576971799135,
      "mean_ms": 7.0971208973787725,
      "median_ms": 7.051722030155361,
      "min_ms": 6.977637065574527,
      "samples_ms": [
        7.402576971799135,
        7.055087015032768,
        7.026146980933845,
        6.997057003900409,
        7.2324658976867795,
        7.048357045277953,
        7.113386993296444,
        7.040077005513012,
        6.977637065574527,
        7.0784169947728515
      ],
      "stdev_ms": 0.12865169867598772
    },
    "warmup_iters": 2
  },
  "triton_grad_norms": {
    "index_k": 80091.9375,
    "index_q": 80530.125,
    "weights": 80321.9921875
  }
}
