{
  "device": "cuda",
  "dtype": "bf16",
  "kernel": {
    "avoided_materialized_selected_index_k_bytes": 536870912,
    "block_d": 64,
    "block_h": 64,
    "block_k": 512,
    "dot_block_d": 64,
    "logical_flops": 103045660672,
    "logical_tflops_at_event_median": 30.339733602930348,
    "mode": "full",
    "read": "Given upstream d_index_logits, this probe recomputes gathered LI head logits inside Triton dot tiles and produces gradients for index_q, index_k, and LI weights without writing selected [B,S,K,D] key-index rows. It is a backward slice, not the full SparseLightningIndexerGradKLLoss, because target-prob and KL derivative construction are supplied upstream.",
    "uses_tl_dot": true,
    "workspace": {
      "d_index_k_bytes": 524288,
      "d_index_q_bytes": 134217728,
      "d_weights_bytes": 1048576,
      "head_logits_materialized_bytes": 0,
      "selected_index_k_materialized_bytes": 0,
      "valid_edges": 1572352
    }
  },
  "max_abs_diff": null,
  "reference": null,
  "scope": "triton_gathered_mfma_li_index_backward_probe",
  "seed": 1234,
  "shape": {
    "batch": 1,
    "compress_ratio": 4,
    "groups": 1024,
    "head_dim": 128,
    "index_pattern": "shifted",
    "n_heads": 64,
    "seq_len": 4096,
    "topk": 512,
    "valid_edges": 1572352
  },
  "status": "passed",
  "timing": {
    "cuda_event": {
      "enabled": true,
      "max_ms": 3.7527968883514404,
      "mean_ms": 3.461041736602783,
      "median_ms": 3.396393060684204,
      "min_ms": 3.3722329139709473,
      "samples_ms": [
        3.7527968883514404,
        3.4031128883361816,
        3.3722329139709473,
        3.396393060684204,
        3.3806729316711426
      ],
      "stdev_ms": 0.1635561242469962
    },
    "peak_memory_allocated_bytes": 364642304,
    "peak_memory_allocated_gib": 0.339599609375,
    "timed_iters": 5,
    "wall": {
      "enabled": true,
      "max_ms": 3.795226919464767,
      "mean_ms": 3.484848397783935,
      "median_ms": 3.414958016946912,
      "min_ms": 3.391848993487656,
      "samples_ms": [
        3.795226919464767,
        3.4225090639665723,
        3.391848993487656,
        3.414958016946912,
        3.399698995053768
      ],
      "stdev_ms": 0.17392886087412454
    },
    "warmup_iters": 1
  },
  "triton_grad_norms": {
    "index_k": 80091.9375,
    "index_q": 80530.125,
    "weights": 80321.9921875
  }
}
