{
  "scope": "triton_sparse_li_target_probs_dot_probe",
  "status": "passed",
  "device": "cuda",
  "dtype": "bfloat16",
  "shape": {
    "batch": 1,
    "seq_len": 4096,
    "main_heads": 64,
    "head_dim": 512,
    "groups": 1024,
    "topk": 512,
    "compress_ratio": 4,
    "index_pattern": "shifted"
  },
  "kernel": {
    "block_h": 16,
    "block_k": 512,
    "block_d": 64,
    "num_warps": 8
  },
  "correctness": {
    "checked": true,
    "max_abs_diff": {
      "target_probs": 2.9802322387695312e-08
    },
    "atol": 0.02,
    "valid_fraction": 0.749755859375,
    "target_probs_norm": 5.6412153244018555
  },
  "timing": {
    "cuda_event": {
      "enabled": true,
      "samples_ms": [
        1.1017309427261353,
        0.9687700271606445,
        0.9398099780082703
      ],
      "mean_ms": 1.0034369826316833,
      "median_ms": 0.9687700271606445,
      "min_ms": 0.9398099780082703,
      "max_ms": 1.1017309427261353,
      "stdev_ms": 0.08634783179104302
    },
    "wall": {
      "enabled": true,
      "samples_ms": [
        1.157366088591516,
        0.9786160662770271,
        0.9532759431749582
      ],
      "mean_ms": 1.0297526993478339,
      "median_ms": 0.9786160662770271,
      "min_ms": 0.9532759431749582,
      "max_ms": 1.157366088591516,
      "stdev_ms": 0.111240340234115
    },
    "logical_flops": 137438953472,
    "logical_tflops": 141.8695352031256
  },
  "workspace": {
    "triton": {
      "target_probs_bytes": 8388608,
      "selected_main_k_bytes": 0,
      "target_logits_bytes": 0,
      "per_head_probs_bytes": 0
    },
    "reference": {
      "selected_main_k_bytes": 2147483648,
      "target_logits_bytes": 536870912,
      "per_head_probs_bytes": 536870912
    },
    "peak_memory_bytes": 401604608,
    "peak_memory_gib": 0.3740234375,
    "avoids_selected_main_k": true,
    "avoids_per_head_target_logits": true
  },
  "promotion_read": "This isolates target_probs construction for the LI KL producer. It uses shared latent compressed_k with a gathered tl.dot head tile, then sums per-head softmax probabilities directly to [B,S,K]. It does not compute LI index logits or dQ/dK/dW."
}
