{
  "device": "cuda",
  "dtype": "bfloat16",
  "environment": {
    "TORCHTITAN_DSV4_TRITON_SPARSE_MLA_SHAREDKV_BLOCK_D": "128",
    "TORCHTITAN_DSV4_TRITON_SPARSE_MLA_SHAREDKV_BLOCK_H": "16",
    "TORCHTITAN_DSV4_TRITON_SPARSE_MLA_SHAREDKV_BLOCK_N": "128"
  },
  "lse_atol": 0.02,
  "max_lse_abs_diff": null,
  "max_output_abs_diff": null,
  "output_atol": 0.02,
  "output_checksum": 0.0015139507595449686,
  "requires_grad": true,
  "scope": "synthetic_sparse_mla_shared_kv_triton_forward",
  "seed": 1234,
  "shape": {
    "batch": 1,
    "compress_ratio": 4,
    "compressed_groups": 1024,
    "csa_count": 512,
    "dim": 512,
    "heads": 64,
    "kv_len": 5120,
    "local_count": 128,
    "selected_count": 640,
    "seq_len": 4096
  },
  "skip_correctness": true,
  "status": "passed",
  "timing": {
    "cuda_event": {
      "enabled": true,
      "max_ms": 1.8914719820022583,
      "mean_ms": 1.6614887475967408,
      "median_ms": 1.632048487663269,
      "min_ms": 1.5929880142211914,
      "samples_ms": [
        1.7739109992980957,
        1.8914719820022583,
        1.7352299690246582,
        1.7231099605560303,
        1.6956690549850464,
        1.6757889986038208,
        1.673388957977295,
        1.6673890352249146,
        1.6446679830551147,
        1.636309027671814,
        1.6277879476547241,
        1.6217880249023438,
        1.6092679500579834,
        1.6063480377197266,
        1.5929880142211914,
        1.6083879470825195,
        1.610427975654602,
        1.6148680448532104,
        1.6059080362319946,
        1.6150670051574707
      ],
      "stdev_ms": 0.07371656251418791
    },
    "iters": 20,
    "peak_memory_allocated_bytes": 833618432,
    "peak_memory_allocated_gib": 0.7763676643371582,
    "wall": {
      "enabled": true,
      "max_ms": 1.9121699733659625,
      "mean_ms": 1.6771561815403402,
      "median_ms": 1.6464294167235494,
      "min_ms": 1.607429003342986,
      "samples_ms": [
        1.8068390199914575,
        1.9121699733659625,
        1.7503099516034126,
        1.7386589897796512,
        1.7101700650528073,
        1.6908699180930853,
        1.6875090077519417,
        1.682039932347834,
        1.6595099586993456,
        1.6515299212187529,
        1.6413289122283459,
        1.6360700828954577,
        1.6231799963861704,
        1.6201100079342723,
        1.607429003342986,
        1.6220499528571963,
        1.6246900195255876,
        1.6297700349241495,
        1.6196599463000894,
        1.629228936508298
      ],
      "stdev_ms": 0.07650222353277386
    },
    "warmup_iters": 5
  }
}
