{
  "device": "cuda",
  "dtype": "bf16",
  "kernel": {
    "avoided_materialized_selected_index_k_bytes": 536870912,
    "block_d": 64,
    "block_h": 64,
    "block_k": 64,
    "dot_block_d": 64,
    "logical_flops": 103045660672,
    "logical_tflops_at_event_median": 14.539886909713502,
    "mode": "full",
    "read": "Given upstream d_index_logits, this probe recomputes gathered LI head logits inside Triton dot tiles and produces gradients for index_q, index_k, and LI weights without writing selected [B,S,K,D] key-index rows. It is a backward slice, not the full SparseLightningIndexerGradKLLoss, because target-prob and KL derivative construction are supplied upstream.",
    "uses_tl_dot": true,
    "workspace": {
      "d_index_k_bytes": 524288,
      "d_index_q_bytes": 134217728,
      "d_weights_bytes": 1048576,
      "head_logits_materialized_bytes": 0,
      "selected_index_k_materialized_bytes": 0,
      "valid_edges": 1572352
    }
  },
  "max_abs_diff": null,
  "reference": null,
  "scope": "triton_gathered_mfma_li_index_backward_probe",
  "seed": 1234,
  "shape": {
    "batch": 1,
    "compress_ratio": 4,
    "groups": 1024,
    "head_dim": 128,
    "index_pattern": "shifted",
    "n_heads": 64,
    "seq_len": 4096,
    "topk": 512,
    "valid_edges": 1572352
  },
  "status": "passed",
  "timing": {
    "cuda_event": {
      "enabled": true,
      "max_ms": 7.232260227203369,
      "mean_ms": 7.09287281036377,
      "median_ms": 7.087101936340332,
      "min_ms": 6.943098068237305,
      "samples_ms": [
        7.189542770385742,
        7.088381767272949,
        7.085822105407715,
        7.061060905456543,
        6.974300861358643,
        7.093982219696045,
        7.015419960021973,
        7.05265998840332,
        7.063741207122803,
        7.121581077575684,
        7.079861164093018,
        7.126620769500732,
        7.038060188293457,
        7.214982032775879,
        7.09450101852417,
        7.232260227203369,
        7.162899971008301,
        7.136819839477539,
        6.943098068237305,
        7.081860065460205
      ],
      "stdev_ms": 0.07320484713020575
    },
    "peak_memory_allocated_bytes": 364642304,
    "peak_memory_allocated_gib": 0.339599609375,
    "timed_iters": 20,
    "wall": {
      "enabled": true,
      "max_ms": 7.249886984936893,
      "mean_ms": 7.113735395250842,
      "median_ms": 7.1069474797695875,
      "min_ms": 6.962007959373295,
      "samples_ms": [
        7.2295579593628645,
        7.109188009053469,
        7.104706950485706,
        7.079947041347623,
        6.994197960011661,
        7.112278020940721,
        7.033728063106537,
        7.071528001688421,
        7.082386990077794,
        7.140236906707287,
        7.099007023498416,
        7.145266979932785,
        7.056577014736831,
        7.244428037665784,
        7.113555911928415,
        7.249886984936893,
        7.184337009675801,
        7.158897002227604,
        6.962007959373295,
        7.102988078258932
      ],
      "stdev_ms": 0.07576789416071027
    },
    "warmup_iters": 3
  },
  "triton_grad_norms": {
    "index_k": 80091.9375,
    "index_q": 80530.125,
    "weights": 80321.9921875
  }
}
