{
  "balanced_load_stats": {
    "modeled_max_load_reduction_pct_calculated": {
      "count": 1536,
      "max": 8.288062404234573,
      "mean": 3.1717751901555022,
      "median": 3.109023018964016,
      "min": -3.137966804979253,
      "p95": 7.545551247297808
    },
    "owner_max_load_after_rows": {
      "count": 1536,
      "max": 31839.0,
      "mean": 27252.5390625,
      "median": 26943.5,
      "min": 24957.0,
      "p95": 30343.0
    },
    "owner_max_load_before_rows": {
      "count": 1536,
      "max": 32519.0,
      "mean": 28167.783854166668,
      "median": 27875.5,
      "min": 26000.0,
      "p95": 31182.0
    },
    "owner_max_over_mean_after": {
      "count": 1536,
      "max": 1.2955322265625,
      "mean": 1.1089086532592773,
      "median": 1.0963338216145835,
      "min": 1.0155029296875,
      "p95": 1.2346598307291667
    },
    "owner_max_over_mean_before": {
      "count": 1536,
      "max": 1.3232014973958333,
      "mean": 1.1461500591701932,
      "median": 1.1342569986979165,
      "min": 1.0579427083333333,
      "p95": 1.268798828125
    }
  },
  "balanced_numeric_meta_stats": {
    "balanced_moe_modeled_max_load_reduction_pct": {
      "count": 1536,
      "max": 8.288062404234573,
      "mean": 3.1717751901555022,
      "median": 3.109023018964016,
      "min": -3.137966804979253,
      "p95": 7.545551247297808
    },
    "balanced_moe_remote_hot_rows_total": {
      "count": 1536,
      "max": 2849.0,
      "mean": 1934.6666666666667,
      "median": 1958.5,
      "min": 1139.0,
      "p95": 2644.0
    },
    "balanced_moe_selected_rows_total": {
      "count": 1536,
      "max": 3694.0,
      "mean": 2572.9583333333335,
      "median": 2580.5,
      "min": 1549.0,
      "p95": 3485.0
    },
    "balanced_moe_weight_broadcast_grad_reduce_payload_mib": {
      "count": 1536,
      "max": 96.0,
      "mean": 96.0,
      "median": 96.0,
      "min": 96.0,
      "p95": 96.0
    },
    "local_vjp_balanced_moe_top1_remote_rows": {
      "count": 1536,
      "max": 2849.0,
      "mean": 1674.181640625,
      "median": 1575.5,
      "min": 661.0,
      "p95": 2494.0
    },
    "local_vjp_balanced_moe_topk_remote_rows": {
      "count": 1536,
      "max": 11871.0,
      "mean": 8395.712239583334,
      "median": 8333.0,
      "min": 5085.0,
      "p95": 10733.0
    },
    "local_vjp_balanced_moe_topk_remote_share": {
      "count": 1536,
      "max": 0.4865555369408611,
      "mean": 0.34226535634074784,
      "median": 0.3392251285304648,
      "min": 0.2423226195410528,
      "p95": 0.4268815431539032
    },
    "local_vjp_hot_expert_topk_rows": {
      "count": 1536,
      "max": 16192.0,
      "mean": 11195.265625,
      "median": 11109.5,
      "min": 6815.0,
      "p95": 14247.0
    },
    "local_vjp_hot_expert_topk_share": {
      "count": 1536,
      "max": 0.6336907354665773,
      "mean": 0.4563830397017258,
      "median": 0.45232462689692826,
      "min": 0.3356164383561644,
      "p95": 0.5682819383259912
    },
    "local_vjp_max_over_mean_count": {
      "count": 1536,
      "max": 9.989889922993338,
      "mean": 5.802965096061045,
      "median": 5.651791387464559,
      "min": 3.503137762725371,
      "p95": 8.055172413793104
    },
    "local_vjp_padding_multiplier": {
      "count": 1536,
      "max": 9.989889922993338,
      "mean": 5.802965096061045,
      "median": 5.651791387464559,
      "min": 3.503137762725371,
      "p95": 8.055172413793104
    }
  },
  "balanced_record_count": 1536,
  "decision": "mechanism proof only; not promoted because MORI bridge step-1 throughput is far below current standard EP retained path and top-1 planning only models a small owner-load reduction on this 4x smoke.",
  "diagnostic_backend": "mori_ep",
  "record_count": 3072,
  "run_id": "torchtitan_dsv4_flash12_mori_backend_balanced_plan_top1_4x_s4096_gbs128_mbs1_step1_20260606",
  "selected_owner_rank_frequency": {
    "0": 376,
    "1": 248,
    "2": 568,
    "3": 344
  },
  "shape": {
    "ep": 4,
    "fsdp": 4,
    "global_batch_size": 128,
    "gpus": 4,
    "microbatch_size": 1,
    "seq_len": 4096,
    "steps": 1
  },
  "source_timing_jsonl": "/tmp/dsv4_mori_backend_balanced_plan_top1_timing_20260606.jsonl",
  "stage_stats_gpu_ms": {
    "backward.align_grad_output": {
      "count": 1536,
      "max": 0.18380199372768402,
      "mean": 0.06168960289748308,
      "median": 0.05752100050449371,
      "min": 0.03184099867939949,
      "p95": 0.09304100275039673
    },
    "backward.balanced_moe.plan": {
      "count": 1536,
      "max": 205.14215087890625,
      "mean": 3.925063566692794,
      "median": 1.7327365279197693,
      "min": 0.5726050138473511,
      "p95": 12.734800338745117
    },
    "backward.combine_dx.call": {
      "count": 1536,
      "max": 33.13951110839844,
      "mean": 4.142243827770774,
      "median": 2.8897069692611694,
      "min": 0.8732879757881165,
      "p95": 10.204615592956543
    },
    "backward.combine_dx.prepare_full": {
      "count": 1536,
      "max": 0.0801210030913353,
      "mean": 0.06367801746819168,
      "median": 0.06380099803209305,
      "min": 0.04960000142455101,
      "p95": 0.0689999982714653
    },
    "backward.combine_dx.slice_contiguous": {
      "count": 1536,
      "max": 0.028759999200701714,
      "mean": 0.004665165982866408,
      "median": 0.004559999797493219,
      "min": 0.004240000154823065,
      "p95": 0.004800000227987766
    },
    "backward.dispatch_grad_output.call": {
      "count": 1536,
      "max": 2.3059821128845215,
      "mean": 1.486536561860703,
      "median": 1.4582735300064087,
      "min": 0.8159679770469666,
      "p95": 1.8095769882202148
    },
    "backward.dtopk_dense_allreduce.all_reduce": {
      "count": 1536,
      "max": 0.7144870162010193,
      "mean": 0.1714852364627101,
      "median": 0.16736149787902832,
      "min": 0.10088100284337997,
      "p95": 0.2486030012369156
    },
    "backward.dtopk_dense_allreduce.prepare": {
      "count": 1536,
      "max": 0.5528849959373474,
      "mean": 0.12356045312481001,
      "median": 0.12046150118112564,
      "min": 0.10132099688053131,
      "p95": 0.14508099853992462
    },
    "backward.dtopk_dense_allreduce.slice": {
      "count": 1536,
      "max": 0.03320100158452988,
      "mean": 0.004763592403530008,
      "median": 0.004559999797493219,
      "min": 0.00419999985024333,
      "p95": 0.005439999978989363
    },
    "backward.local_vjp.aiter_stage1_recompute": {
      "count": 1536,
      "max": 602.6317138671875,
      "mean": 29.47470745195945,
      "median": 26.701871871948242,
      "min": 21.642963409423828,
      "p95": 33.168312072753906
    },
    "backward.return_casts": {
      "count": 1536,
      "max": 0.03020000085234642,
      "mean": 0.007826887341858916,
      "median": 0.004639999940991402,
      "min": 0.00419999985024333,
      "p95": 0.014720000326633453
    },
    "backward.reuse_forward_dispatch": {
      "count": 1536,
      "max": 0.055640000849962234,
      "mean": 0.007186138676843257,
      "median": 0.006800000090152025,
      "min": 0.004600000102072954,
      "p95": 0.009080000221729279
    },
    "forward.aiter.save_dispatch_for_backward": {
      "count": 1536,
      "max": 881.4595336914062,
      "mean": 2.8013050639613843,
      "median": 0.546924501657486,
      "min": 0.4904850125312805,
      "p95": 0.7242069840431213
    },
    "forward.aiter.save_route_metadata.route_pack": {
      "count": 1536,
      "max": 231.97647094726562,
      "mean": 0.7305839749412067,
      "median": 0.135561004281044,
      "min": 0.1183210015296936,
      "p95": 0.23308199644088745
    },
    "forward.aiter.save_route_metadata.sort_counts": {
      "count": 1536,
      "max": 648.8497314453125,
      "mean": 1.8880437991174404,
      "median": 0.23440200090408325,
      "min": 0.1926420032978058,
      "p95": 0.294842004776001
    },
    "local_aiter_stage1_recompute_vjp.prepare_routes": {
      "count": 1536,