{
  "device": "cuda",
  "dtype": "bfloat16",
  "environment": {
    "TORCHTITAN_DSV4_TRITON_SPARSE_MLA_BLOCK_D": "128",
    "TORCHTITAN_DSV4_TRITON_SPARSE_MLA_BLOCK_H": "2",
    "TORCHTITAN_DSV4_TRITON_SPARSE_MLA_BLOCK_KEYS": "64",
    "TORCHTITAN_DSV4_TRITON_SPARSE_MLA_BLOCK_V": null,
    "TORCHTITAN_DSV4_TRITON_SPARSE_MLA_SCHEDULE": "sglang_head_block",
    "TORCHTITAN_DSV4_TRITON_SPARSE_MLA_SPLIT_SOURCES": null
  },
  "max_output_abs_diff": null,
  "output_atol": 0.01,
  "output_checksum": -7.227270543808118e-05,
  "requires_grad": false,
  "scope": "synthetic_sparse_mla_triton_forward",
  "seed": 1234,
  "shape": {
    "batch": 1,
    "compress_ratio": 4,
    "compressed_groups": 1024,
    "csa_count": 512,
    "head_dim": 512,
    "heads": 64,
    "local_count": 128,
    "selected_count": 640,
    "seq_len": 4096,
    "value_dim": 512
  },
  "skip_correctness": true,
  "status": "passed",
  "timing": {
    "cuda_event": {
      "enabled": true,
      "max_ms": 169.8456573486328,
      "mean_ms": 169.75411478678384,
      "median_ms": 169.8182830810547,
      "min_ms": 169.59840393066406,
      "samples_ms": [
        169.8182830810547,
        169.8456573486328,
        169.59840393066406
      ],
      "stdev_ms": 0.1355423943514668
    },
    "iters": 3,
    "peak_memory_allocated_bytes": 1499987968,
    "peak_memory_allocated_gib": 1.39697265625,
    "wall": {
      "enabled": true,
      "max_ms": 169.90789503324777,
      "mean_ms": 169.82128766054907,
      "median_ms": 169.89989404100925,
      "min_ms": 169.65607390739024,
      "samples_ms": [
        169.89989404100925,
        169.90789503324777,
        169.65607390739024
      ],
      "stdev_ms": 0.14313522328142944
    },
    "warmup_iters": 1
  }
}
