{
  "batch": 1,
  "candidate": null,
  "candidate_kernel_module": "torchtitan.models.deepseek_v4.sparse_mla_triton_forward_backend",
  "candidate_mode": "fused",
  "candidate_vs_target_forward_ratio": 33.36680030822754,
  "device": "cuda",
  "dtype": "bfloat16",
  "environment": {
    "TORCHTITAN_DSV4_TRITON_SPARSE_MLA_BLOCK_KEYS": "64",
    "TORCHTITAN_DSV4_TRITON_SPARSE_MLA_BLOCK_V": "128"
  },
  "flavor": "flash_4layer",
  "layer_id": 2,
  "max_output_abs_diff": null,
  "output_atol": 0.01,
  "reference": null,
  "reference_kernel_module": null,
  "reference_mode": "manual_stream",
  "scope": "forward_only_no_grad",
  "seed": 1234,
  "seq_len": 4096,
  "status": "passed",
  "target_forward_ms": 3.6,
  "timing": {
    "candidate": {
      "compressed_groups": 1024,
      "cuda_event": {
        "enabled": true,
        "max_ms": 120.4260025024414,
        "mean_ms": 120.12048110961913,
        "median_ms": 120.15821075439453,
        "min_ms": 119.82514953613281,
        "samples_ms": [
          120.27935028076172,
          119.9273910522461,
          120.18913269042969,
          120.15251159667969,
          120.16390991210938,
          119.95162963867188,
          120.19302368164062,
          120.09671020507812,
          120.4260025024414,
          119.82514953613281
        ],
        "stdev_ms": 0.17796709933141144
      },
      "enabled": true,
      "estimated_selected_state_elements": 171798691840,
      "iters": 10,
      "last_output_checksum": -0.00027945981128141284,
      "peak_memory_allocated_bytes": 7434288128,
      "peak_memory_allocated_gib": 6.923720359802246,
      "requires_grad": false,
      "selected_keys": 640,
      "sparse_skip_reason": null,
      "sparse_used": true,
      "wall": {
        "enabled": true,
        "max_ms": 120.44855207204819,
        "mean_ms": 120.14729871880263,
        "median_ms": 120.1803590520285,
        "min_ms": 119.84663805924356,
        "samples_ms": [
          120.34794094506651,
          119.95083896908909,
          120.2123099938035,
          120.17478910274804,
          120.18592900130898,
          119.97319897636771,
          120.21457101218402,
          120.11821905616671,
          120.44855207204819,
          119.84663805924356
        ],
        "stdev_ms": 0.18323043949893678
      },
      "warmup_iters": 3
    },
    "reference": {
      "enabled": false
    }
  }
}
