{
  "backend_path": "sources/wip/torchtitan/torchtitan/models/deepseek_v4/sparse_mla_shared_kv_triton_forward_backend.py",
  "device": "cuda",
  "dtype": "bfloat16",
  "peak_memory_allocated_bytes": 32109494784,
  "peak_memory_allocated_gib": 29.904297351837158,
  "read": "This profiles the explicit PyTorch backward math currently used by sparse_mla_shared_kv. It intentionally materializes selected KV and probability tensors to expose which parts need fused Triton/HIP replacement first.",
  "scope": "sparse_mla_shared_latent_kv_explicit_backward_component_profile",
  "seed": 1234,
  "shape": {
    "batch": 1,
    "compressed_groups": 1024,
    "csa_count": 512,
    "dim": 512,
    "heads": 64,
    "kv_len": 5120,
    "local_count": 128,
    "materialized_probs_fp32_gib": 0.625,
    "materialized_shared_selected_kv_fp32_gib": 5.0,
    "output_bf16_gib": 0.25,
    "selected_count": 640,
    "seq_len": 4096
  },
  "status": "passed",
  "timed_iters": 3,
  "timing": {
    "by_component": {
      "forward_with_lse": {
        "enabled": true,
        "max_ms": 1.9718539714813232,
        "mean_ms": 1.8713866869608562,
        "median_ms": 1.827733039855957,
        "min_ms": 1.814573049545288,
        "samples_ms": [
          1.9718539714813232,
          1.827733039855957,
          1.814573049545288
        ],
        "stdev_ms": 0.08725567477494856
      },
      "gather_selected_kv_fp32": {
        "enabled": true,
        "max_ms": 3.5012240409851074,
        "mean_ms": 3.276942729949951,
        "median_ms": 3.166182041168213,
        "min_ms": 3.163422107696533,
        "samples_ms": [
          3.5012240409851074,
          3.163422107696533,
          3.166182041168213
        ],
        "stdev_ms": 0.19423821500396982
      },
      "grad_attn_sink": {
        "enabled": true,
        "max_ms": 0.05215999856591225,
        "mean_ms": 0.0420003334681193,
        "median_ms": 0.037641000002622604,
        "min_ms": 0.03620000183582306,
        "samples_ms": [
          0.05215999856591225,
          0.037641000002622604,
          0.03620000183582306
        ],
        "stdev_ms": 0.008827979106435627
      },
      "grad_kv_zero": {
        "enabled": true,
        "max_ms": 0.02483999915421009,
        "mean_ms": 0.018840332825978596,
        "median_ms": 0.016320999711751938,
        "min_ms": 0.015359999611973763,
        "samples_ms": [
          0.02483999915421009,
          0.016320999711751938,
          0.015359999611973763
        ],
        "stdev_ms": 0.005218033857261707
      },
      "grad_logits": {
        "enabled": true,
        "max_ms": 0.5796440243721008,
        "mean_ms": 0.5762040019035339,
        "median_ms": 0.579043984413147,
        "min_ms": 0.569923996925354,
        "samples_ms": [
          0.5796440243721008,
          0.579043984413147,
          0.569923996925354
        ],
        "stdev_ms": 0.005446912784555934
      },
      "grad_output_to_fp32": {
        "enabled": true,
        "max_ms": 0.13996100425720215,
        "mean_ms": 0.13946767151355743,
        "median_ms": 0.13940100371837616,
        "min_ms": 0.139041006565094,
        "samples_ms": [
          0.139041006565094,
          0.13940100371837616,
          0.13996100425720215
        ],
        "stdev_ms": 0.00046360800743390084
      },
      "grad_probs_do_v": {
        "enabled": true,
        "max_ms": 2.3352959156036377,
        "mean_ms": 2.253628969192505,
        "median_ms": 2.2332160472869873,
        "min_ms": 2.1923749446868896,
        "samples_ms": [
          2.3352959156036377,
          2.2332160472869873,
          2.1923749446868896
        ],
        "stdev_ms": 0.07361464879687367
      },
      "grad_q": {
        "enabled": true,
        "max_ms": 2.303936004638672,
        "mean_ms": 2.248375654220581,
        "median_ms": 2.2789359092712402,
        "min_ms": 2.162255048751831,
        "samples_ms": [
          2.303936004638672,
          2.2789359092712402,
          2.162255048751831
        ],
        "stdev_ms": 0.07562288150304271
      },
      "grad_selected_scores": {
        "enabled": true,
        "max_ms": 3.0129809379577637,
        "mean_ms": 2.9844473203023276,
        "median_ms": 2.977299928665161,
        "min_ms": 2.9630610942840576,
        "samples_ms": [
          3.0129809379577637,
          2.9630610942840576,
          2.977299928665161
        ],
        "stdev_ms": 0.025715979536332836
      },
      "grad_selected_sum": {
        "enabled": true,
        "max_ms": 3.1498610973358154,
        "mean_ms": 2.858299414316813,
        "median_ms": 2.717698097229004,
        "min_ms": 2.70733904838562,
        "samples_ms": [
          3.1498610973358154,
          2.70733904838562,
          2.717698097229004
        ],
        "stdev_ms": 0.25255294242374166
      },
      "grad_selected_values": {
        "enabled": true,
        "max_ms": 2.723618984222412,
        "mean_ms": 2.59239133199056,
        "median_ms": 2.548218011856079,
        "min_ms": 2.5053369998931885,
        "samples_ms": [
          2.723618984222412,
          2.548218011856079,
          2.5053369998931885
        ],
        "stdev_ms": 0.11565127681722046
      },
      "lse_layout": {
        "enabled": true,
        "max_ms": 0.016039999201893806,
        "mean_ms": 0.011586666417618593,
        "median_ms": 0.009560000151395798,
        "min_ms": 0.009159999899566174,
        "samples_ms": [
          0.016039999201893806,
          0.009560000151395798,
          0.009159999899566174
        ],
        "stdev_ms": 0.0038618816289460846
      },
      "make_grad_output": {
        "enabled": true,
        "max_ms": 0.7162449955940247,
        "mean_ms": 0.6603380044301351,
        "median_ms": 0.6352450251579285,
        "min_ms": 0.6295239925384521,
        "samples_ms": [
          0.7162449955940247,
          0.6352450251579285,
          0.6295239925384521
        ],
        "stdev_ms": 0.048501302037241206
      },
      "probs_exp_mask": {
        "enabled": true,
        "max_ms": 0.9242460131645203,
        "mean_ms": 0.9163263440132141,
        "median_ms": 0.9140070080757141,
        "min_ms": 0.910726010799408,
        "samples_ms": [
          0.9242460131645203,
          0.910726010799408,
          0.9140070080757141
        ],
        "stdev_ms": 0.007052099359864042
      },
      "q_to_fp32": {
        "enabled": true,
        "max_ms": 0.14932100474834442,
        "mean_ms": 0.14604100088278452,
        "median_ms": 0.14580099284648895,
        "min_ms": 0.1430010050535202,
        "samples_ms": [
          0.14932100474834442,
          0.14580099284648895,
          0.1430010050535202
        ],
        "stdev_ms": 0.0031668283705877398
      },
      "safe_indices": {
        "enabled": true,
        "max_ms": 0.029400000348687172,
        "mean_ms": 0.021973333631952603,
        "median_ms": 0.01892000064253807,
        "min_ms": 0.01759999990463257,
        "samples_ms": [
          0.029400000348687172,
          0.01892000064253807,
          0.01759999990463257
        ],
        "stdev_ms": 0.006465457012316107
      },
      "scatter_grad_kv": {
        "enabled": true,
        "max_ms": 21.458791732788086,
        "mean_ms": 21.377121607462566,
        "median_ms": 21.343503952026367,
        "min_ms": 21.329069137573242,
        "samples_ms": [
          21.458791732788086,
          21.329069137573242,
          21.343503952026367
        ],
        "stdev_ms": 0.07109569603772613
      },
      "scores_qk": {
        "enabled": true,
        "max_ms": 2.6175379753112793,
        "mean_ms": 2.452284018198649,
        "median_ms": 2.415537118911743,
        "min_ms": 2.323776960372925,
        "samples_ms": [
          2.6175379753112793,
          2.323776960372925,
          2.415537118911743
        ],
        "stdev_ms": 0.15028850398418547
      },
      "sink_probs": {
        "enabled": true,
        "max_ms": 0.07760000228881836,
        "mean_ms": 0.04344000046451887,