{
  "device": "cuda",
  "dtype": "bfloat16",
  "environment": {
    "TORCHTITAN_DSV4_TRITON_SPARSE_MLA_SHAREDKV_BLOCK_D": "128",
    "TORCHTITAN_DSV4_TRITON_SPARSE_MLA_SHAREDKV_BLOCK_H": "16",
    "TORCHTITAN_DSV4_TRITON_SPARSE_MLA_SHAREDKV_BLOCK_N": "32"
  },
  "lse_atol": 0.05,
  "max_lse_abs_diff": 4.76837158203125e-07,
  "max_output_abs_diff": 0.0078125,
  "output_atol": 0.03,
  "output_checksum": 0.02194969542324543,
  "requires_grad": false,
  "scope": "synthetic_sparse_mla_shared_kv_triton_forward",
  "seed": 1234,
  "shape": {
    "batch": 1,
    "compress_ratio": 4,
    "compressed_groups": 16,
    "csa_count": 16,
    "dim": 128,
    "heads": 16,
    "kv_len": 80,
    "local_count": 16,
    "selected_count": 32,
    "seq_len": 64
  },
  "skip_correctness": false,
  "status": "passed",
  "timing": {
    "cuda_event": {
      "enabled": true,
      "max_ms": 0.06308099627494812,
      "mean_ms": 0.05316033214330673,
      "median_ms": 0.050360001623630524,
      "min_ms": 0.04603999853134155,
      "samples_ms": [
        0.06308099627494812,
        0.050360001623630524,
        0.04603999853134155
      ],
      "stdev_ms": 0.008858910163726324
    },
    "iters": 3,
    "peak_memory_allocated_bytes": 82496000,
    "peak_memory_allocated_gib": 0.07683038711547852,
    "wall": {
      "enabled": true,
      "max_ms": 0.09169999975711107,
      "mean_ms": 0.07235367471973102,
      "median_ms": 0.06511097308248281,
      "min_ms": 0.06025005131959915,
      "samples_ms": [
        0.09169999975711107,
        0.06511097308248281,
        0.06025005131959915
      ],
      "stdev_ms": 0.016929777300224238
    },
    "warmup_iters": 1
  }
}
