{
  "device": "cuda",
  "dtype": "bf16",
  "kernel": {
    "avoided_materialized_selected_index_k_bytes": 536870912,
    "block_d": 64,
    "block_h": 64,
    "block_k": 512,
    "dot_block_d": 64,
    "logical_flops": 51522830336,
    "logical_tflops_at_event_median": 76.07669820946059,
    "mode": "q_w",
    "read": "Given upstream d_index_logits, this probe recomputes gathered LI head logits inside Triton dot tiles and produces gradients for index_q, index_k, and LI weights without writing selected [B,S,K,D] key-index rows. It is a backward slice, not the full SparseLightningIndexerGradKLLoss, because target-prob and KL derivative construction are supplied upstream.",
    "uses_tl_dot": true,
    "workspace": {
      "d_index_k_bytes": 524288,
      "d_index_q_bytes": 134217728,
      "d_weights_bytes": 1048576,
      "head_logits_materialized_bytes": 0,
      "selected_index_k_materialized_bytes": 0,
      "valid_edges": 1572352
    }
  },
  "max_abs_diff": null,
  "reference": null,
  "scope": "triton_gathered_mfma_li_index_backward_probe",
  "seed": 1234,
  "shape": {
    "batch": 1,
    "compress_ratio": 4,
    "groups": 1024,
    "head_dim": 128,
    "index_pattern": "shifted",
    "n_heads": 64,
    "seq_len": 4096,
    "topk": 512,
    "valid_edges": 1572352
  },
  "status": "passed",
  "timing": {
    "cuda_event": {
      "enabled": true,
      "max_ms": 0.831570029258728,
      "mean_ms": 0.6992047011852265,
      "median_ms": 0.6772485077381134,
      "min_ms": 0.6569280028343201,
      "samples_ms": [
        0.831570029258728,
        0.6948090195655823,
        0.6569280028343201,
        0.6727679967880249,
        0.676367998123169,
        0.6728879809379578,
        0.6781290173530579,
        0.6584489941596985,
        0.7150089740753174,
        0.7351289987564087
      ],
      "stdev_ms": 0.05258405728902021
    },
    "peak_memory_allocated_bytes": 364642304,
    "peak_memory_allocated_gib": 0.339599609375,
    "timed_iters": 10,
    "wall": {
      "enabled": true,
      "max_ms": 0.8746280800551176,
      "mean_ms": 0.7226306130178273,
      "median_ms": 0.6963625201024115,
      "min_ms": 0.6759969983249903,
      "samples_ms": [
        0.8746280800551176,
        0.7225470617413521,
        0.6759969983249903,
        0.6925880443304777,
        0.6960079772397876,
        0.6911579985171556,
        0.6967170629650354,
        0.6771270418539643,
        0.7368689402937889,
        0.7626669248566031
      ],
      "stdev_ms": 0.06002545794426866
    },
    "warmup_iters": 2
  },
  "triton_grad_norms": {
    "index_k": 0.0,
    "index_q": 80530.125,
    "weights": 80321.9921875
  }
}
